step,hours,val_loss,train_loss_epoch,train_loss_step,lr-AdamW,epoch,gradient_2norm
28,0.0001,,,1.3472,1.4e-06,0,1.42704
57,0.0017,,,1.25894,2.85e-06,0,1.30452
86,0.0033,,,1.20411,4.3e-06,0,0.81375
115,0.0049,,,1.17232,5.75e-06,0,0.69517
144,0.0065,,,1.08734,7.2e-06,0,0.52936
173,0.0081,,,1.04761,8.65e-06,0,0.461392
202,0.0097,,,0.992163,1.01e-05,0,0.37413
231,0.0113,,,0.934585,1.155e-05,0,0.339885
260,0.0129,,,0.942137,1.3e-05,0,0.336243
289,0.0146,,,0.850036,1.445e-05,0,0.334151
318,0.0162,,,0.819057,1.59e-05,0,0.399262
347,0.0178,,,0.755152,1.735e-05,0,0.339487
376,0.0194,,,0.766905,1.88e-05,0,0.605146
405,0.0209,,,0.731688,2.025e-05,0,0.55071
434,0.0225,,,0.625114,2.17e-05,0,0.566798
453,0.0270,0.609316,0.964214,,,0,
463,0.0279,,,0.61188,2.315e-05,1,0.747628
492,0.0295,,,0.583766,2.46e-05,1,0.436108
521,0.0311,,,0.572839,2.605e-05,1,0.87279
550,0.0327,,,0.5241,2.75e-05,1,0.903304
579,0.0342,,,0.549051,2.895e-05,1,0.630987
608,0.0358,,,0.503095,3.04e-05,1,0.75978
637,0.0374,,,0.46808,3.185e-05,1,0.523302
666,0.0390,,,0.465234,3.33e-05,1,1.36187
695,0.0406,,,0.458028,3.475e-05,1,0.581947
724,0.0422,,,0.437586,3.62e-05,1,1.0029
753,0.0438,,,0.457549,3.765e-05,1,0.256633
782,0.0454,,,0.480361,3.91e-05,1,0.866701
811,0.0471,,,0.423291,4.055e-05,1,0.570192
840,0.0487,,,0.418355,4.2e-05,1,0.890715
869,0.0503,,,0.399635,4.345e-05,1,0.236638
898,0.0519,,,0.412857,4.49e-05,1,0.982766
907,0.0558,0.391289,0.484684,,,1,
927,0.0572,,,0.416954,4.635e-05,2,1.0051
956,0.0588,,,0.387479,4.78e-05,2,0.493795
985,0.0604,,,0.391169,4.925e-05,2,0.73713
1014,0.0620,,,0.394217,5e-05,2,0.612777
1043,0.0637,,,0.384639,5e-05,2,0.284629
1072,0.0653,,,0.373017,4.99999e-05,2,0.337061
1101,0.0669,,,0.395849,4.99999e-05,2,0.632498
1130,0.0685,,,0.360087,4.99998e-05,2,0.658445
1159,0.0701,,,0.360826,4.99997e-05,2,0.262857
1188,0.0717,,,0.354321,4.99996e-05,2,0.400585
1217,0.0733,,,0.379231,4.99995e-05,2,0.39311
1246,0.0749,,,0.355791,4.99993e-05,2,0.227673
1275,0.0765,,,0.387546,4.99991e-05,2,1.01008
1304,0.0782,,,0.376494,4.99989e-05,2,0.379191
1333,0.0798,,,0.366273,4.99987e-05,2,0.260129
1361,0.0847,0.348724,0.374917,,,2,
1362,0.0851,,,0.351457,4.99985e-05,3,0.51507
1391,0.0868,,,0.357106,4.99983e-05,3,0.466952
1420,0.0884,,,0.354791,4.9998e-05,3,0.708899
1449,0.0901,,,0.336229,4.99977e-05,3,0.503909
1478,0.0917,,,0.357123,4.99974e-05,3,0.551631
1507,0.0933,,,0.349337,4.99971e-05,3,0.29831
1536,0.0951,,,0.338865,4.99967e-05,3,0.407351
1565,0.0967,,,0.347978,4.99964e-05,3,0.932665
1594,0.0985,,,0.355751,4.9996e-05,3,0.499425
1623,0.1002,,,0.335539,4.99956e-05,3,0.472176
1652,0.1018,,,0.341398,4.99952e-05,3,0.344064
1681,0.1034,,,0.329877,4.99947e-05,3,0.306699
1710,0.1050,,,0.340215,4.99943e-05,3,0.471594
1739,0.1066,,,0.328375,4.99938e-05,3,0.43269
1768,0.1082,,,0.343735,4.99933e-05,3,0.612731
1797,0.1098,,,0.36177,4.99928e-05,3,0.705359
1815,0.1142,0.330231,0.347426,,,3,
1826,0.1151,,,0.353785,4.99922e-05,4,0.404173
1855,0.1167,,,0.336785,4.99917e-05,4,0.483709
1884,0.1183,,,0.326674,4.99911e-05,4,0.35829
1913,0.1199,,,0.337095,4.99905e-05,4,0.892374
1942,0.1215,,,0.331446,4.99899e-05,4,0.365716
1971,0.1232,,,0.33177,4.99892e-05,4,0.473943
2000,0.1248,,,0.334361,4.99886e-05,4,0.530394
2029,0.1264,,,0.313201,4.99879e-05,4,0.203961
2058,0.1280,,,0.318879,4.99872e-05,4,0.803759
2087,0.1296,,,0.343977,4.99865e-05,4,0.319888
2116,0.1312,,,0.326303,4.99858e-05,4,0.314056
2145,0.1328,,,0.33145,4.9985e-05,4,0.247706
2174,0.1344,,,0.336023,4.99843e-05,4,0.402625
2203,0.1360,,,0.320395,4.99835e-05,4,0.258968
2232,0.1377,,,0.327369,4.99827e-05,4,0.417128
2261,0.1392,,,0.316841,4.99819e-05,4,0.677577
2269,0.1431,0.322041,0.333164,,,4,
2290,0.1446,,,0.310739,4.9981e-05,5,0.314268
2319,0.1462,,,0.323509,4.99802e-05,5,0.282484
2348,0.1478,,,0.338989,4.99793e-05,5,0.278109
2377,0.1494,,,0.328683,4.99784e-05,5,0.459549
2406,0.1510,,,0.314453,4.99775e-05,5,0.447469
2435,0.1526,,,0.324295,4.99765e-05,5,0.439608
2464,0.1542,,,0.32072,4.99756e-05,5,0.69859
2493,0.1559,,,0.313688,4.99746e-05,5,0.710589
2522,0.1575,,,0.327572,4.99736e-05,5,0.358884
2551,0.1591,,,0.312404,4.99726e-05,5,0.66022
2580,0.1607,,,0.320786,4.99715e-05,5,0.616054
2609,0.1623,,,0.332994,4.99705e-05,5,0.342966
2638,0.1639,,,0.334881,4.99694e-05,5,0.484415
2667,0.1655,,,0.337233,4.99683e-05,5,0.633839
2696,0.1671,,,0.320912,4.99672e-05,5,0.274361
2723,0.1720,0.314758,0.32606,,,5,
2725,0.1725,,,0.335227,4.99661e-05,6,0.186832
2754,0.1741,,,0.316523,4.99649e-05,6,0.495999
2783,0.1757,,,0.307566,4.99637e-05,6,0.393964
2812,0.1773,,,0.31843,4.99626e-05,6,0.364778
2841,0.1789,,,0.301577,4.99614e-05,6,0.417315
2870,0.1805,,,0.338919,4.99601e-05,6,0.302597
2899,0.1821,,,0.322295,4.99589e-05,6,0.307283
2928,0.1837,,,0.325328,4.99576e-05,6,0.260977
2957,0.1854,,,0.338314,4.99563e-05,6,0.285922
2986,0.1870,,,0.32811,4.9955e-05,6,0.215214
3015,0.1886,,,0.343674,4.99537e-05,6,0.33828
3044,0.1902,,,0.332849,4.99524e-05,6,0.263891
3073,0.1918,,,0.332622,4.9951e-05,6,0.319601
3102,0.1934,,,0.309392,4.99496e-05,6,0.544869
3131,0.1950,,,0.344689,4.99482e-05,6,0.201308
3160,0.1966,,,0.296375,4.99468e-05,6,0.491058
3177,0.2009,0.311824,0.321135,,,6,
3189,0.2019,,,0.339876,4.99454e-05,7,0.275064
3218,0.2035,,,0.307038,4.99439e-05,7,0.224562
3247,0.2052,,,0.304394,4.99424e-05,7,0.348158
3276,0.2068,,,0.311063,4.99409e-05,7,0.223342
3305,0.2084,,,0.32444,4.99394e-05,7,0.27488
3334,0.2100,,,0.313261,4.99379e-05,7,0.468399
3363,0.2116,,,0.316386,4.99363e-05,7,0.254626
3392,0.2132,,,0.31563,4.99348e-05,7,0.230665
3421,0.2148,,,0.334159,4.99332e-05,7,0.402556
3450,0.2164,,,0.347751,4.99316e-05,7,0.517982
3479,0.2181,,,0.305622,4.99299e-05,7,0.279553
3508,0.2197,,,0.321947,4.99283e-05,7,0.344704
3537,0.2213,,,0.312175,4.99266e-05,7,0.624141
3566,0.2229,,,0.315789,4.99249e-05,7,0.452339
3595,0.2245,,,0.29887,4.99232e-05,7,0.484446
3624,0.2261,,,0.291667,4.99215e-05,7,0.24685
3631,0.2299,0.309454,0.316422,,,7,
3653,0.2315,,,0.313663,4.99198e-05,8,0.223625
3682,0.2331,,,0.315496,4.9918e-05,8,0.274195
3711,0.2347,,,0.32698,4.99162e-05,8,0.684629
3740,0.2363,,,0.315795,4.99144e-05,8,0.238248
3769,0.2379,,,0.326703,4.99126e-05,8,0.288729
3798,0.2395,,,0.328928,4.99108e-05,8,0.230989
3827,0.2411,,,0.300234,4.99089e-05,8,0.440948
3856,0.2427,,,0.304459,4.9907e-05,8,0.233371
3885,0.2444,,,0.306399,4.99051e-05,8,0.295748
3914,0.2460,,,0.314939,4.99032e-05,8,0.568473
3943,0.2476,,,0.308112,4.99013e-05,8,0.487577
3972,0.2492,,,0.304245,4.98993e-05,8,0.343044
4001,0.2508,,,0.326149,4.98973e-05,8,0.502413
4030,0.2524,,,0.331896,4.98954e-05,8,0.280443
4059,0.2540,,,0.346051,4.98933e-05,8,0.449361
4085,0.2588,0.30618,0.313223,,,8,
4088,0.2594,,,0.31918,4.98913e-05,9,0.393351
4117,0.2610,,,0.30497,4.98893e-05,9,0.276561
4146,0.2626,,,0.300191,4.98872e-05,9,0.418653
4175,0.2642,,,0.309666,4.98851e-05,9,0.532506
4204,0.2658,,,0.293703,4.9883e-05,9,0.424574
4233,0.2674,,,0.312866,4.98809e-05,9,0.210195
4262,0.2691,,,0.313028,4.98787e-05,9,0.297996
4291,0.2707,,,0.320006,4.98766e-05,9,0.277039
4320,0.2723,,,0.306884,4.98744e-05,9,0.254838
4349,0.2739,,,0.311457,4.98722e-05,9,0.304017
4378,0.2755,,,0.32208,4.987e-05,9,0.684421
4407,0.2771,,,0.340126,4.98677e-05,9,0.566525
4436,0.2787,,,0.311996,4.98655e-05,9,0.294143
4465,0.2804,,,0.332794,4.98632e-05,9,0.287917
4494,0.2820,,,0.295222,4.98609e-05,9,0.419139
4523,0.2836,,,0.306836,4.98586e-05,9,0.311414
4539,0.2878,0.303336,0.310259,,,9,
4552,0.2890,,,0.297282,4.98562e-05,10,0.291673
4581,0.2906,,,0.315091,4.98539e-05,10,0.372697
4610,0.2923,,,0.302375,4.98515e-05,10,0.356685
4639,0.2939,,,0.325056,4.98491e-05,10,0.544759
4668,0.2955,,,0.303713,4.98467e-05,10,0.492562
4697,0.2972,,,0.303412,4.98443e-05,10,0.309595
4726,0.2988,,,0.299952,4.98418e-05,10,0.302783
4755,0.3005,,,0.31263,4.98393e-05,10,0.381361
4784,0.3022,,,0.296246,4.98369e-05,10,0.495915
4813,0.3038,,,0.293792,4.98343e-05,10,0.315162
4842,0.3055,,,0.334661,4.98318e-05,10,0.387817
4871,0.3071,,,0.319818,4.98293e-05,10,0.338435
4900,0.3087,,,0.299469,4.98267e-05,10,0.471296
4929,0.3103,,,0.32435,4.98241e-05,10,0.408889
4958,0.3120,,,0.312663,4.98215e-05,10,0.323967
4987,0.3135,,,0.317993,4.98189e-05,10,0.303931
4993,0.3173,0.300651,0.307875,,,10,
5016,0.3189,,,0.306599,4.98163e-05,11,0.549004
5045,0.3205,,,0.299902,4.98136e-05,11,0.421013
5074,0.3221,,,0.295535,4.98109e-05,11,0.338896
5103,0.3237,,,0.307383,4.98082e-05,11,0.613377
5132,0.3253,,,0.287824,4.98055e-05,11,0.318669
5161,0.3270,,,0.300649,4.98028e-05,11,0.270345
5190,0.3286,,,0.322213,4.98e-05,11,0.274138
5219,0.3302,,,0.313819,4.97972e-05,11,0.342533
5248,0.3318,,,0.313468,4.97944e-05,11,0.363678
5277,0.3334,,,0.298281,4.97916e-05,11,0.373757
5306,0.3350,,,0.309556,4.97888e-05,11,0.261966
5335,0.3366,,,0.320495,4.9786e-05,11,0.595401
5364,0.3382,,,0.314779,4.97831e-05,11,0.328201
5393,0.3399,,,0.282623,4.97802e-05,11,0.224777
5422,0.3415,,,0.29994,4.97773e-05,11,0.229538
5447,0.3462,0.299093,0.305761,,,11,
5451,0.3468,,,0.2982,4.97744e-05,12,0.247119
5480,0.3484,,,0.313902,4.97714e-05,12,0.369288
5509,0.3500,,,0.293894,4.97685e-05,12,0.418423
5538,0.3516,,,0.288062,4.97655e-05,12,0.476677
5567,0.3532,,,0.310229,4.97625e-05,12,0.237231
5596,0.3549,,,0.302622,4.97594e-05,12,0.339566
5625,0.3565,,,0.315018,4.97564e-05,12,0.296807
5654,0.3581,,,0.312054,4.97534e-05,12,0.379314
5683,0.3597,,,0.312118,4.97503e-05,12,0.541268
5712,0.3613,,,0.308438,4.97472e-05,12,0.316741
5741,0.3629,,,0.305192,4.97441e-05,12,0.322784
5770,0.3645,,,0.29402,4.97409e-05,12,0.295665
5799,0.3662,,,0.281368,4.97378e-05,12,0.248042
5828,0.3678,,,0.311837,4.97346e-05,12,0.599876
5857,0.3694,,,0.311842,4.97314e-05,12,0.547048
5886,0.3710,,,0.286178,4.97282e-05,12,0.300604
5901,0.3752,0.297102,0.30361,,,12,
5915,0.3764,,,0.30817,4.9725e-05,13,0.44512
5944,0.3780,,,0.31331,4.97217e-05,13,0.299062
5973,0.3796,,,0.325982,4.97184e-05,13,0.337656
6002,0.3812,,,0.318221,4.97152e-05,13,0.305722
6031,0.3828,,,0.31528,4.97119e-05,13,0.441704
6060,0.3845,,,0.271053,4.97085e-05,13,0.282217
6089,0.3861,,,0.287197,4.97052e-05,13,0.419446
6118,0.3877,,,0.29092,4.97018e-05,13,0.288097
6147,0.3893,,,0.288601,4.96984e-05,13,0.388373
6176,0.3909,,,0.296095,4.9695e-05,13,0.281977
6205,0.3926,,,0.300725,4.96916e-05,13,0.339894
6234,0.3942,,,0.310877,4.96882e-05,13,0.294026
6263,0.3958,,,0.299976,4.96847e-05,13,0.223592
6292,0.3974,,,0.301338,4.96812e-05,13,0.283367
6321,0.3990,,,0.296224,4.96778e-05,13,0.322436
6350,0.4006,,,0.283726,4.96742e-05,13,0.537077
6355,0.4043,0.296037,0.30179,,,13,
6379,0.4060,,,0.289744,4.96707e-05,14,0.230946
6408,0.4076,,,0.321501,4.96671e-05,14,0.249784
6437,0.4092,,,0.295683,4.96636e-05,14,0.47924
6466,0.4108,,,0.28948,4.966e-05,14,0.287687
6495,0.4124,,,0.287672,4.96564e-05,14,0.491141
6524,0.4141,,,0.280515,4.96528e-05,14,0.342963
6553,0.4157,,,0.300832,4.96491e-05,14,0.285129
6582,0.4173,,,0.295579,4.96454e-05,14,0.399768
6611,0.4189,,,0.293367,4.96418e-05,14,0.313014
6640,0.4205,,,0.28623,4.9638e-05,14,0.422725
6669,0.4221,,,0.298087,4.96343e-05,14,0.339925
6698,0.4237,,,0.29158,4.96306e-05,14,0.261121
6727,0.4253,,,0.290544,4.96268e-05,14,0.285393
6756,0.4270,,,0.29375,4.9623e-05,14,0.350311
6785,0.4286,,,0.290321,4.96192e-05,14,0.397614
6809,0.4333,0.293349,0.299698,,,14,
6814,0.4339,,,0.310138,4.96154e-05,15,0.467402
6843,0.4356,,,0.308923,4.96116e-05,15,0.268371
6872,0.4372,,,0.309632,4.96077e-05,15,0.415212
6901,0.4388,,,0.295637,4.96039e-05,15,0.406501
6930,0.4404,,,0.297605,4.96e-05,15,0.449596
6959,0.4421,,,0.291333,4.95961e-05,15,0.212841
6988,0.4437,,,0.27629,4.95921e-05,15,0.459048
7017,0.4453,,,0.281366,4.95882e-05,15,0.264537
7046,0.4469,,,0.295975,4.95842e-05,15,0.240773
7075,0.4485,,,0.284292,4.95802e-05,15,0.298069
7104,0.4502,,,0.294589,4.95762e-05,15,0.291883
7133,0.4518,,,0.30754,4.95722e-05,15,0.413712
7162,0.4534,,,0.310718,4.95682e-05,15,0.377874
7191,0.4550,,,0.297032,4.95641e-05,15,0.418014
7220,0.4567,,,0.291853,4.956e-05,15,0.446934
7249,0.4583,,,0.308148,4.95559e-05,15,0.348919
7263,0.4624,0.292293,0.298066,,,15,
7278,0.4636,,,0.306011,4.95518e-05,16,0.282262
7307,0.4652,,,0.299153,4.95476e-05,16,0.319691
7336,0.4669,,,0.297292,4.95435e-05,16,0.30664
7365,0.4685,,,0.314894,4.95393e-05,16,0.307112
7394,0.4701,,,0.296214,4.95351e-05,16,0.411774
7423,0.4717,,,0.291733,4.95309e-05,16,0.365629
7452,0.4733,,,0.275412,4.95267e-05,16,0.283345
7481,0.4750,,,0.301617,4.95224e-05,16,0.426415
7510,0.4766,,,0.29106,4.95182e-05,16,0.280558
7539,0.4782,,,0.295388,4.95139e-05,16,0.370174
7568,0.4798,,,0.279948,4.95096e-05,16,0.262208
7597,0.4815,,,0.304012,4.95052e-05,16,0.279741
7626,0.4831,,,0.27478,4.95009e-05,16,0.419029
7655,0.4847,,,0.303626,4.94965e-05,16,0.382856
7684,0.4863,,,0.310632,4.94921e-05,16,0.343796
7713,0.4879,,,0.302748,4.94877e-05,16,0.262044
7717,0.4916,0.290495,0.296373,,,16,
7742,0.4933,,,0.27816,4.94833e-05,17,0.397181
7771,0.4949,,,0.293524,4.94789e-05,17,0.383894
7800,0.4966,,,0.317888,4.94744e-05,17,0.454927
7829,0.4982,,,0.283417,4.94699e-05,17,0.364001
7858,0.4999,,,0.29388,4.94655e-05,17,0.389083
7887,0.5017,,,0.278619,4.94609e-05,17,0.308387
7916,0.5034,,,0.299553,4.94564e-05,17,0.345724
7945,0.5050,,,0.294152,4.94519e-05,17,0.222479
7974,0.5066,,,0.289187,4.94473e-05,17,0.346706
8003,0.5082,,,0.296178,4.94427e-05,17,0.307329
8032,0.5099,,,0.302841,4.94381e-05,17,0.616891
8061,0.5115,,,0.282639,4.94335e-05,17,0.323596
8090,0.5131,,,0.315198,4.94288e-05,17,0.333226
8119,0.5147,,,0.291036,4.94242e-05,17,0.342304
8148,0.5163,,,0.290946,4.94195e-05,17,0.379892
8171,0.5210,0.289065,0.294458,,,17,
8177,0.5217,,,0.278053,4.94148e-05,18,0.361509
8206,0.5233,,,0.28854,4.941e-05,18,0.410006
8235,0.5249,,,0.311106,4.94053e-05,18,0.267441
8264,0.5265,,,0.325625,4.94006e-05,18,0.366869
8293,0.5281,,,0.296221,4.93958e-05,18,0.272092
8322,0.5297,,,0.301096,4.9391e-05,18,0.404117
8351,0.5313,,,0.297207,4.93862e-05,18,0.230014
8380,0.5330,,,0.299855,4.93813e-05,18,0.394317
8409,0.5346,,,0.304213,4.93765e-05,18,0.299762
8438,0.5362,,,0.285963,4.93716e-05,18,0.229943
8467,0.5378,,,0.283561,4.93667e-05,18,0.206812
8496,0.5394,,,0.279042,4.93618e-05,18,0.258256
8525,0.5410,,,0.281789,4.93569e-05,18,0.486793
8554,0.5426,,,0.295127,4.93519e-05,18,0.300848
8583,0.5443,,,0.300983,4.9347e-05,18,0.347616
8612,0.5459,,,0.286984,4.9342e-05,18,0.260343
8625,0.5500,0.287573,0.292717,,,18,
8641,0.5512,,,0.26687,4.9337e-05,19,0.397396
8670,0.5528,,,0.268599,4.9332e-05,19,0.264377
8699,0.5544,,,0.284131,4.93269e-05,19,0.326318
8728,0.5561,,,0.273026,4.93219e-05,19,0.352509
8757,0.5577,,,0.276825,4.93168e-05,19,0.360341
8786,0.5593,,,0.285708,4.93117e-05,19,0.520702
8815,0.5609,,,0.282192,4.93066e-05,19,0.199396
8844,0.5625,,,0.279223,4.93015e-05,19,0.401755
8873,0.5641,,,0.284686,4.92963e-05,19,0.421101
8902,0.5657,,,0.279059,4.92911e-05,19,0.398543
8931,0.5674,,,0.296426,4.9286e-05,19,0.282059
8960,0.5690,,,0.30303,4.92808e-05,19,0.349261
8989,0.5706,,,0.295432,4.92755e-05,19,0.400543
9018,0.5722,,,0.292706,4.92703e-05,19,0.386208
9047,0.5738,,,0.286441,4.9265e-05,19,0.317889
9076,0.5754,,,0.302224,4.92597e-05,19,0.340155
9079,0.5790,0.286999,0.291466,,,19,
9105,0.5807,,,0.285567,4.92544e-05,20,0.196541
9134,0.5824,,,0.289357,4.92491e-05,20,0.382606
9163,0.5840,,,0.282486,4.92438e-05,20,0.470309
9192,0.5856,,,0.287793,4.92384e-05,20,0.289271
9221,0.5872,,,0.297905,4.92331e-05,20,0.344902
9250,0.5888,,,0.282508,4.92277e-05,20,0.414188
9279,0.5904,,,0.301609,4.92223e-05,20,0.367718
9308,0.5920,,,0.305084,4.92168e-05,20,0.397875
9337,0.5937,,,0.303187,4.92114e-05,20,0.385139
9366,0.5953,,,0.278736,4.92059e-05,20,0.334789
9395,0.5969,,,0.291379,4.92004e-05,20,0.352476
9424,0.5985,,,0.291555,4.91949e-05,20,0.261678
9453,0.6001,,,0.281956,4.91894e-05,20,0.306534
9482,0.6017,,,0.294892,4.91839e-05,20,0.324532
9511,0.6033,,,0.303134,4.91783e-05,20,0.286075
9533,0.6079,0.284387,0.28984,,,20,
9540,0.6087,,,0.281584,4.91727e-05,21,0.305324
9569,0.6103,,,0.287668,4.91671e-05,21,0.335682
9598,0.6119,,,0.286879,4.91615e-05,21,0.245516
9627,0.6135,,,0.308117,4.91559e-05,21,0.331071
9656,0.6151,,,0.276179,4.91502e-05,21,0.299353
9685,0.6168,,,0.282294,4.91446e-05,21,0.472345
9714,0.6184,,,0.303827,4.91389e-05,21,0.355346
9743,0.6200,,,0.281243,4.91332e-05,21,0.296052
9772,0.6216,,,0.269624,4.91274e-05,21,0.364738
9801,0.6232,,,0.273904,4.91217e-05,21,0.220043
9830,0.6248,,,0.291255,4.91159e-05,21,0.274494
9859,0.6265,,,0.284819,4.91101e-05,21,0.353387
9888,0.6281,,,0.278161,4.91043e-05,21,0.264112
9917,0.6297,,,0.274493,4.90985e-05,21,0.463596
9946,0.6313,,,0.277609,4.90927e-05,21,0.410135
9975,0.6329,,,0.284947,4.90868e-05,21,0.367802
9987,0.6370,0.283986,0.288501,,,21,
10004,0.6382,,,0.284573,4.9081e-05,22,0.386959
10033,0.6399,,,0.29702,4.90751e-05,22,0.260081
10062,0.6415,,,0.285218,4.90692e-05,22,0.353997
10091,0.6431,,,0.286557,4.90632e-05,22,0.259883
10120,0.6447,,,0.270873,4.90573e-05,22,0.397469
10149,0.6463,,,0.286133,4.90513e-05,22,0.341529
10178,0.6479,,,0.293504,4.90453e-05,22,0.247659
10207,0.6496,,,0.311774,4.90393e-05,22,0.412872
10236,0.6512,,,0.275313,4.90333e-05,22,0.280738
10265,0.6528,,,0.292265,4.90273e-05,22,0.385634
10294,0.6544,,,0.28349,4.90212e-05,22,0.421247
10323,0.6560,,,0.303262,4.90151e-05,22,0.234489
10352,0.6576,,,0.262172,4.9009e-05,22,0.339527
10381,0.6593,,,0.275649,4.90029e-05,22,0.327024
10410,0.6609,,,0.280988,4.89968e-05,22,0.336453
10439,0.6624,,,0.290172,4.89906e-05,22,0.371543
10441,0.6660,0.284245,0.287302,,,22,
10468,0.6679,,,0.310414,4.89845e-05,23,0.352638
10497,0.6695,,,0.2928,4.89783e-05,23,0.449756
10526,0.6711,,,0.284126,4.89721e-05,23,0.442028
10555,0.6727,,,0.305506,4.89658e-05,23,0.370852
10584,0.6744,,,0.288137,4.89596e-05,23,0.386705
10613,0.6760,,,0.306906,4.89533e-05,23,0.386795
10642,0.6776,,,0.287584,4.89471e-05,23,0.266711
10671,0.6792,,,0.291792,4.89408e-05,23,0.352528
10700,0.6808,,,0.294883,4.89344e-05,23,0.348893
10729,0.6825,,,0.289574,4.89281e-05,23,0.33105
10758,0.6841,,,0.275891,4.89218e-05,23,0.324657
10787,0.6857,,,0.296382,4.89154e-05,23,0.361108
10816,0.6873,,,0.28238,4.8909e-05,23,0.307934
10845,0.6889,,,0.331465,4.89026e-05,23,0.262983
10874,0.6905,,,0.282957,4.88962e-05,23,0.553832
10895,0.6951,0.282221,0.286242,,,23,
10903,0.6959,,,0.276906,4.88897e-05,24,0.295295
10932,0.6975,,,0.263774,4.88832e-05,24,0.306324
10961,0.6991,,,0.290662,4.88768e-05,24,0.324141
10990,0.7008,,,0.274804,4.88703e-05,24,0.385458
11019,0.7024,,,0.27868,4.88637e-05,24,0.468448
11048,0.7041,,,0.276119,4.88572e-05,24,0.340532
11077,0.7057,,,0.266268,4.88507e-05,24,0.293352
11106,0.7074,,,0.295226,4.88441e-05,24,0.317113
11135,0.7091,,,0.297871,4.88375e-05,24,0.279079
11164,0.7108,,,0.276155,4.88309e-05,24,0.288226
11193,0.7124,,,0.289254,4.88243e-05,24,0.334279
11222,0.7140,,,0.282074,4.88176e-05,24,0.25537
11251,0.7156,,,0.289768,4.88109e-05,24,0.315679
11280,0.7172,,,0.285361,4.88043e-05,24,0.334155
11309,0.7188,,,0.28454,4.87976e-05,24,0.434277
11338,0.7204,,,0.282052,4.87908e-05,24,0.254546
11349,0.7244,0.280695,0.28486,,,24,
11367,0.7258,,,0.272188,4.87841e-05,25,0.283018
11396,0.7274,,,0.285554,4.87773e-05,25,0.310762
11425,0.7290,,,0.277543,4.87706e-05,25,0.256649
11454,0.7306,,,0.279038,4.87638e-05,25,0.295059
11483,0.7322,,,0.283123,4.8757e-05,25,0.309292
11512,0.7338,,,0.283555,4.87501e-05,25,0.294625
11541,0.7355,,,0.308253,4.87433e-05,25,0.441741
11570,0.7371,,,0.29185,4.87364e-05,25,0.33192
11599,0.7387,,,0.294384,4.87295e-05,25,0.396781
11628,0.7403,,,0.269531,4.87226e-05,25,0.26787
11657,0.7419,,,0.284082,4.87157e-05,25,0.298007
11686,0.7435,,,0.287969,4.87088e-05,25,0.337475
11715,0.7452,,,0.303487,4.87018e-05,25,0.35684
11744,0.7468,,,0.266094,4.86949e-05,25,0.30005
11773,0.7484,,,0.283954,4.86879e-05,25,0.278448
11802,0.7499,,,0.284202,4.86808e-05,25,0.387142
11803,0.7534,0.280593,0.283686,,,25,
11831,0.7553,,,0.289373,4.86738e-05,26,0.341147
11860,0.7569,,,0.278674,4.86668e-05,26,0.336603
11889,0.7586,,,0.275216,4.86597e-05,26,0.331661
11918,0.7602,,,0.267331,4.86526e-05,26,0.338927
11947,0.7618,,,0.269827,4.86455e-05,26,0.369348
11976,0.7634,,,0.285688,4.86384e-05,26,0.37762
12005,0.7650,,,0.276551,4.86313e-05,26,0.289253
12034,0.7666,,,0.303173,4.86241e-05,26,0.229932
12063,0.7682,,,0.282994,4.86169e-05,26,0.282638
12092,0.7699,,,0.289642,4.86097e-05,26,0.335565
12121,0.7715,,,0.289216,4.86025e-05,26,0.334732
12150,0.7731,,,0.282645,4.85953e-05,26,0.358553
12179,0.7747,,,0.2892,4.85881e-05,26,0.43341
12208,0.7763,,,0.28169,4.85808e-05,26,0.33188
12237,0.7779,,,0.279917,4.85735e-05,26,0.291148
12257,0.7824,0.279323,0.282536,,,26,
12266,0.7832,,,0.30463,4.85662e-05,27,0.324604
12295,0.7848,,,0.280705,4.85589e-05,27,0.376628
12324,0.7864,,,0.290559,4.85515e-05,27,0.341753
12353,0.7881,,,0.279974,4.85442e-05,27,0.337994
12382,0.7897,,,0.249542,4.85368e-05,27,0.276149
12411,0.7913,,,0.272251,4.85294e-05,27,0.404004
12440,0.7929,,,0.265622,4.8522e-05,27,0.33286
12469,0.7945,,,0.276577,4.85146e-05,27,0.273952
12498,0.7961,,,0.290489,4.85071e-05,27,0.278526
12527,0.7977,,,0.270897,4.84997e-05,27,0.31007
12556,0.7993,,,0.276961,4.84922e-05,27,0.313055
12585,0.8010,,,0.283816,4.84847e-05,27,0.214179
12614,0.8026,,,0.286051,4.84772e-05,27,0.638605
12643,0.8042,,,0.279172,4.84696e-05,27,0.268513
12672,0.8058,,,0.290842,4.84621e-05,27,0.258324
12701,0.8074,,,0.283606,4.84545e-05,27,0.326001
12711,0.8113,0.279186,0.281395,,,27,
12730,0.8128,,,0.280009,4.84469e-05,28,0.29488
12759,0.8144,,,0.274003,4.84393e-05,28,0.289419
12788,0.8160,,,0.28907,4.84317e-05,28,0.366596
12817,0.8176,,,0.274709,4.84241e-05,28,0.274774
12846,0.8192,,,0.265086,4.84164e-05,28,0.329824
12875,0.8208,,,0.276884,4.84087e-05,28,0.368718
12904,0.8224,,,0.267311,4.8401e-05,28,0.306751
12933,0.8241,,,0.288933,4.83933e-05,28,0.323961
12962,0.8257,,,0.269263,4.83856e-05,28,0.404685
12991,0.8273,,,0.290059,4.83778e-05,28,0.447891
13020,0.8289,,,0.287271,4.837e-05,28,0.344369
13049,0.8305,,,0.289481,4.83623e-05,28,0.269087
13078,0.8321,,,0.27906,4.83545e-05,28,0.488768
13107,0.8338,,,0.277495,4.83466e-05,28,0.380331
13136,0.8354,,,0.286738,4.83388e-05,28,0.402135
13165,0.8404,0.277253,0.280348,0.250971,4.83309e-05,28,0.309985
13194,0.8423,,,0.274158,4.83231e-05,29,0.286708
13223,0.8439,,,0.271272,4.83152e-05,29,0.287277
13252,0.8455,,,0.283016,4.83072e-05,29,0.316297
13281,0.8472,,,0.29503,4.82993e-05,29,0.39711
13310,0.8488,,,0.29007,4.82914e-05,29,0.31528
13339,0.8504,,,0.284964,4.82834e-05,29,0.387195
13368,0.8520,,,0.268668,4.82754e-05,29,0.317806
13397,0.8536,,,0.274198,4.82674e-05,29,0.320119
13426,0.8553,,,0.267552,4.82594e-05,29,0.276802
13455,0.8569,,,0.28639,4.82514e-05,29,0.428364
13484,0.8585,,,0.272491,4.82433e-05,29,0.335072
13513,0.8601,,,0.281055,4.82352e-05,29,0.326456
13542,0.8617,,,0.273282,4.82271e-05,29,0.289447
13571,0.8633,,,0.274897,4.8219e-05,29,0.284317
13600,0.8650,,,0.275214,4.82109e-05,29,0.311504
13619,0.8694,0.276475,0.27931,,,29,
13629,0.8703,,,0.29138,4.82028e-05,30,0.222376
13658,0.8719,,,0.27473,4.81946e-05,30,0.448382
13687,0.8736,,,0.289341,4.81864e-05,30,0.296393
13716,0.8752,,,0.287295,4.81782e-05,30,0.373631
13745,0.8768,,,0.270306,4.817e-05,30,0.416866
13774,0.8784,,,0.279368,4.81618e-05,30,0.265193
13803,0.8800,,,0.283713,4.81535e-05,30,0.326813
13832,0.8816,,,0.269357,4.81452e-05,30,0.248738
13861,0.8833,,,0.277189,4.8137e-05,30,0.405214
13890,0.8849,,,0.272574,4.81287e-05,30,0.332479
13919,0.8865,,,0.2674,4.81203e-05,30,0.222283
13948,0.8881,,,0.282759,4.8112e-05,30,0.265673
13977,0.8897,,,0.269146,4.81036e-05,30,0.39274
14006,0.8913,,,0.279033,4.80953e-05,30,0.372774
14035,0.8930,,,0.28262,4.80869e-05,30,0.343331
14064,0.8945,,,0.265197,4.80784e-05,30,0.255594
14073,0.8984,0.276332,0.278183,,,30,
14093,0.8999,,,0.280033,4.807e-05,31,0.287662
14122,0.9016,,,0.266174,4.80616e-05,31,0.33766
14151,0.9032,,,0.277787,4.80531e-05,31,0.327929
14180,0.9049,,,0.275219,4.80446e-05,31,0.347466
14209,0.9066,,,0.278424,4.80361e-05,31,0.313344
14238,0.9083,,,0.278616,4.80276e-05,31,0.290725
14267,0.9100,,,0.282439,4.80191e-05,31,0.348229
14296,0.9116,,,0.280382,4.80105e-05,31,0.332394
14325,0.9133,,,0.308213,4.8002e-05,31,0.270111
14354,0.9150,,,0.275759,4.79934e-05,31,0.245783
14383,0.9166,,,0.300344,4.79848e-05,31,0.328374
14412,0.9182,,,0.27479,4.79761e-05,31,0.296192
14441,0.9198,,,0.269323,4.79675e-05,31,0.373152
14470,0.9214,,,0.298112,4.79588e-05,31,0.284005
14499,0.9230,,,0.273587,4.79502e-05,31,0.274091
14527,0.9279,0.276268,0.27728,,,31,
14528,0.9284,,,0.268642,4.79415e-05,32,0.309848
14557,0.9300,,,0.27224,4.79328e-05,32,0.246641
14586,0.9316,,,0.270452,4.7924e-05,32,0.286333
14615,0.9332,,,0.277584,4.79153e-05,32,0.270667
14644,0.9348,,,0.264864,4.79065e-05,32,0.347791
14673,0.9364,,,0.294565,4.78977e-05,32,0.362709
14702,0.9380,,,0.278006,4.78889e-05,32,0.282508
14731,0.9397,,,0.287201,4.78801e-05,32,0.292832
14760,0.9413,,,0.285657,4.78713e-05,32,0.388506
14789,0.9429,,,0.299801,4.78624e-05,32,0.2248
14818,0.9445,,,0.26792,4.78536e-05,32,0.258533
14847,0.9461,,,0.275519,4.78447e-05,32,0.358597
14876,0.9477,,,0.273666,4.78358e-05,32,0.324846
14905,0.9494,,,0.27054,4.78268e-05,32,0.240571
14934,0.9510,,,0.288178,4.78179e-05,32,0.32224
14963,0.9526,,,0.286805,4.78089e-05,32,0.308503
14981,0.9569,0.275183,0.276088,,,32,
14992,0.9579,,,0.269163,4.78e-05,33,0.244685
15021,0.9595,,,0.287883,4.7791e-05,33,0.288136
15050,0.9611,,,0.268689,4.7782e-05,33,0.428052
15079,0.9627,,,0.279547,4.77729e-05,33,0.279476
15108,0.9644,,,0.271979,4.77639e-05,33,0.263754
15137,0.9660,,,0.257897,4.77548e-05,33,0.423263
15166,0.9676,,,0.29466,4.77458e-05,33,0.369507
15195,0.9692,,,0.26007,4.77367e-05,33,0.333483
15224,0.9708,,,0.279768,4.77275e-05,33,0.254107
15253,0.9724,,,0.265758,4.77184e-05,33,0.307349
15282,0.9740,,,0.288472,4.77093e-05,33,0.305959
15311,0.9757,,,0.2574,4.77001e-05,33,0.272958
15340,0.9773,,,0.27104,4.76909e-05,33,0.279253
15369,0.9789,,,0.283318,4.76817e-05,33,0.366532
15398,0.9805,,,0.28377,4.76725e-05,33,0.359025
15427,0.9821,,,0.292312,4.76633e-05,33,0.352394
15435,0.9859,0.274094,0.275287,,,33,
15456,0.9874,,,0.282265,4.7654e-05,34,0.324114
15485,0.9890,,,0.278319,4.76447e-05,34,0.421971
15514,0.9907,,,0.264207,4.76354e-05,34,0.267729
15543,0.9923,,,0.270872,4.76261e-05,34,0.251911
15572,0.9939,,,0.256503,4.76168e-05,34,0.359409
15601,0.9955,,,0.285486,4.76075e-05,34,0.394709
15630,0.9971,,,0.266289,4.75981e-05,34,0.308404
15659,0.9987,,,0.28728,4.75887e-05,34,0.311574
15688,1.0004,,,0.243966,4.75793e-05,34,0.391249
15717,1.0020,,,0.26197,4.75699e-05,34,0.248556
15746,1.0036,,,0.290895,4.75605e-05,34,0.483295
15775,1.0052,,,0.270295,4.75511e-05,34,0.353524
15804,1.0068,,,0.26428,4.75416e-05,34,0.308377
15833,1.0084,,,0.279674,4.75321e-05,34,0.283945
15862,1.0101,,,0.2794,4.75226e-05,34,0.372661
15889,1.0149,0.274176,0.274259,,,34,
15891,1.0154,,,0.266349,4.75131e-05,35,0.232209
15920,1.0170,,,0.260019,4.75036e-05,35,0.326137
15949,1.0186,,,0.271873,4.7494e-05,35,0.259672
15978,1.0202,,,0.285652,4.74845e-05,35,0.215073
16007,1.0219,,,0.277623,4.74749e-05,35,0.236359
16036,1.0235,,,0.272372,4.74653e-05,35,0.308953
16065,1.0251,,,0.282329,4.74557e-05,35,0.307359
16094,1.0267,,,0.273178,4.7446e-05,35,0.312101
16123,1.0283,,,0.258249,4.74364e-05,35,0.268092
16152,1.0300,,,0.270964,4.74267e-05,35,0.283487
16181,1.0316,,,0.265737,4.7417e-05,35,0.346374
16210,1.0332,,,0.275498,4.74073e-05,35,0.29595
16239,1.0348,,,0.279677,4.73976e-05,35,0.2925
16268,1.0364,,,0.281591,4.73879e-05,35,0.500412
16297,1.0381,,,0.278181,4.73781e-05,35,0.402886
16326,1.0397,,,0.262871,4.73683e-05,35,0.287463
16343,1.0440,0.272479,0.273381,,,35,
16355,1.0450,,,0.274347,4.73585e-05,36,0.286052
16384,1.0466,,,0.257292,4.73487e-05,36,0.381293
16413,1.0482,,,0.25889,4.73389e-05,36,0.291417
16442,1.0499,,,0.273515,4.73291e-05,36,0.248616
16471,1.0515,,,0.277612,4.73192e-05,36,0.308537
16500,1.0531,,,0.273546,4.73093e-05,36,0.349678
16529,1.0548,,,0.261735,4.72995e-05,36,0.25879
16558,1.0564,,,0.265351,4.72895e-05,36,0.385225
16587,1.0580,,,0.264677,4.72796e-05,36,0.287937
16616,1.0596,,,0.258326,4.72697e-05,36,0.324344
16645,1.0612,,,0.271201,4.72597e-05,36,0.350068
16674,1.0628,,,0.250677,4.72497e-05,36,0.395328
16703,1.0645,,,0.274984,4.72397e-05,36,0.306615
16732,1.0661,,,0.282456,4.72297e-05,36,0.318636
16761,1.0677,,,0.264228,4.72197e-05,36,0.257244
16790,1.0693,,,0.262527,4.72097e-05,36,0.341661
16797,1.0731,0.273043,0.272439,,,36,
16819,1.0746,,,0.283141,4.71996e-05,37,0.381444
16848,1.0763,,,0.270927,4.71895e-05,37,0.394597
16877,1.0779,,,0.269794,4.71794e-05,37,0.365149
16906,1.0795,,,0.28085,4.71693e-05,37,0.342868
16935,1.0811,,,0.268587,4.71592e-05,37,0.256504
16964,1.0828,,,0.268754,4.7149e-05,37,0.310013
16993,1.0844,,,0.259632,4.71389e-05,37,0.342286
17022,1.0860,,,0.26332,4.71287e-05,37,0.266656
17051,1.0876,,,0.271896,4.71185e-05,37,0.308349
17080,1.0892,,,0.298703,4.71083e-05,37,0.445099
17109,1.0909,,,0.261092,4.7098e-05,37,0.218836
17138,1.0925,,,0.263194,4.70878e-05,37,0.363237
17167,1.0941,,,0.279,4.70775e-05,37,0.282633
17196,1.0957,,,0.277814,4.70672e-05,37,0.313016
17225,1.0973,,,0.258587,4.70569e-05,37,0.300306
17251,1.1021,0.272717,0.271382,,,37,
17254,1.1027,,,0.279958,4.70466e-05,38,0.338342
17283,1.1043,,,0.274842,4.70363e-05,38,0.305185
17312,1.1059,,,0.289272,4.70259e-05,38,0.370759
17341,1.1076,,,0.271028,4.70156e-05,38,0.350709
17370,1.1093,,,0.271844,4.70052e-05,38,0.284595
17399,1.1109,,,0.270224,4.69948e-05,38,0.353708
17428,1.1126,,,0.261777,4.69843e-05,38,0.416371
17457,1.1144,,,0.265013,4.69739e-05,38,0.272005
17486,1.1160,,,0.272819,4.69635e-05,38,0.302311
17515,1.1176,,,0.272531,4.6953e-05,38,0.371073
17544,1.1192,,,0.262507,4.69425e-05,38,0.288961
17573,1.1209,,,0.263979,4.6932e-05,38,0.264845
17602,1.1226,,,0.262461,4.69215e-05,38,0.291891
17631,1.1242,,,0.260169,4.69109e-05,38,0.228964
17660,1.1258,,,0.264809,4.69004e-05,38,0.240736
17689,1.1274,,,0.271465,4.68898e-05,38,0.246393
17705,1.1317,0.271843,0.270825,,,38,
17718,1.1327,,,0.289146,4.68792e-05,39,0.262249
17747,1.1344,,,0.277704,4.68686e-05,39,0.32203
17776,1.1360,,,0.270926,4.6858e-05,39,0.331169
17805,1.1376,,,0.283156,4.68474e-05,39,0.454082
17834,1.1392,,,0.253915,4.68367e-05,39,0.404268
17863,1.1408,,,0.28746,4.6826e-05,39,0.259318
17892,1.1424,,,0.267639,4.68154e-05,39,0.309419
17921,1.1441,,,0.268835,4.68046e-05,39,0.232808
17950,1.1457,,,0.278957,4.67939e-05,39,0.269566
17979,1.1473,,,0.283969,4.67832e-05,39,0.341336
18008,1.1489,,,0.264788,4.67724e-05,39,0.314146
18037,1.1505,,,0.260267,4.67617e-05,39,0.394582
18066,1.1522,,,0.260029,4.67509e-05,39,0.300476
18095,1.1538,,,0.275685,4.67401e-05,39,0.351853
18124,1.1554,,,0.260983,4.67292e-05,39,0.314509
18153,1.1570,,,0.276009,4.67184e-05,39,0.314464
18159,1.1607,0.271471,0.269839,,,39,
18182,1.1624,,,0.26667,4.67076e-05,40,0.289283
18211,1.1640,,,0.265952,4.66967e-05,40,0.217371
18240,1.1656,,,0.277971,4.66858e-05,40,0.280001
18269,1.1672,,,0.26279,4.66749e-05,40,0.261313
18298,1.1688,,,0.261947,4.6664e-05,40,0.417288
18327,1.1705,,,0.261743,4.6653e-05,40,0.258615
18356,1.1721,,,0.281683,4.66421e-05,40,0.337586
18385,1.1737,,,0.261935,4.66311e-05,40,0.300483
18414,1.1753,,,0.253129,4.66201e-05,40,0.236669
18443,1.1769,,,0.274922,4.66091e-05,40,0.271295
18472,1.1785,,,0.260387,4.65981e-05,40,0.287347
18501,1.1802,,,0.265795,4.6587e-05,40,0.325531
18530,1.1818,,,0.284418,4.6576e-05,40,0.303033
18559,1.1834,,,0.263335,4.65649e-05,40,0.37465
18588,1.1850,,,0.265161,4.65538e-05,40,0.22949
18613,1.1898,0.270575,0.269013,,,40,
18617,1.1903,,,0.262682,4.65427e-05,41,0.266183
18646,1.1920,,,0.257846,4.65316e-05,41,0.312851
18675,1.1936,,,0.268766,4.65205e-05,41,0.30242
18704,1.1952,,,0.274145,4.65093e-05,41,0.307766
18733,1.1968,,,0.26606,4.64981e-05,41,0.326477
18762,1.1984,,,0.279598,4.6487e-05,41,0.257963
18791,1.2001,,,0.2772,4.64758e-05,41,0.287121
18820,1.2017,,,0.286607,4.64645e-05,41,0.244879
18849,1.2033,,,0.26249,4.64533e-05,41,0.310434
18878,1.2049,,,0.26361,4.64421e-05,41,0.278578
18907,1.2065,,,0.270003,4.64308e-05,41,0.345937
18936,1.2082,,,0.268788,4.64195e-05,41,0.446315
18965,1.2098,,,0.272366,4.64082e-05,41,0.329101
18994,1.2114,,,0.267264,4.63969e-05,41,0.279812
19023,1.2130,,,0.26624,4.63855e-05,41,0.370944
19052,1.2146,,,0.255452,4.63742e-05,41,0.283155
19067,1.2188,0.271128,0.268314,,,41,
19081,1.2200,,,0.281759,4.63628e-05,42,0.270135
19110,1.2216,,,0.265768,4.63514e-05,42,0.231311
19139,1.2232,,,0.24601,4.634e-05,42,0.259415
19168,1.2248,,,0.264035,4.63286e-05,42,0.263141
19197,1.2264,,,0.284495,4.63172e-05,42,0.305447
19226,1.2281,,,0.261405,4.63057e-05,42,0.278218
19255,1.2297,,,0.266355,4.62943e-05,42,0.268113
19284,1.2313,,,0.270929,4.62828e-05,42,0.304184
19313,1.2329,,,0.260647,4.62713e-05,42,0.296048
19342,1.2345,,,0.265342,4.62598e-05,42,0.262279
19371,1.2361,,,0.271441,4.62482e-05,42,0.346178
19400,1.2378,,,0.268932,4.62367e-05,42,0.307339
19429,1.2394,,,0.261697,4.62251e-05,42,0.237799
19458,1.2410,,,0.268386,4.62136e-05,42,0.231033
19487,1.2426,,,0.261989,4.6202e-05,42,0.467079
19516,1.2442,,,0.259161,4.61903e-05,42,0.218442
19521,1.2479,0.27014,0.26731,,,42,
19545,1.2496,,,0.25776,4.61787e-05,43,0.321994
19574,1.2512,,,0.2782,4.61671e-05,43,0.35086
19603,1.2529,,,0.256063,4.61554e-05,43,0.482578
19632,1.2545,,,0.247431,4.61437e-05,43,0.394334
19661,1.2561,,,0.262274,4.6132e-05,43,0.228147
19690,1.2577,,,0.269562,4.61203e-05,43,0.270073
19719,1.2593,,,0.258655,4.61086e-05,43,0.303761
19748,1.2609,,,0.270741,4.60969e-05,43,0.287167
19777,1.2626,,,0.278076,4.60851e-05,43,0.405805
19806,1.2642,,,0.266966,4.60733e-05,43,0.262038
19835,1.2658,,,0.274852,4.60615e-05,43,0.343537
19864,1.2674,,,0.263502,4.60497e-05,43,0.324146
19893,1.2690,,,0.266673,4.60379e-05,43,0.303464
19922,1.2706,,,0.238659,4.60261e-05,43,0.345846
19951,1.2723,,,0.265334,4.60142e-05,43,0.235059
19975,1.2769,0.269425,0.266651,,,43,
19980,1.2776,,,0.267786,4.60023e-05,44,0.323453
20009,1.2792,,,0.272897,4.59905e-05,44,0.264617
20038,1.2808,,,0.277965,4.59785e-05,44,0.325209
20067,1.2824,,,0.274281,4.59666e-05,44,0.335863
20096,1.2840,,,0.287006,4.59547e-05,44,0.28425
20125,1.2857,,,0.248533,4.59427e-05,44,0.288792
20154,1.2873,,,0.270637,4.59308e-05,44,0.432836
20183,1.2889,,,0.273538,4.59188e-05,44,0.358568
20212,1.2905,,,0.261837,4.59068e-05,44,0.322211
20241,1.2921,,,0.286913,4.58948e-05,44,0.306368
20270,1.2938,,,0.252871,4.58827e-05,44,0.227418
20299,1.2954,,,0.274169,4.58707e-05,44,0.296256
20328,1.2970,,,0.251323,4.58586e-05,44,0.305877
20357,1.2986,,,0.258405,4.58465e-05,44,0.26962
20386,1.3002,,,0.270409,4.58344e-05,44,0.277051
20415,1.3018,,,0.280651,4.58223e-05,44,0.226076
20429,1.3060,0.269564,0.265883,,,44,
20444,1.3072,,,0.254388,4.58102e-05,45,0.316779
20473,1.3088,,,0.248808,4.57981e-05,45,0.390355
20502,1.3106,,,0.289858,4.57859e-05,45,0.265793
20531,1.3123,,,0.261271,4.57737e-05,45,0.257765
20560,1.3139,,,0.269243,4.57615e-05,45,0.284638
20589,1.3155,,,0.253095,4.57493e-05,45,0.234576
20618,1.3172,,,0.276708,4.57371e-05,45,0.3126
20647,1.3189,,,0.264175,4.57249e-05,45,0.404233
20676,1.3205,,,0.2491,4.57126e-05,45,0.271895
20705,1.3221,,,0.244734,4.57003e-05,45,0.275306
20734,1.3237,,,0.247646,4.5688e-05,45,0.343132
20763,1.3253,,,0.249552,4.56757e-05,45,0.330775
20792,1.3269,,,0.267943,4.56634e-05,45,0.264703
20821,1.3287,,,0.274695,4.56511e-05,45,0.282714
20850,1.3303,,,0.267931,4.56387e-05,45,0.396981
20879,1.3319,,,0.276388,4.56264e-05,45,0.317866
20883,1.3355,0.269679,0.265112,,,45,
20908,1.3373,,,0.263954,4.5614e-05,46,0.39623
20937,1.3389,,,0.258954,4.56016e-05,46,0.330056
20966,1.3405,,,0.265211,4.55892e-05,46,0.296151
20995,1.3421,,,0.288886,4.55767e-05,46,0.307178
21024,1.3438,,,0.258881,4.55643e-05,46,0.315251
21053,1.3454,,,0.27473,4.55518e-05,46,0.32927
21082,1.3470,,,0.262433,4.55394e-05,46,0.402379
21111,1.3486,,,0.268906,4.55269e-05,46,0.372151
21140,1.3502,,,0.285848,4.55144e-05,46,0.448821
21169,1.3518,,,0.243355,4.55018e-05,46,0.284984
21198,1.3535,,,0.278355,4.54893e-05,46,0.352758
21227,1.3551,,,0.256841,4.54767e-05,46,0.282445
21256,1.3567,,,0.25931,4.54642e-05,46,0.278692
21285,1.3583,,,0.247933,4.54516e-05,46,0.229099
21314,1.3599,,,0.255119,4.5439e-05,46,0.24405
21337,1.3646,0.270025,0.264455,,,46,
21343,1.3652,,,0.267283,4.54263e-05,47,0.282103
21372,1.3668,,,0.280353,4.54137e-05,47,0.355043
21401,1.3684,,,0.267279,4.54011e-05,47,0.246594
21430,1.3700,,,0.267823,4.53884e-05,47,0.229547
21459,1.3716,,,0.253764,4.53757e-05,47,0.293177
21488,1.3733,,,0.271543,4.5363e-05,47,0.323312
21517,1.3749,,,0.24998,4.53503e-05,47,0.31536
21546,1.3765,,,0.277526,4.53376e-05,47,0.271236
21575,1.3781,,,0.267615,4.53248e-05,47,0.308153
21604,1.3797,,,0.271033,4.53121e-05,47,0.328501
21633,1.3813,,,0.256121,4.52993e-05,47,0.26854
21662,1.3829,,,0.251954,4.52865e-05,47,0.280025
21691,1.3845,,,0.263662,4.52737e-05,47,0.277192
21720,1.3861,,,0.261349,4.52609e-05,47,0.242558
21749,1.3877,,,0.245039,4.5248e-05,47,0.221735
21778,1.3893,,,0.255127,4.52352e-05,47,0.243804
21791,1.3934,0.268593,0.263634,,,47,
21807,1.3946,,,0.243222,4.52223e-05,48,0.350233
21836,1.3962,,,0.260801,4.52094e-05,48,0.311482
21865,1.3978,,,0.264289,4.51965e-05,48,0.321351
21894,1.3994,,,0.291399,4.51836e-05,48,0.368451
21923,1.4010,,,0.268002,4.51707e-05,48,0.333304
21952,1.4027,,,0.254644,4.51577e-05,48,0.244215
21981,1.4043,,,0.269084,4.51448e-05,48,0.313598
22010,1.4059,,,0.277598,4.51318e-05,48,0.25191
22039,1.4075,,,0.264225,4.51188e-05,48,0.366753
22068,1.4091,,,0.259763,4.51058e-05,48,0.350689
22097,1.4107,,,0.270436,4.50928e-05,48,0.354802
22126,1.4123,,,0.274585,4.50797e-05,48,0.324585
22155,1.4139,,,0.279045,4.50667e-05,48,0.323986
22184,1.4155,,,0.258606,4.50536e-05,48,0.25476
22213,1.4171,,,0.274571,4.50405e-05,48,0.255588
22242,1.4187,,,0.260265,4.50274e-05,48,0.28924
22245,1.4223,0.268511,0.262876,,,48,
22271,1.4240,,,0.271942,4.50143e-05,49,0.291551
22300,1.4256,,,0.272005,4.50012e-05,49,0.261947
22329,1.4272,,,0.277084,4.4988e-05,49,0.298145
22358,1.4288,,,0.271123,4.49749e-05,49,0.355521
22387,1.4305,,,0.275602,4.49617e-05,49,0.324123
22416,1.4321,,,0.257312,4.49485e-05,49,0.307065
22445,1.4337,,,0.270112,4.49353e-05,49,0.322406
22474,1.4353,,,0.251111,4.49221e-05,49,0.297402
22503,1.4369,,,0.263445,4.49088e-05,49,0.276718
22532,1.4385,,,0.247616,4.48956e-05,49,0.311705
22561,1.4401,,,0.285268,4.48823e-05,49,0.307202
22590,1.4417,,,0.275466,4.4869e-05,49,0.360978
22619,1.4433,,,0.271114,4.48557e-05,49,0.261921
22648,1.4449,,,0.247303,4.48424e-05,49,0.200348
22677,1.4465,,,0.248015,4.48291e-05,49,0.267587
22699,1.4511,0.267822,0.261908,,,49,
22706,1.4519,,,0.259594,4.48157e-05,50,0.303632
22735,1.4535,,,0.271101,4.48024e-05,50,0.29339
22764,1.4551,,,0.255644,4.4789e-05,50,0.281774
22793,1.4567,,,0.249526,4.47756e-05,50,0.315603
22822,1.4583,,,0.285533,4.47622e-05,50,0.385529
22851,1.4599,,,0.263249,4.47488e-05,50,0.373417
22880,1.4616,,,0.254665,4.47353e-05,50,0.262796
22909,1.4632,,,0.252386,4.47219e-05,50,0.318141
22938,1.4648,,,0.253541,4.47084e-05,50,0.366096
22967,1.4664,,,0.258298,4.46949e-05,50,0.384149
22996,1.4680,,,0.243298,4.46814e-05,50,0.35662
23025,1.4696,,,0.255768,4.46679e-05,50,0.243463
23054,1.4712,,,0.278369,4.46544e-05,50,0.302196
23083,1.4728,,,0.267832,4.46409e-05,50,0.302792
23112,1.4744,,,0.27253,4.46273e-05,50,0.292411
23141,1.4760,,,0.275928,4.46137e-05,50,0.284243
23153,1.4800,0.267609,0.261597,,,50,
23170,1.4813,,,0.251922,4.46002e-05,51,0.368231
23199,1.4830,,,0.250884,4.45865e-05,51,0.283783
23228,1.4846,,,0.277233,4.45729e-05,51,0.370576
23257,1.4862,,,0.256787,4.45593e-05,51,0.267512
23286,1.4878,,,0.264622,4.45457e-05,51,0.403741
23315,1.4894,,,0.258693,4.4532e-05,51,0.268724
23344,1.4910,,,0.275975,4.45183e-05,51,0.299142
23373,1.4926,,,0.248126,4.45046e-05,51,0.279303
23402,1.4942,,,0.265318,4.44909e-05,51,0.449608
23431,1.4960,,,0.257765,4.44772e-05,51,0.281413
23460,1.4976,,,0.285715,4.44635e-05,51,0.334533
23489,1.4992,,,0.262045,4.44497e-05,51,0.443192
23518,1.5008,,,0.256806,4.44359e-05,51,0.252728
23547,1.5024,,,0.248539,4.44222e-05,51,0.279008
23576,1.5040,,,0.24885,4.44084e-05,51,0.351998
23605,1.5056,,,0.255692,4.43945e-05,51,0.341621
23607,1.5091,0.267704,0.260835,,,51,
23634,1.5110,,,0.258036,4.43807e-05,52,0.267569
23663,1.5126,,,0.242837,4.43669e-05,52,0.329134
23692,1.5142,,,0.267221,4.4353e-05,52,0.267885
23721,1.5159,,,0.270678,4.43391e-05,52,0.259878
23750,1.5176,,,0.252594,4.43253e-05,52,0.273729
23779,1.5192,,,0.248796,4.43114e-05,52,0.363628
23808,1.5208,,,0.264947,4.42974e-05,52,0.345475
23837,1.5224,,,0.255835,4.42835e-05,52,0.279559
23866,1.5241,,,0.256048,4.42696e-05,52,0.30615
23895,1.5257,,,0.260698,4.42556e-05,52,0.276668
23924,1.5273,,,0.259152,4.42416e-05,52,0.246596
23953,1.5289,,,0.256104,4.42276e-05,52,0.220941
23982,1.5305,,,0.250977,4.42136e-05,52,0.379115
24011,1.5322,,,0.257772,4.41996e-05,52,0.279596
24040,1.5338,,,0.261246,4.41856e-05,52,0.413883
24061,1.5383,0.267519,0.260062,,,52,
24069,1.5391,,,0.249819,4.41715e-05,53,0.295487
24098,1.5407,,,0.250046,4.41575e-05,53,0.307019
24127,1.5423,,,0.275225,4.41434e-05,53,0.335364
24156,1.5439,,,0.242972,4.41293e-05,53,0.279774
24185,1.5456,,,0.267685,4.41152e-05,53,0.420816
24214,1.5472,,,0.25161,4.41011e-05,53,0.240844
24243,1.5488,,,0.252957,4.40869e-05,53,0.324227
24272,1.5504,,,0.258445,4.40728e-05,53,0.327658
24301,1.5520,,,0.267552,4.40586e-05,53,0.302056
24330,1.5536,,,0.263469,4.40444e-05,53,0.236248
24359,1.5552,,,0.268593,4.40302e-05,53,0.31941
24388,1.5568,,,0.250808,4.4016e-05,53,0.331955
24417,1.5584,,,0.269004,4.40018e-05,53,0.355687
24446,1.5600,,,0.274259,4.39876e-05,53,0.257722
24475,1.5616,,,0.25096,4.39733e-05,53,0.24633
24504,1.5632,,,0.258757,4.3959e-05,53,0.269196
24515,1.5672,0.26643,0.259491,,,53,
24533,1.5685,,,0.26455,4.39448e-05,54,0.253866
24562,1.5701,,,0.250855,4.39305e-05,54,0.263675
24591,1.5718,,,0.256267,4.39162e-05,54,0.300778
24620,1.5734,,,0.260811,4.39018e-05,54,0.275784
24649,1.5750,,,0.258129,4.38875e-05,54,0.404069
24678,1.5766,,,0.246364,4.38731e-05,54,0.210245
24707,1.5782,,,0.254381,4.38588e-05,54,0.270176
24736,1.5798,,,0.263765,4.38444e-05,54,0.256059
24765,1.5814,,,0.255839,4.383e-05,54,0.370618
24794,1.5830,,,0.255874,4.38156e-05,54,0.286461
24823,1.5846,,,0.277384,4.38011e-05,54,0.288015
24852,1.5862,,,0.258399,4.37867e-05,54,0.299171
24881,1.5878,,,0.269877,4.37722e-05,54,0.339628
24910,1.5894,,,0.258953,4.37578e-05,54,0.306452
24939,1.5910,,,0.252302,4.37433e-05,54,0.295204
24968,1.5926,,,0.260523,4.37288e-05,54,0.28229
24969,1.5961,0.267013,0.258317,,,54,
24997,1.5980,,,0.265584,4.37143e-05,55,0.292128
25026,1.5996,,,0.270718,4.36997e-05,55,0.309402
25055,1.6012,,,0.257436,4.36852e-05,55,0.4717
25084,1.6028,,,0.255434,4.36706e-05,55,0.295169
25113,1.6044,,,0.276989,4.36561e-05,55,0.301724
25142,1.6060,,,0.265974,4.36415e-05,55,0.294831
25171,1.6076,,,0.252131,4.36269e-05,55,0.330517
25200,1.6092,,,0.261305,4.36123e-05,55,0.278193
25229,1.6108,,,0.262801,4.35976e-05,55,0.317444
25258,1.6124,,,0.270321,4.3583e-05,55,0.258228
25287,1.6140,,,0.252025,4.35683e-05,55,0.250008
25316,1.6156,,,0.257672,4.35537e-05,55,0.314888
25345,1.6172,,,0.271021,4.3539e-05,55,0.275381
25374,1.6188,,,0.263698,4.35243e-05,55,0.287447
25403,1.6205,,,0.26159,4.35096e-05,55,0.355297
25423,1.6249,0.266267,0.258037,,,55,
25432,1.6258,,,0.266484,4.34948e-05,56,0.241705
25461,1.6274,,,0.258551,4.34801e-05,56,0.324844
25490,1.6290,,,0.244838,4.34653e-05,56,0.29885
25519,1.6306,,,0.265947,4.34506e-05,56,0.250743
25548,1.6322,,,0.259842,4.34358e-05,56,0.314395
25577,1.6338,,,0.260229,4.3421e-05,56,0.29349
25606,1.6354,,,0.255757,4.34062e-05,56,0.297331
25635,1.6370,,,0.248917,4.33913e-05,56,0.257239
25664,1.6386,,,0.257139,4.33765e-05,56,0.367419
25693,1.6402,,,0.255119,4.33617e-05,56,0.329489
25722,1.6418,,,0.270168,4.33468e-05,56,0.325596
25751,1.6434,,,0.260915,4.33319e-05,56,0.280595
25780,1.6450,,,0.255325,4.3317e-05,56,0.295964
25809,1.6467,,,0.250592,4.33021e-05,56,0.44473
25838,1.6483,,,0.255549,4.32872e-05,56,0.290148
25867,1.6499,,,0.264365,4.32722e-05,56,0.260344
25877,1.6539,0.265526,0.257246,,,56,
25896,1.6552,,,0.251981,4.32573e-05,57,0.248796
25925,1.6568,,,0.259144,4.32423e-05,57,0.265644
25954,1.6585,,,0.24761,4.32273e-05,57,0.295945
25983,1.6601,,,0.249826,4.32123e-05,57,0.391624
26012,1.6617,,,0.257089,4.31973e-05,57,0.336227
26041,1.6633,,,0.234221,4.31823e-05,57,0.321534
26070,1.6649,,,0.259409,4.31672e-05,57,0.277714
26099,1.6665,,,0.252807,4.31522e-05,57,0.256623
26128,1.6681,,,0.24183,4.31371e-05,57,0.308037
26157,1.6697,,,0.248222,4.31221e-05,57,0.338912
26186,1.6713,,,0.273292,4.3107e-05,57,0.275853
26215,1.6729,,,0.257233,4.30919e-05,57,0.291485
26244,1.6745,,,0.265459,4.30767e-05,57,0.282641
26273,1.6761,,,0.256892,4.30616e-05,57,0.316276
26302,1.6778,,,0.246942,4.30464e-05,57,0.258644
26331,1.6827,0.266161,0.256413,0.249071,4.30313e-05,57,0.417056
26360,1.6848,,,0.261038,4.30161e-05,58,0.268969
26389,1.6864,,,0.258337,4.30009e-05,58,0.330008
26418,1.6880,,,0.267656,4.29857e-05,58,0.403893
26447,1.6896,,,0.243069,4.29705e-05,58,0.254478
26476,1.6912,,,0.254871,4.29553e-05,58,0.295919
26505,1.6928,,,0.245748,4.294e-05,58,0.295122
26534,1.6944,,,0.247717,4.29248e-05,58,0.290627
26563,1.6960,,,0.261965,4.29095e-05,58,0.253258
26592,1.6976,,,0.257108,4.28942e-05,58,0.327009
26621,1.6992,,,0.250937,4.28789e-05,58,0.271925
26650,1.7008,,,0.261767,4.28636e-05,58,0.264785
26679,1.7024,,,0.242791,4.28482e-05,58,0.303429
26708,1.7040,,,0.254916,4.28329e-05,58,0.279871
26737,1.7056,,,0.263501,4.28176e-05,58,0.252479
26766,1.7072,,,0.254248,4.28022e-05,58,0.214573
26785,1.7117,0.265662,0.255857,,,58,
26795,1.7125,,,0.261575,4.27868e-05,59,0.273964
26824,1.7142,,,0.248588,4.27714e-05,59,0.317593
26853,1.7160,,,0.254168,4.2756e-05,59,0.34132
26882,1.7176,,,0.275731,4.27406e-05,59,0.320487
26911,1.7192,,,0.246073,4.27251e-05,59,0.267627
26940,1.7208,,,0.256729,4.27097e-05,59,0.405188
26969,1.7224,,,0.255443,4.26942e-05,59,0.262977
26998,1.7240,,,0.265741,4.26787e-05,59,0.262153
27027,1.7257,,,0.251885,4.26632e-05,59,0.286459
27056,1.7273,,,0.245214,4.26477e-05,59,0.256683
27085,1.7289,,,0.260278,4.26322e-05,59,0.300067
27114,1.7305,,,0.241553,4.26167e-05,59,0.267745
27143,1.7321,,,0.259911,4.26011e-05,59,0.413688
27172,1.7337,,,0.246766,4.25856e-05,59,0.290722
27201,1.7354,,,0.273717,4.257e-05,59,0.267874
27230,1.7369,,,0.243436,4.25544e-05,59,0.327328
27239,1.7408,0.265716,0.255557,,,59,
27259,1.7423,,,0.252667,4.25388e-05,60,0.239839
27288,1.7439,,,0.254019,4.25232e-05,60,0.39167
27317,1.7455,,,0.241134,4.25076e-05,60,0.285394
27346,1.7471,,,0.240892,4.24919e-05,60,0.225005
27375,1.7487,,,0.256877,4.24763e-05,60,0.308962
27404,1.7503,,,0.250801,4.24606e-05,60,0.281993
27433,1.7520,,,0.243633,4.24449e-05,60,0.310148
27462,1.7536,,,0.26404,4.24292e-05,60,0.264457
27491,1.7552,,,0.273225,4.24135e-05,60,0.24569
27520,1.7568,,,0.262803,4.23978e-05,60,0.278689
27549,1.7584,,,0.278856,4.23821e-05,60,0.273763
27578,1.7600,,,0.261274,4.23663e-05,60,0.299755
27607,1.7616,,,0.257339,4.23506e-05,60,0.502768
27636,1.7632,,,0.246282,4.23348e-05,60,0.277364
27665,1.7648,,,0.247846,4.2319e-05,60,0.28142
27693,1.7697,0.265369,0.255076,,,60,
27694,1.7701,,,0.252458,4.23032e-05,61,0.281166
27723,1.7717,,,0.248237,4.22874e-05,61,0.292507
27752,1.7733,,,0.26135,4.22716e-05,61,0.322749
27781,1.7749,,,0.253206,4.22557e-05,61,0.232528
27810,1.7765,,,0.261542,4.22399e-05,61,0.344332
27839,1.7781,,,0.263971,4.2224e-05,61,0.292277
27868,1.7797,,,0.255359,4.22081e-05,61,0.302413
27897,1.7813,,,0.251139,4.21922e-05,61,0.316764
27926,1.7829,,,0.259536,4.21763e-05,61,0.277444
27955,1.7845,,,0.255213,4.21604e-05,61,0.305594
27984,1.7861,,,0.267383,4.21445e-05,61,0.389267
28013,1.7878,,,0.252379,4.21285e-05,61,0.27667
28042,1.7894,,,0.267575,4.21126e-05,61,0.264048
28071,1.7910,,,0.259692,4.20966e-05,61,0.237675
28100,1.7926,,,0.251414,4.20806e-05,61,0.385027
28129,1.7942,,,0.237655,4.20646e-05,61,0.247332
28147,1.7985,0.266199,0.254215,,,61,
28158,1.7995,,,0.233937,4.20486e-05,62,0.436969
28187,1.8011,,,0.234788,4.20326e-05,62,0.357538
28216,1.8027,,,0.254044,4.20165e-05,62,0.333732
28245,1.8043,,,0.272288,4.20005e-05,62,0.282961
28274,1.8059,,,0.244383,4.19844e-05,62,0.266626
28303,1.8075,,,0.252179,4.19684e-05,62,0.285184
28332,1.8091,,,0.241196,4.19523e-05,62,0.323153
28361,1.8107,,,0.245393,4.19362e-05,62,0.283449
28390,1.8123,,,0.248761,4.192e-05,62,0.290478
28419,1.8139,,,0.244602,4.19039e-05,62,0.321243
28448,1.8155,,,0.256888,4.18878e-05,62,0.243476
28477,1.8171,,,0.259301,4.18716e-05,62,0.324317
28506,1.8187,,,0.270576,4.18555e-05,62,0.258505
28535,1.8203,,,0.241455,4.18393e-05,62,0.291627
28564,1.8219,,,0.252055,4.18231e-05,62,0.276025
28593,1.8235,,,0.259477,4.18069e-05,62,0.260258
28601,1.8273,0.265068,0.253588,,,62,
28622,1.8289,,,0.255923,4.17907e-05,63,0.271842
28651,1.8305,,,0.243951,4.17744e-05,63,0.353521
28680,1.8321,,,0.259769,4.17582e-05,63,0.37875
28709,1.8337,,,0.240864,4.17419e-05,63,0.31192
28738,1.8353,,,0.242678,4.17256e-05,63,0.291414
28767,1.8369,,,0.256883,4.17094e-05,63,0.328412
28796,1.8386,,,0.270186,4.16931e-05,63,0.275271
28825,1.8402,,,0.250244,4.16768e-05,63,0.295827
28854,1.8418,,,0.257947,4.16604e-05,63,0.324174
28883,1.8434,,,0.269265,4.16441e-05,63,0.274197
28912,1.8450,,,0.25874,4.16278e-05,63,0.259231
28941,1.8466,,,0.258868,4.16114e-05,63,0.305432
28970,1.8482,,,0.26146,4.1595e-05,63,0.340991
28999,1.8498,,,0.248514,4.15786e-05,63,0.310923
29028,1.8514,,,0.249861,4.15622e-05,63,0.296384
29055,1.8562,0.264759,0.253274,,,63,
29057,1.8567,,,0.256088,4.15458e-05,64,0.337603
29086,1.8583,,,0.245964,4.15294e-05,64,0.287216
29115,1.8599,,,0.253637,4.1513e-05,64,0.25369
29144,1.8615,,,0.243974,4.14965e-05,64,0.320331
29173,1.8631,,,0.245341,4.148e-05,64,0.300184
29202,1.8647,,,0.270464,4.14636e-05,64,0.273103
29231,1.8663,,,0.239294,4.14471e-05,64,0.358242
29260,1.8679,,,0.25142,4.14306e-05,64,0.33482
29289,1.8695,,,0.236037,4.14141e-05,64,0.279013
29318,1.8711,,,0.249082,4.13976e-05,64,0.224636
29347,1.8727,,,0.239688,4.1381e-05,64,0.236527
29376,1.8743,,,0.266873,4.13645e-05,64,0.293392
29405,1.8759,,,0.248273,4.13479e-05,64,0.284816
29434,1.8775,,,0.264981,4.13313e-05,64,0.321104
29463,1.8792,,,0.247551,4.13147e-05,64,0.282341
29492,1.8808,,,0.258452,4.12981e-05,64,0.314164
29509,1.8851,0.265204,0.252498,,,64,
29521,1.8861,,,0.255645,4.12815e-05,65,0.213484
29550,1.8877,,,0.248564,4.12649e-05,65,0.30349
29579,1.8893,,,0.245256,4.12483e-05,65,0.350351
29608,1.8909,,,0.244975,4.12316e-05,65,0.408761
29637,1.8925,,,0.25613,4.12149e-05,65,0.278555
29666,1.8941,,,0.249868,4.11983e-05,65,0.27811
29695,1.8957,,,0.233985,4.11816e-05,65,0.23041
29724,1.8973,,,0.232978,4.11649e-05,65,0.275272
29753,1.8989,,,0.258761,4.11482e-05,65,0.319552
29782,1.9005,,,0.2619,4.11314e-05,65,0.334339
29811,1.9021,,,0.233867,4.11147e-05,65,0.279065
29840,1.9037,,,0.245572,4.1098e-05,65,0.224495
29869,1.9053,,,0.253842,4.10812e-05,65,0.287988
29898,1.9069,,,0.239304,4.10644e-05,65,0.317262
29927,1.9085,,,0.2535,4.10476e-05,65,0.273485
29956,1.9101,,,0.254582,4.10308e-05,65,0.279477
29963,1.9139,0.264982,0.251958,,,65,
29985,1.9155,,,0.247161,4.1014e-05,66,0.293476
30014,1.9172,,,0.250247,4.09972e-05,66,0.294416
30043,1.9188,,,0.24441,4.09804e-05,66,0.291739
30072,1.9205,,,0.271473,4.09635e-05,66,0.328772
30101,1.9221,,,0.256096,4.09467e-05,66,0.251575
30130,1.9238,,,0.26376,4.09298e-05,66,0.278475
30159,1.9254,,,0.245675,4.09129e-05,66,0.29795
30188,1.9270,,,0.266434,4.0896e-05,66,0.293936
30217,1.9286,,,0.254877,4.08791e-05,66,0.285493
30246,1.9302,,,0.24862,4.08622e-05,66,0.298509
30275,1.9319,,,0.26225,4.08452e-05,66,0.311839
30304,1.9335,,,0.257424,4.08283e-05,66,0.270925
30333,1.9351,,,0.24277,4.08113e-05,66,0.309682
30362,1.9367,,,0.255356,4.07944e-05,66,0.33716
30391,1.9383,,,0.245043,4.07774e-05,66,0.264088
30417,1.9431,0.264149,0.251378,,,66,
30420,1.9436,,,0.245586,4.07604e-05,67,0.219322
30449,1.9453,,,0.242402,4.07434e-05,67,0.348167
30478,1.9469,,,0.248346,4.07264e-05,67,0.276681
30507,1.9485,,,0.234032,4.07093e-05,67,0.225701
30536,1.9501,,,0.239443,4.06923e-05,67,0.343033
30565,1.9517,,,0.250906,4.06752e-05,67,0.244238
30594,1.9533,,,0.253795,4.06582e-05,67,0.233627
30623,1.9549,,,0.251585,4.06411e-05,67,0.350076
30652,1.9565,,,0.229728,4.0624e-05,67,0.221511
30681,1.9581,,,0.252172,4.06069e-05,67,0.298341
30710,1.9597,,,0.255824,4.05898e-05,67,0.396842
30739,1.9613,,,0.233905,4.05726e-05,67,0.224136
30768,1.9629,,,0.245527,4.05555e-05,67,0.267675
30797,1.9645,,,0.250755,4.05384e-05,67,0.278719
30826,1.9661,,,0.238351,4.05212e-05,67,0.388169
30855,1.9677,,,0.24436,4.0504e-05,67,0.328254
30871,1.9720,0.26375,0.250955,,,67,
30884,1.9731,,,0.246083,4.04868e-05,68,0.274706
30913,1.9747,,,0.236908,4.04696e-05,68,0.293442
30942,1.9763,,,0.248598,4.04524e-05,68,0.329643
30971,1.9779,,,0.242885,4.04352e-05,68,0.214079
31000,1.9795,,,0.244453,4.0418e-05,68,0.373661
31029,1.9811,,,0.236229,4.04007e-05,68,0.334953
31058,1.9827,,,0.24479,4.03835e-05,68,0.26573
31087,1.9843,,,0.263432,4.03662e-05,68,0.357827
31116,1.9859,,,0.241872,4.03489e-05,68,0.25192
31145,1.9875,,,0.239257,4.03316e-05,68,0.346278
31174,1.9891,,,0.251761,4.03143e-05,68,0.349439
31203,1.9907,,,0.247815,4.0297e-05,68,0.265111
31232,1.9923,,,0.268182,4.02797e-05,68,0.383393
31261,1.9939,,,0.25898,4.02623e-05,68,0.284971
31290,1.9955,,,0.259919,4.0245e-05,68,0.355806
31319,1.9971,,,0.242535,4.02276e-05,68,0.238695
31325,2.0008,0.263963,0.250572,,,68,
31348,2.0024,,,0.253342,4.02102e-05,69,0.350517
31377,2.0040,,,0.246575,4.01929e-05,69,0.262026
31406,2.0056,,,0.245246,4.01755e-05,69,0.281447
31435,2.0072,,,0.247429,4.01581e-05,69,0.258483
31464,2.0088,,,0.237642,4.01406e-05,69,0.3033
31493,2.0105,,,0.26315,4.01232e-05,69,0.306706
31522,2.0121,,,0.248261,4.01058e-05,69,0.302728
31551,2.0137,,,0.256898,4.00883e-05,69,0.307141
31580,2.0153,,,0.252892,4.00708e-05,69,0.346443
31609,2.0169,,,0.254597,4.00533e-05,69,0.307145
31638,2.0185,,,0.249692,4.00359e-05,69,0.290683
31667,2.0201,,,0.248565,4.00184e-05,69,0.391873
31696,2.0217,,,0.245438,4.00008e-05,69,0.263924
31725,2.0233,,,0.258072,3.99833e-05,69,0.28025
31754,2.0249,,,0.259071,3.99658e-05,69,0.250297
31779,2.0296,0.264224,0.249859,,,69,
31783,2.0302,,,0.243844,3.99482e-05,70,0.277362
31812,2.0318,,,0.253388,3.99307e-05,70,0.243103
31841,2.0334,,,0.250825,3.99131e-05,70,0.252147
31870,2.0351,,,0.27171,3.98955e-05,70,0.323147
31899,2.0367,,,0.256365,3.98779e-05,70,0.229122
31928,2.0383,,,0.242092,3.98603e-05,70,0.267022
31957,2.0399,,,0.242283,3.98427e-05,70,0.2775
31986,2.0415,,,0.253888,3.98251e-05,70,0.255044
32015,2.0431,,,0.251993,3.98074e-05,70,0.279052
32044,2.0447,,,0.253826,3.97898e-05,70,0.282178
32073,2.0463,,,0.255773,3.97721e-05,70,0.250325
32102,2.0479,,,0.262536,3.97544e-05,70,0.312642
32131,2.0495,,,0.242753,3.97368e-05,70,0.294647
32160,2.0511,,,0.259413,3.97191e-05,70,0.313864
32189,2.0527,,,0.252362,3.97014e-05,70,0.393669
32218,2.0543,,,0.267767,3.96836e-05,70,0.251518
32233,2.0585,0.2637,0.249103,,,70,
32247,2.0597,,,0.247448,3.96659e-05,71,0.25881
32276,2.0613,,,0.254925,3.96482e-05,71,0.271734
32305,2.0629,,,0.269716,3.96304e-05,71,0.283996
32334,2.0645,,,0.244891,3.96126e-05,71,0.289483
32363,2.0661,,,0.247525,3.95949e-05,71,0.250874
32392,2.0677,,,0.229457,3.95771e-05,71,0.294888
32421,2.0693,,,0.235203,3.95593e-05,71,0.253923
32450,2.0709,,,0.268984,3.95415e-05,71,0.320129
32479,2.0725,,,0.249235,3.95237e-05,71,0.264285
32508,2.0741,,,0.250823,3.95058e-05,71,0.312811
32537,2.0757,,,0.239367,3.9488e-05,71,0.408546
32566,2.0773,,,0.255242,3.94701e-05,71,0.28121
32595,2.0789,,,0.250339,3.94523e-05,71,0.300806
32624,2.0805,,,0.250152,3.94344e-05,71,0.285743
32653,2.0821,,,0.256868,3.94165e-05,71,0.222604
32682,2.0837,,,0.238188,3.93986e-05,71,0.267044
32687,2.0874,0.263353,0.248943,,,71,
32711,2.0891,,,0.22165,3.93807e-05,72,0.266518
32740,2.0907,,,0.235923,3.93628e-05,72,0.368224
32769,2.0923,,,0.247088,3.93448e-05,72,0.373129
32798,2.0939,,,0.256159,3.93269e-05,72,0.273044
32827,2.0955,,,0.241967,3.93089e-05,72,0.245667
32856,2.0971,,,0.24221,3.9291e-05,72,0.287689
32885,2.0987,,,0.250778,3.9273e-05,72,0.243835
32914,2.1003,,,0.243786,3.9255e-05,72,0.272271
32943,2.1019,,,0.249865,3.9237e-05,72,0.305343
32972,2.1035,,,0.233789,3.9219e-05,72,0.300143
33001,2.1051,,,0.250742,3.9201e-05,72,0.264758
33030,2.1067,,,0.250701,3.9183e-05,72,0.352122
33059,2.1083,,,0.239081,3.91649e-05,72,0.378319
33088,2.1099,,,0.24945,3.91469e-05,72,0.273592
33117,2.1115,,,0.242071,3.91288e-05,72,0.243872
33141,2.1162,0.263114,0.248456,,,72,
33146,2.1169,,,0.254248,3.91107e-05,73,0.2643
33175,2.1185,,,0.268471,3.90927e-05,73,0.274768
33204,2.1201,,,0.242288,3.90746e-05,73,0.29943
33233,2.1218,,,0.247177,3.90565e-05,73,0.290131
33262,2.1235,,,0.243201,3.90383e-05,73,0.38039
33291,2.1251,,,0.2394,3.90202e-05,73,0.318831
33320,2.1267,,,0.235879,3.90021e-05,73,0.3083
33349,2.1283,,,0.242417,3.89839e-05,73,0.333831
33378,2.1299,,,0.239912,3.89658e-05,73,0.261379
33407,2.1315,,,0.249717,3.89476e-05,73,0.229846
33436,2.1331,,,0.254773,3.89294e-05,73,0.258611
33465,2.1347,,,0.240867,3.89112e-05,73,0.303759
33494,2.1363,,,0.239642,3.8893e-05,73,0.33378
33523,2.1379,,,0.249296,3.88748e-05,73,0.34023
33552,2.1395,,,0.241005,3.88566e-05,73,0.299371
33581,2.1411,,,0.240417,3.88384e-05,73,0.226264
33595,2.1453,0.262423,0.247896,,,73,
33610,2.1465,,,0.239606,3.88201e-05,74,0.219985
33639,2.1481,,,0.239817,3.88019e-05,74,0.313523
33668,2.1497,,,0.245353,3.87836e-05,74,0.2315
33697,2.1513,,,0.242119,3.87653e-05,74,0.297122
33726,2.1529,,,0.239219,3.8747e-05,74,0.245903
33755,2.1545,,,0.258113,3.87287e-05,74,0.245792
33784,2.1562,,,0.241576,3.87104e-05,74,0.298478
33813,2.1578,,,0.250056,3.86921e-05,74,0.333189
33842,2.1594,,,0.242546,3.86738e-05,74,0.219804
33871,2.1610,,,0.245864,3.86554e-05,74,0.301368
33900,2.1626,,,0.254718,3.86371e-05,74,0.306779
33929,2.1642,,,0.242759,3.86187e-05,74,0.328768
33958,2.1658,,,0.248329,3.86003e-05,74,0.334444
33987,2.1674,,,0.251636,3.8582e-05,74,0.252057
34016,2.1690,,,0.245617,3.85636e-05,74,0.293047
34045,2.1705,,,0.258115,3.85452e-05,74,0.27795
34049,2.1742,0.262892,0.247091,,,74,
34074,2.1759,,,0.258469,3.85268e-05,75,0.245469
34103,2.1775,,,0.246885,3.85083e-05,75,0.291798
34132,2.1791,,,0.231044,3.84899e-05,75,0.320289
34161,2.1807,,,0.238892,3.84715e-05,75,0.329876
34190,2.1823,,,0.255939,3.8453e-05,75,0.271896
34219,2.1839,,,0.220934,3.84345e-05,75,0.327814
34248,2.1855,,,0.249017,3.84161e-05,75,0.281074
34277,2.1871,,,0.269251,3.83976e-05,75,0.2886
34306,2.1887,,,0.242226,3.83791e-05,75,0.260804
34335,2.1903,,,0.243607,3.83606e-05,75,0.22933
34364,2.1919,,,0.263647,3.83421e-05,75,0.259171
34393,2.1935,,,0.234533,3.83235e-05,75,0.284121
34422,2.1951,,,0.244871,3.8305e-05,75,0.272773
34451,2.1967,,,0.264299,3.82865e-05,75,0.289784
34480,2.1983,,,0.261092,3.82679e-05,75,0.402168
34503,2.2030,0.262938,0.246666,,,75,
34509,2.2036,,,0.244622,3.82493e-05,76,0.385141
34538,2.2052,,,0.254484,3.82308e-05,76,0.260989
34567,2.2068,,,0.231796,3.82122e-05,76,0.243364
34596,2.2084,,,0.253149,3.81936e-05,76,0.347283
34625,2.2100,,,0.253944,3.8175e-05,76,0.330356
34654,2.2116,,,0.247864,3.81563e-05,76,0.254844
34683,2.2132,,,0.244036,3.81377e-05,76,0.202458
34712,2.2148,,,0.24284,3.81191e-05,76,0.288057
34741,2.2164,,,0.252147,3.81004e-05,76,0.443324
34770,2.2180,,,0.243284,3.80818e-05,76,0.297531
34799,2.2196,,,0.250433,3.80631e-05,76,0.275276
34828,2.2212,,,0.251767,3.80444e-05,76,0.36985
34857,2.2228,,,0.240769,3.80257e-05,76,0.277883
34886,2.2244,,,0.248937,3.8007e-05,76,0.239101
34915,2.2260,,,0.256964,3.79883e-05,76,0.268156
34944,2.2276,,,0.262113,3.79696e-05,76,0.257023
34957,2.2317,0.261643,0.246021,,,76,
34973,2.2330,,,0.247055,3.79509e-05,77,0.270966
35002,2.2346,,,0.252157,3.79322e-05,77,0.267064
35031,2.2362,,,0.238569,3.79134e-05,77,0.274281
35060,2.2378,,,0.251087,3.78946e-05,77,0.386066
35089,2.2394,,,0.249878,3.78759e-05,77,0.247777
35118,2.2410,,,0.259157,3.78571e-05,77,0.259818
35147,2.2426,,,0.245572,3.78383e-05,77,0.281323
35176,2.2442,,,0.241887,3.78195e-05,77,0.258988
35205,2.2458,,,0.241104,3.78007e-05,77,0.365536
35234,2.2474,,,0.246463,3.77819e-05,77,0.272276
35263,2.2490,,,0.256516,3.77631e-05,77,0.30011
35292,2.2506,,,0.253916,3.77442e-05,77,0.279902
35321,2.2522,,,0.244852,3.77254e-05,77,0.283659
35350,2.2538,,,0.260261,3.77065e-05,77,0.238467
35379,2.2554,,,0.242288,3.76877e-05,77,0.331206
35408,2.2570,,,0.240353,3.76688e-05,77,0.244365
35411,2.2605,0.26129,0.245542,,,77,
35437,2.2623,,,0.251107,3.76499e-05,78,0.476161
35466,2.2639,,,0.230643,3.7631e-05,78,0.333786
35495,2.2655,,,0.247219,3.76121e-05,78,0.208983
35524,2.2671,,,0.239693,3.75932e-05,78,0.259256
35553,2.2687,,,0.265501,3.75743e-05,78,0.309347
35582,2.2703,,,0.237311,3.75553e-05,78,0.36157
35611,2.2719,,,0.239989,3.75364e-05,78,0.253961
35640,2.2735,,,0.244857,3.75174e-05,78,0.29403
35669,2.2751,,,0.24296,3.74985e-05,78,0.322897
35698,2.2767,,,0.245708,3.74795e-05,78,0.251039
35727,2.2783,,,0.240487,3.74605e-05,78,0.227663
35756,2.2799,,,0.253612,3.74415e-05,78,0.289508
35785,2.2815,,,0.247109,3.74225e-05,78,0.322856
35814,2.2831,,,0.251115,3.74035e-05,78,0.327358
35843,2.2847,,,0.246866,3.73845e-05,78,0.268855
35865,2.2893,0.261621,0.245392,,,78,
35872,2.2900,,,0.243333,3.73655e-05,79,0.297018
35901,2.2916,,,0.250276,3.73464e-05,79,0.297939
35930,2.2932,,,0.266376,3.73274e-05,79,0.310796
35959,2.2948,,,0.246489,3.73083e-05,79,0.275464
35988,2.2964,,,0.249479,3.72893e-05,79,0.276626
36017,2.2980,,,0.254908,3.72702e-05,79,0.294923
36046,2.2996,,,0.242964,3.72511e-05,79,0.258612
36075,2.3012,,,0.244788,3.7232e-05,79,0.28273
36104,2.3029,,,0.236329,3.72129e-05,79,0.307612
36133,2.3045,,,0.246982,3.71938e-05,79,0.28417
36162,2.3061,,,0.244134,3.71747e-05,79,0.281956
36191,2.3077,,,0.240372,3.71555e-05,79,0.296545
36220,2.3093,,,0.232542,3.71364e-05,79,0.323645
36249,2.3109,,,0.24974,3.71172e-05,79,0.2369
36278,2.3125,,,0.224293,3.70981e-05,79,0.266513
36307,2.3141,,,0.245762,3.70789e-05,79,0.293981
36319,2.3181,0.262113,0.244838,,,79,
36336,2.3195,,,0.255177,3.70597e-05,80,0.321438
36365,2.3212,,,0.237056,3.70405e-05,80,0.217454
36394,2.3228,,,0.246301,3.70213e-05,80,0.269639
36423,2.3244,,,0.23262,3.70021e-05,80,0.264082
36452,2.3261,,,0.249746,3.69829e-05,80,0.318016
36481,2.3278,,,0.236818,3.69637e-05,80,0.270224
36510,2.3294,,,0.240401,3.69445e-05,80,0.258391
36539,2.3310,,,0.24838,3.69252e-05,80,0.282876
36568,2.3326,,,0.231639,3.6906e-05,80,0.240058
36597,2.3342,,,0.246237,3.68867e-05,80,0.247225
36626,2.3358,,,0.244089,3.68674e-05,80,0.212738
36655,2.3374,,,0.245534,3.68481e-05,80,0.284338
36684,2.3390,,,0.2397,3.68289e-05,80,0.280092
36713,2.3406,,,0.24804,3.68096e-05,80,0.287222
36742,2.3422,,,0.226968,3.67902e-05,80,0.284539
36771,2.3438,,,0.251986,3.67709e-05,80,0.292715
36773,2.3473,0.261598,0.244376,,,80,
36800,2.3491,,,0.239967,3.67516e-05,81,0.261835
36829,2.3507,,,0.245995,3.67323e-05,81,0.3169
36858,2.3523,,,0.238918,3.67129e-05,81,0.251221
36887,2.3540,,,0.228992,3.66936e-05,81,0.286621
36916,2.3556,,,0.237609,3.66742e-05,81,0.25791
36945,2.3572,,,0.25527,3.66548e-05,81,0.225492
36974,2.3588,,,0.251137,3.66355e-05,81,0.281187
37003,2.3604,,,0.254402,3.66161e-05,81,0.24355
37032,2.3620,,,0.242773,3.65967e-05,81,0.216041
37061,2.3636,,,0.2499,3.65773e-05,81,0.299624
37090,2.3652,,,0.255354,3.65579e-05,81,0.248943
37119,2.3668,,,0.239102,3.65384e-05,81,0.27632
37148,2.3684,,,0.231803,3.6519e-05,81,0.303756
37177,2.3700,,,0.241446,3.64996e-05,81,0.324751
37206,2.3716,,,0.267452,3.64801e-05,81,0.268222
37227,2.3761,0.261354,0.243957,,,81,
37235,2.3769,,,0.241711,3.64606e-05,82,0.241036
37264,2.3785,,,0.250619,3.64412e-05,82,0.317597
37293,2.3801,,,0.243607,3.64217e-05,82,0.310562
37322,2.3817,,,0.23584,3.64022e-05,82,0.40346
37351,2.3833,,,0.234227,3.63827e-05,82,0.368745
37380,2.3849,,,0.256801,3.63632e-05,82,0.354599
37409,2.3865,,,0.242422,3.63437e-05,82,0.227779
37438,2.3881,,,0.24628,3.63242e-05,82,0.268718
37467,2.3897,,,0.256925,3.63047e-05,82,0.216151
37496,2.3913,,,0.24865,3.62851e-05,82,0.274819
37525,2.3929,,,0.257068,3.62656e-05,82,0.352218
37554,2.3945,,,0.240093,3.6246e-05,82,0.258982
37583,2.3961,,,0.230851,3.62265e-05,82,0.271458
37612,2.3977,,,0.248139,3.62069e-05,82,0.275619
37641,2.3993,,,0.243526,3.61873e-05,82,0.242556
37670,2.4009,,,0.250461,3.61677e-05,82,0.271977
37681,2.4049,0.260972,0.243366,,,82,
37699,2.4062,,,0.236664,3.61481e-05,83,0.241486
37728,2.4078,,,0.237741,3.61285e-05,83,0.285516
37757,2.4094,,,0.263591,3.61089e-05,83,0.315991
37786,2.4110,,,0.243978,3.60893e-05,83,0.244788
37815,2.4126,,,0.248524,3.60696e-05,83,0.282561
37844,2.4142,,,0.24205,3.605e-05,83,0.399721
37873,2.4158,,,0.244112,3.60303e-05,83,0.285111
37902,2.4174,,,0.263686,3.60107e-05,83,0.309089
37931,2.4190,,,0.268526,3.5991e-05,83,0.331489
37960,2.4206,,,0.236671,3.59713e-05,83,0.228605
37989,2.4222,,,0.226485,3.59517e-05,83,0.249601
38018,2.4238,,,0.235327,3.5932e-05,83,0.303878
38047,2.4254,,,0.231106,3.59123e-05,83,0.230688
38076,2.4270,,,0.250715,3.58926e-05,83,0.240046
38105,2.4286,,,0.243928,3.58728e-05,83,0.347817
38134,2.4302,,,0.243837,3.58531e-05,83,0.326088
38135,2.4337,0.260732,0.243165,,,83,
38163,2.4356,,,0.241045,3.58334e-05,84,0.261357
38192,2.4372,,,0.234664,3.58136e-05,84,0.268077
38221,2.4388,,,0.242607,3.57939e-05,84,0.356043
38250,2.4404,,,0.254618,3.57741e-05,84,0.273518
38279,2.4420,,,0.244021,3.57544e-05,84,0.248566
38308,2.4436,,,0.242681,3.57346e-05,84,0.373758
38337,2.4452,,,0.240785,3.57148e-05,84,0.322355
38366,2.4468,,,0.251303,3.5695e-05,84,0.249107
38395,2.4484,,,0.247245,3.56752e-05,84,0.306887
38424,2.4500,,,0.239362,3.56554e-05,84,0.276121
38453,2.4516,,,0.233544,3.56356e-05,84,0.257455
38482,2.4532,,,0.240367,3.56158e-05,84,0.276989
38511,2.4548,,,0.248691,3.55959e-05,84,0.271273
38540,2.4564,,,0.254389,3.55761e-05,84,0.366004
38569,2.4580,,,0.236296,3.55563e-05,84,0.333259
38589,2.4625,0.260489,0.242571,,,84,
38598,2.4633,,,0.244396,3.55364e-05,85,0.245089
38627,2.4649,,,0.240922,3.55165e-05,85,0.277522
38656,2.4665,,,0.242296,3.54967e-05,85,0.263408
38685,2.4681,,,0.231096,3.54768e-05,85,0.368587
38714,2.4697,,,0.257683,3.54569e-05,85,0.23006
38743,2.4713,,,0.251966,3.5437e-05,85,0.351101
38772,2.4729,,,0.250128,3.54171e-05,85,0.367391
38801,2.4745,,,0.242602,3.53972e-05,85,0.27039
38830,2.4761,,,0.255009,3.53773e-05,85,0.285775
38859,2.4778,,,0.245206,3.53573e-05,85,0.266018
38888,2.4794,,,0.239586,3.53374e-05,85,0.221168
38917,2.4810,,,0.217961,3.53174e-05,85,0.269249
38946,2.4826,,,0.254086,3.52975e-05,85,0.294811
38975,2.4842,,,0.245228,3.52775e-05,85,0.260087
39004,2.4858,,,0.240545,3.52576e-05,85,0.261911
39033,2.4874,,,0.244388,3.52376e-05,85,0.320402
39043,2.4913,0.260139,0.242179,,,85,
39062,2.4927,,,0.233664,3.52176e-05,86,0.290571
39091,2.4943,,,0.237096,3.51976e-05,86,0.259552
39120,2.4959,,,0.238992,3.51776e-05,86,0.283355
39149,2.4975,,,0.230542,3.51576e-05,86,0.296942
39178,2.4991,,,0.257288,3.51376e-05,86,0.28761
39207,2.5007,,,0.255455,3.51176e-05,86,0.260758
39236,2.5023,,,0.244577,3.50975e-05,86,0.335123
39265,2.5039,,,0.242337,3.50775e-05,86,0.341592
39294,2.5055,,,0.234908,3.50575e-05,86,0.368875
39323,2.5071,,,0.235429,3.50374e-05,86,0.266001
39352,2.5087,,,0.245237,3.50173e-05,86,0.291979
39381,2.5103,,,0.231026,3.49973e-05,86,0.330885
39410,2.5119,,,0.239433,3.49772e-05,86,0.254812
39439,2.5135,,,0.243217,3.49571e-05,86,0.277293
39468,2.5151,,,0.244901,3.4937e-05,86,0.214426
39497,2.5200,0.260056,0.241842,0.231562,3.49169e-05,86,0.288527
39526,2.5220,,,0.239967,3.48968e-05,87,0.29032
39555,2.5237,,,0.236201,3.48767e-05,87,0.344479
39584,2.5254,,,0.245449,3.48566e-05,87,0.230829
39613,2.5271,,,0.242585,3.48364e-05,87,0.352078
39642,2.5287,,,0.240455,3.48163e-05,87,0.342653
39671,2.5303,,,0.235063,3.47962e-05,87,0.234839
39700,2.5320,,,0.239666,3.4776e-05,87,0.288934
39729,2.5336,,,0.235584,3.47558e-05,87,0.219526
39758,2.5352,,,0.241771,3.47357e-05,87,0.35012
39787,2.5368,,,0.251573,3.47155e-05,87,0.333806
39816,2.5384,,,0.237359,3.46953e-05,87,0.284298
39845,2.5400,,,0.229626,3.46751e-05,87,0.267565
39874,2.5416,,,0.233832,3.46549e-05,87,0.253273
39903,2.5432,,,0.24158,3.46347e-05,87,0.247581
39932,2.5448,,,0.246164,3.46145e-05,87,0.263269
39951,2.5492,0.259735,0.241219,,,87,
39961,2.5501,,,0.23757,3.45943e-05,88,0.30686
39990,2.5517,,,0.243447,3.45741e-05,88,0.251434
40019,2.5534,,,0.238889,3.45538e-05,88,0.267401
40048,2.5550,,,0.242391,3.45336e-05,88,0.239156
40077,2.5566,,,0.2358,3.45133e-05,88,0.249494
40106,2.5582,,,0.253643,3.44931e-05,88,0.435594
40135,2.5598,,,0.221736,3.44728e-05,88,0.223622
40164,2.5614,,,0.237171,3.44525e-05,88,0.242896
40193,2.5630,,,0.247292,3.44323e-05,88,0.235327
40222,2.5646,,,0.235878,3.4412e-05,88,0.260511
40251,2.5662,,,0.237159,3.43917e-05,88,0.380196
40280,2.5678,,,0.231894,3.43714e-05,88,0.301094
40309,2.5694,,,0.238899,3.43511e-05,88,0.279444
40338,2.5710,,,0.223708,3.43308e-05,88,0.304982
40367,2.5726,,,0.253198,3.43104e-05,88,0.225662
40396,2.5742,,,0.238064,3.42901e-05,88,0.211081
40405,2.5781,0.259738,0.240785,,,88,
40425,2.5795,,,0.255456,3.42698e-05,89,0.35807
40454,2.5811,,,0.228241,3.42494e-05,89,0.30247
40483,2.5827,,,0.246781,3.42291e-05,89,0.285982
40512,2.5843,,,0.256626,3.42087e-05,89,0.321323
40541,2.5859,,,0.254888,3.41884e-05,89,0.264371
40570,2.5875,,,0.261876,3.4168e-05,89,0.270453
40599,2.5891,,,0.256287,3.41476e-05,89,0.370966
40628,2.5907,,,0.228982,3.41272e-05,89,0.281015
40657,2.5923,,,0.244231,3.41068e-05,89,0.292274
40686,2.5939,,,0.251942,3.40864e-05,89,0.281831
40715,2.5955,,,0.239139,3.4066e-05,89,0.304439
40744,2.5971,,,0.221832,3.40456e-05,89,0.213831
40773,2.5988,,,0.241606,3.40252e-05,89,0.255729
40802,2.6004,,,0.232232,3.40048e-05,89,0.308423
40831,2.6020,,,0.234077,3.39843e-05,89,0.249309
40859,2.6069,0.259783,0.240468,,,89,
40860,2.6073,,,0.244858,3.39639e-05,90,0.283477
40889,2.6089,,,0.253405,3.39435e-05,90,0.38039
40918,2.6105,,,0.235821,3.3923e-05,90,0.29647
40947,2.6121,,,0.240316,3.39025e-05,90,0.274423
40976,2.6137,,,0.248663,3.38821e-05,90,0.314777
41005,2.6153,,,0.250636,3.38616e-05,90,0.32689
41034,2.6169,,,0.239253,3.38411e-05,90,0.375454
41063,2.6185,,,0.261372,3.38206e-05,90,0.294007
41092,2.6201,,,0.246643,3.38001e-05,90,0.283179
41121,2.6217,,,0.247176,3.37796e-05,90,0.286527
41150,2.6233,,,0.245362,3.37591e-05,90,0.279588
41179,2.6250,,,0.246742,3.37386e-05,90,0.361747
41208,2.6266,,,0.238389,3.37181e-05,90,0.321148
41237,2.6282,,,0.246187,3.36975e-05,90,0.263433
41266,2.6298,,,0.247844,3.3677e-05,90,0.263928
41295,2.6314,,,0.247518,3.36565e-05,90,0.237827
41313,2.6357,0.259351,0.240042,,,90,
41324,2.6367,,,0.23442,3.36359e-05,91,0.294383
41353,2.6383,,,0.239482,3.36154e-05,91,0.3244
41382,2.6399,,,0.24802,3.35948e-05,91,0.369581
41411,2.6415,,,0.24727,3.35742e-05,91,0.30069
41440,2.6431,,,0.244035,3.35537e-05,91,0.271207
41469,2.6447,,,0.243492,3.35331e-05,91,0.270975
41498,2.6463,,,0.221942,3.35125e-05,91,0.256435
41527,2.6479,,,0.223439,3.34919e-05,91,0.276081
41556,2.6495,,,0.24265,3.34713e-05,91,0.235338
41585,2.6511,,,0.237307,3.34507e-05,91,0.255012
41614,2.6528,,,0.247649,3.34301e-05,91,0.23831
41643,2.6544,,,0.24067,3.34094e-05,91,0.424963
41672,2.6560,,,0.24231,3.33888e-05,91,0.301369
41701,2.6576,,,0.239648,3.33682e-05,91,0.360035
41730,2.6592,,,0.23075,3.33475e-05,91,0.349697
41759,2.6607,,,0.246668,3.33269e-05,91,0.238276
41767,2.6646,0.259595,0.239774,,,91,
41788,2.6661,,,0.247134,3.33062e-05,92,0.30161
41817,2.6677,,,0.229313,3.32856e-05,92,0.208887
41846,2.6693,,,0.220587,3.32649e-05,92,0.257734
41875,2.6709,,,0.231336,3.32442e-05,92,0.325434
41904,2.6725,,,0.229128,3.32236e-05,92,0.296865
41933,2.6741,,,0.243769,3.32029e-05,92,0.241731
41962,2.6757,,,0.23938,3.31822e-05,92,0.290331
41991,2.6773,,,0.258151,3.31615e-05,92,0.340964
42020,2.6789,,,0.254736,3.31408e-05,92,0.314822
42049,2.6805,,,0.249439,3.31201e-05,92,0.270274
42078,2.6821,,,0.246037,3.30994e-05,92,0.230692
42107,2.6837,,,0.231161,3.30786e-05,92,0.279907
42136,2.6853,,,0.22621,3.30579e-05,92,0.288316
42165,2.6869,,,0.22639,3.30372e-05,92,0.258341
42194,2.6885,,,0.237356,3.30164e-05,92,0.240282
42221,2.6933,0.259001,0.238869,,,92,
42223,2.6938,,,0.244489,3.29957e-05,93,0.245716
42252,2.6954,,,0.233501,3.29749e-05,93,0.255757
42281,2.6970,,,0.231414,3.29542e-05,93,0.223268
42310,2.6987,,,0.227424,3.29334e-05,93,0.244286
42339,2.7003,,,0.239732,3.29126e-05,93,0.2701
42368,2.7019,,,0.249741,3.28919e-05,93,0.343957
42397,2.7035,,,0.235342,3.28711e-05,93,0.217669
42426,2.7051,,,0.233915,3.28503e-05,93,0.282645
42455,2.7067,,,0.25363,3.28295e-05,93,0.253992
42484,2.7083,,,0.252973,3.28087e-05,93,0.355142
42513,2.7099,,,0.240769,3.27879e-05,93,0.242607
42542,2.7116,,,0.245544,3.27671e-05,93,0.277982
42571,2.7132,,,0.240899,3.27463e-05,93,0.242619
42600,2.7148,,,0.236418,3.27254e-05,93,0.241981
42629,2.7164,,,0.236139,3.27046e-05,93,0.378603
42658,2.7180,,,0.246117,3.26838e-05,93,0.245445
42675,2.7223,0.258583,0.238643,,,93,
42687,2.7233,,,0.24172,3.26629e-05,94,0.240025
42716,2.7249,,,0.243293,3.26421e-05,94,0.420902
42745,2.7267,,,0.24418,3.26212e-05,94,0.250653
42774,2.7283,,,0.22747,3.26003e-05,94,0.28415
42803,2.7299,,,0.25248,3.25795e-05,94,0.288199
42832,2.7316,,,0.229327,3.25586e-05,94,0.26181
42861,2.7332,,,0.234242,3.25377e-05,94,0.298623
42890,2.7349,,,0.239632,3.25168e-05,94,0.303547
42919,2.7365,,,0.237654,3.2496e-05,94,0.270613
42948,2.7382,,,0.247735,3.24751e-05,94,0.302753
42977,2.7398,,,0.228096,3.24542e-05,94,0.432279
43006,2.7414,,,0.236391,3.24333e-05,94,0.297471
43035,2.7430,,,0.256953,3.24123e-05,94,0.291865
43064,2.7446,,,0.227478,3.23914e-05,94,0.287609
43093,2.7462,,,0.235382,3.23705e-05,94,0.264219
43122,2.7478,,,0.239623,3.23496e-05,94,0.352663
43129,2.7516,0.258635,0.238504,,,94,
43151,2.7531,,,0.241481,3.23286e-05,95,0.278341
43180,2.7547,,,0.244759,3.23077e-05,95,0.319286
43209,2.7563,,,0.228277,3.22867e-05,95,0.281398
43238,2.7580,,,0.250567,3.22658e-05,95,0.233259
43267,2.7596,,,0.232636,3.22448e-05,95,0.370989
43296,2.7612,,,0.226601,3.22239e-05,95,0.27102
43325,2.7629,,,0.241753,3.22029e-05,95,0.344724
43354,2.7645,,,0.230377,3.21819e-05,95,0.44732
43383,2.7661,,,0.234026,3.21609e-05,95,0.262731
43412,2.7677,,,0.236294,3.214e-05,95,0.249779
43441,2.7693,,,0.223339,3.2119e-05,95,0.218535
43470,2.7709,,,0.255793,3.2098e-05,95,0.36257
43499,2.7725,,,0.246899,3.2077e-05,95,0.238072
43528,2.7741,,,0.234537,3.2056e-05,95,0.252199
43557,2.7758,,,0.253037,3.20349e-05,95,0.255785
43583,2.7805,0.25816,0.238058,,,95,
43586,2.7811,,,0.225367,3.20139e-05,96,0.232574
43615,2.7827,,,0.227972,3.19929e-05,96,0.254539
43644,2.7843,,,0.234799,3.19719e-05,96,0.326627
43673,2.7859,,,0.233744,3.19508e-05,96,0.251619
43702,2.7875,,,0.233843,3.19298e-05,96,0.265806
43731,2.7891,,,0.235861,3.19088e-05,96,0.212493
43760,2.7907,,,0.24473,3.18877e-05,96,0.28662
43789,2.7924,,,0.230997,3.18667e-05,96,0.261625
43818,2.7940,,,0.225143,3.18456e-05,96,0.253128
43847,2.7956,,,0.25544,3.18245e-05,96,0.279188
43876,2.7972,,,0.239442,3.18035e-05,96,0.281885
43905,2.7988,,,0.244427,3.17824e-05,96,0.291718
43934,2.8004,,,0.237614,3.17613e-05,96,0.303148
43963,2.8020,,,0.236,3.17402e-05,96,0.330682
43992,2.8036,,,0.258367,3.17191e-05,96,0.269196
44021,2.8053,,,0.251626,3.1698e-05,96,0.251607
44037,2.8095,0.258453,0.237551,,,96,
44050,2.8106,,,0.2265,3.16769e-05,97,0.274654
44079,2.8122,,,0.233448,3.16558e-05,97,0.222868
44108,2.8138,,,0.242475,3.16347e-05,97,0.281658
44137,2.8154,,,0.242054,3.16136e-05,97,0.250586
44166,2.8171,,,0.241343,3.15925e-05,97,0.234743
44195,2.8187,,,0.244817,3.15713e-05,97,0.286817
44224,2.8203,,,0.243202,3.15502e-05,97,0.331561
44253,2.8219,,,0.235723,3.15291e-05,97,0.336223
44282,2.8235,,,0.233347,3.15079e-05,97,0.421667
44311,2.8251,,,0.235559,3.14868e-05,97,0.281996
44340,2.8267,,,0.218132,3.14656e-05,97,0.270665
44369,2.8283,,,0.24738,3.14445e-05,97,0.406852
44398,2.8299,,,0.229098,3.14233e-05,97,0.23026
44427,2.8315,,,0.22402,3.14021e-05,97,0.253047
44456,2.8331,,,0.220371,3.1381e-05,97,0.23641
44485,2.8347,,,0.252183,3.13598e-05,97,0.281742
44491,2.8385,0.258377,0.237082,,,97,
44514,2.8401,,,0.251121,3.13386e-05,98,0.255542
44543,2.8417,,,0.238623,3.13174e-05,98,0.278808
44572,2.8433,,,0.248692,3.12962e-05,98,0.404028
44601,2.8449,,,0.247072,3.1275e-05,98,0.307826
44630,2.8465,,,0.234739,3.12538e-05,98,0.414373
44659,2.8481,,,0.242173,3.12326e-05,98,0.286758
44688,2.8497,,,0.22848,3.12114e-05,98,0.246448
44717,2.8514,,,0.254431,3.11902e-05,98,0.261238
44746,2.8530,,,0.243344,3.1169e-05,98,0.296935
44775,2.8546,,,0.234263,3.11477e-05,98,0.335329
44804,2.8562,,,0.243982,3.11265e-05,98,0.260368
44833,2.8578,,,0.21536,3.11053e-05,98,0.282467
44862,2.8594,,,0.234556,3.1084e-05,98,0.262292
44891,2.8610,,,0.229442,3.10628e-05,98,0.221862
44920,2.8626,,,0.236099,3.10415e-05,98,0.306887
44945,2.8674,0.258594,0.236892,,,98,
44949,2.8680,,,0.232368,3.10203e-05,99,0.280226
44978,2.8696,,,0.245231,3.0999e-05,99,0.269357
45007,2.8712,,,0.237544,3.09778e-05,99,0.274841
45036,2.8728,,,0.234197,3.09565e-05,99,0.305149
45065,2.8744,,,0.224765,3.09352e-05,99,0.210967
45094,2.8760,,,0.228959,3.09139e-05,99,0.222167
45123,2.8776,,,0.235267,3.08927e-05,99,0.256569
45152,2.8792,,,0.236516,3.08714e-05,99,0.294647
45181,2.8808,,,0.229636,3.08501e-05,99,0.292441
45210,2.8824,,,0.234364,3.08288e-05,99,0.227379
45239,2.8840,,,0.239901,3.08075e-05,99,0.230603
45268,2.8856,,,0.222337,3.07862e-05,99,0.220998
45297,2.8872,,,0.223823,3.07649e-05,99,0.313513
45326,2.8889,,,0.241784,3.07436e-05,99,0.326273
45355,2.8905,,,0.242482,3.07223e-05,99,0.276991
45384,2.8921,,,0.232863,3.07009e-05,99,0.29154
45399,2.8963,0.257832,0.236595,,,99,
45413,2.8977,,,0.220104,3.06796e-05,100,0.251887
45442,2.8994,,,0.238911,3.06583e-05,100,0.315981
45471,2.9010,,,0.231596,3.06369e-05,100,0.281919
45500,2.9026,,,0.234315,3.06156e-05,100,0.244937
45529,2.9042,,,0.237324,3.05943e-05,100,0.329624
45558,2.9058,,,0.239732,3.05729e-05,100,0.221587
45587,2.9074,,,0.241299,3.05516e-05,100,0.371653
45616,2.9091,,,0.223104,3.05302e-05,100,0.299047
45645,2.9107,,,0.248763,3.05088e-05,100,0.253797
45674,2.9123,,,0.24224,3.04875e-05,100,0.286356
45703,2.9139,,,0.236295,3.04661e-05,100,0.251889
45732,2.9155,,,0.242695,3.04447e-05,100,0.331976
45761,2.9171,,,0.231884,3.04234e-05,100,0.267401
45790,2.9188,,,0.235856,3.0402e-05,100,0.230967
45819,2.9204,,,0.222211,3.03806e-05,100,0.269934
45848,2.9220,,,0.222943,3.03592e-05,100,0.24778
45853,2.9257,0.257349,0.23588,,,100,
45877,2.9274,,,0.235008,3.03378e-05,101,0.271387
45906,2.9290,,,0.251036,3.03164e-05,101,0.227705
45935,2.9307,,,0.237722,3.0295e-05,101,0.324035
45964,2.9324,,,0.239548,3.02736e-05,101,0.234382
45993,2.9341,,,0.230474,3.02522e-05,101,0.240113
46022,2.9358,,,0.226058,3.02308e-05,101,0.293789
46051,2.9375,,,0.240204,3.02094e-05,101,0.319191
46080,2.9391,,,0.244521,3.01879e-05,101,0.253069
46109,2.9407,,,0.230255,3.01665e-05,101,0.226744
46138,2.9424,,,0.21691,3.01451e-05,101,0.210273
46167,2.9440,,,0.242107,3.01237e-05,101,0.254512
46196,2.9456,,,0.250386,3.01022e-05,101,0.29115
46225,2.9472,,,0.237951,3.00808e-05,101,0.266445
46254,2.9488,,,0.232494,3.00593e-05,101,0.284282
46283,2.9505,,,0.242478,3.00379e-05,101,0.442223
46307,2.9552,0.257162,0.235983,,,101,
46312,2.9559,,,0.230282,3.00164e-05,102,0.28397
46341,2.9575,,,0.231057,2.9995e-05,102,0.256851
46370,2.9591,,,0.240346,2.99735e-05,102,0.357964
46399,2.9607,,,0.23563,2.9952e-05,102,0.269352
46428,2.9623,,,0.231046,2.99306e-05,102,0.26034
46457,2.9640,,,0.239391,2.99091e-05,102,0.253646
46486,2.9656,,,0.242707,2.98876e-05,102,0.394945
46515,2.9672,,,0.239336,2.98661e-05,102,0.275733
46544,2.9688,,,0.237816,2.98447e-05,102,0.268825
46573,2.9704,,,0.230994,2.98232e-05,102,0.276431
46602,2.9720,,,0.22317,2.98017e-05,102,0.271353
46631,2.9737,,,0.227211,2.97802e-05,102,0.243324
46660,2.9753,,,0.22936,2.97587e-05,102,0.220847
46689,2.9769,,,0.234282,2.97372e-05,102,0.261964
46718,2.9785,,,0.237748,2.97157e-05,102,0.293021
46747,2.9801,,,0.226181,2.96942e-05,102,0.26986
46761,2.9843,0.257019,0.235404,,,102,
46776,2.9854,,,0.24289,2.96727e-05,103,0.311548
46805,2.9870,,,0.228126,2.96511e-05,103,0.303469
46834,2.9887,,,0.25369,2.96296e-05,103,0.351955
46863,2.9903,,,0.233283,2.96081e-05,103,0.263082
46892,2.9919,,,0.216735,2.95866e-05,103,0.255713
46921,2.9935,,,0.233381,2.9565e-05,103,0.259099
46950,2.9951,,,0.239953,2.95435e-05,103,0.240246
46979,2.9967,,,0.230978,2.9522e-05,103,0.24833
47008,2.9984,,,0.237025,2.95004e-05,103,0.23864
47037,3.0000,,,0.229514,2.94789e-05,103,0.243034
47066,3.0016,,,0.231385,2.94573e-05,103,0.250299
47095,3.0032,,,0.250051,2.94358e-05,103,0.289133
47124,3.0048,,,0.236288,2.94142e-05,103,0.31841
47153,3.0064,,,0.235559,2.93927e-05,103,0.247422
47182,3.0081,,,0.249229,2.93711e-05,103,0.246192
47211,3.0097,,,0.236305,2.93496e-05,103,0.288818
47215,3.0134,0.257246,0.235064,,,103,
47240,3.0151,,,0.238976,2.9328e-05,104,0.23596
47269,3.0167,,,0.231485,2.93064e-05,104,0.188428
47298,3.0183,,,0.229112,2.92848e-05,104,0.260616
47327,3.0199,,,0.242522,2.92633e-05,104,0.220436
47356,3.0216,,,0.242108,2.92417e-05,104,0.254766
47385,3.0232,,,0.243092,2.92201e-05,104,0.24204
47414,3.0248,,,0.24185,2.91985e-05,104,0.227036
47443,3.0264,,,0.225134,2.91769e-05,104,0.284315
47472,3.0280,,,0.215975,2.91553e-05,104,0.371623
47501,3.0297,,,0.245381,2.91337e-05,104,0.330438
47530,3.0313,,,0.233655,2.91121e-05,104,0.258882
47559,3.0329,,,0.230421,2.90905e-05,104,0.277213
47588,3.0345,,,0.23399,2.90689e-05,104,0.253675
47617,3.0361,,,0.242423,2.90473e-05,104,0.255002
47646,3.0377,,,0.233261,2.90257e-05,104,0.276305
47669,3.0424,0.257216,0.234927,,,104,
47675,3.0431,,,0.235142,2.90041e-05,105,0.232143
47704,3.0447,,,0.242599,2.89825e-05,105,0.29415
47733,3.0463,,,0.241714,2.89608e-05,105,0.277469
47762,3.0480,,,0.232429,2.89392e-05,105,0.251624
47791,3.0496,,,0.251491,2.89176e-05,105,0.263325
47820,3.0512,,,0.225496,2.88959e-05,105,0.207646
47849,3.0528,,,0.221069,2.88743e-05,105,0.23885
47878,3.0544,,,0.23901,2.88527e-05,105,0.232892
47907,3.0560,,,0.212664,2.8831e-05,105,0.262874
47936,3.0577,,,0.237642,2.88094e-05,105,0.26534
47965,3.0593,,,0.227379,2.87877e-05,105,0.2501
47994,3.0609,,,0.237413,2.87661e-05,105,0.261824
48023,3.0625,,,0.248654,2.87444e-05,105,0.339905
48052,3.0641,,,0.241804,2.87228e-05,105,0.265558
48081,3.0657,,,0.239705,2.87011e-05,105,0.222444
48110,3.0673,,,0.232533,2.86795e-05,105,0.263538
48123,3.0715,0.256491,0.233789,,,105,
48139,3.0727,,,0.229241,2.86578e-05,106,0.291947
48168,3.0743,,,0.237799,2.86361e-05,106,0.282663
48197,3.0760,,,0.237951,2.86145e-05,106,0.265861
48226,3.0776,,,0.230252,2.85928e-05,106,0.239357
48255,3.0792,,,0.222773,2.85711e-05,106,0.274258
48284,3.0808,,,0.234275,2.85494e-05,106,0.245655
48313,3.0824,,,0.226703,2.85278e-05,106,0.261903
48342,3.0840,,,0.23603,2.85061e-05,106,0.278814
48371,3.0857,,,0.235225,2.84844e-05,106,0.235053
48400,3.0873,,,0.227334,2.84627e-05,106,0.273819
48429,3.0889,,,0.219929,2.8441e-05,106,0.320168
48458,3.0905,,,0.2318,2.84193e-05,106,0.275703
48487,3.0921,,,0.24093,2.83976e-05,106,0.29695
48516,3.0937,,,0.223042,2.83759e-05,106,0.400568
48545,3.0954,,,0.236198,2.83542e-05,106,0.264424
48574,3.0969,,,0.230531,2.83325e-05,106,0.289993
48577,3.1005,0.256896,0.234459,,,106,
48603,3.1023,,,0.235289,2.83108e-05,107,0.293914
48632,3.1039,,,0.229152,2.82891e-05,107,0.245723
48661,3.1055,,,0.22923,2.82674e-05,107,0.27016
48690,3.1072,,,0.242759,2.82457e-05,107,0.297185
48719,3.1088,,,0.220372,2.8224e-05,107,0.341671
48748,3.1104,,,0.221404,2.82022e-05,107,0.313679
48777,3.1120,,,0.247355,2.81805e-05,107,0.328651
48806,3.1136,,,0.236456,2.81588e-05,107,0.290683
48835,3.1153,,,0.238847,2.81371e-05,107,0.255803
48864,3.1169,,,0.239264,2.81153e-05,107,0.298062
48893,3.1185,,,0.239769,2.80936e-05,107,0.275985
48922,3.1201,,,0.240732,2.80719e-05,107,0.256178
48951,3.1217,,,0.250471,2.80501e-05,107,0.243155
48980,3.1234,,,0.230223,2.80284e-05,107,0.21861
49009,3.1250,,,0.252489,2.80067e-05,107,0.326661
49031,3.1296,0.256703,0.2337,,,107,
49038,3.1304,,,0.236325,2.79849e-05,108,0.19736
49067,3.1321,,,0.247957,2.79632e-05,108,0.295989
49096,3.1337,,,0.228924,2.79414e-05,108,0.272182
49125,3.1353,,,0.224952,2.79197e-05,108,0.234033
49154,3.1369,,,0.232516,2.78979e-05,108,0.237195
49183,3.1386,,,0.229574,2.78762e-05,108,0.235627
49212,3.1402,,,0.214975,2.78544e-05,108,0.287216
49241,3.1420,,,0.254534,2.78327e-05,108,0.264688
49270,3.1436,,,0.228861,2.78109e-05,108,0.286947
49299,3.1453,,,0.231839,2.77891e-05,108,0.244438
49328,3.1469,,,0.225987,2.77674e-05,108,0.306776
49357,3.1485,,,0.22565,2.77456e-05,108,0.265779
49386,3.1501,,,0.239566,2.77238e-05,108,0.276314
49415,3.1518,,,0.233003,2.77021e-05,108,0.270075
49444,3.1534,,,0.245829,2.76803e-05,108,0.28319
49473,3.1550,,,0.222022,2.76585e-05,108,0.270771
49485,3.1590,0.25645,0.233287,,,108,
49502,3.1603,,,0.231094,2.76367e-05,109,0.298021
49531,3.1620,,,0.24685,2.7615e-05,109,0.293178
49560,3.1636,,,0.24257,2.75932e-05,109,0.241264
49589,3.1653,,,0.242736,2.75714e-05,109,0.347547
49618,3.1669,,,0.226274,2.75496e-05,109,0.262327
49647,3.1685,,,0.225555,2.75278e-05,109,0.291083
49676,3.1701,,,0.220693,2.7506e-05,109,0.217229
49705,3.1717,,,0.229751,2.74842e-05,109,0.25968
49734,3.1733,,,0.227182,2.74625e-05,109,0.2839
49763,3.1750,,,0.227559,2.74407e-05,109,0.313825
49792,3.1766,,,0.226183,2.74189e-05,109,0.255882
49821,3.1782,,,0.230706,2.73971e-05,109,0.317685
49850,3.1798,,,0.24618,2.73753e-05,109,0.321508
49879,3.1814,,,0.22915,2.73535e-05,109,0.260651
49908,3.1830,,,0.223219,2.73317e-05,109,0.287365
49937,3.1846,,,0.236225,2.73099e-05,109,0.306512
49939,3.1882,0.255965,0.23273,,,109,
49966,3.1900,,,0.227342,2.7288e-05,110,0.393721
49995,3.1916,,,0.233115,2.72662e-05,110,0.251512
50024,3.1932,,,0.229247,2.72444e-05,110,0.262688
50053,3.1948,,,0.229419,2.72226e-05,110,0.264692
50082,3.1965,,,0.223654,2.72008e-05,110,0.265185
50111,3.1981,,,0.229849,2.7179e-05,110,0.225974
50140,3.1998,,,0.231824,2.71572e-05,110,0.235386
50169,3.2014,,,0.250235,2.71353e-05,110,0.245115
50198,3.2030,,,0.226391,2.71135e-05,110,0.274718
50227,3.2046,,,0.239251,2.70917e-05,110,0.299087
50256,3.2063,,,0.237446,2.70699e-05,110,0.256234
50285,3.2079,,,0.242952,2.7048e-05,110,0.249194
50314,3.2095,,,0.235722,2.70262e-05,110,0.336523
50343,3.2112,,,0.214833,2.70044e-05,110,0.314651
50372,3.2128,,,0.233866,2.69826e-05,110,0.215036
50393,3.2173,0.256701,0.232645,,,110,
50401,3.2181,,,0.2291,2.69607e-05,111,0.409132
50430,3.2197,,,0.244027,2.69389e-05,111,0.303496
50459,3.2213,,,0.243579,2.69171e-05,111,0.272621
50488,3.2229,,,0.239334,2.68952e-05,111,0.270729
50517,3.2246,,,0.235781,2.68734e-05,111,0.310539
50546,3.2262,,,0.23744,2.68515e-05,111,0.321691
50575,3.2278,,,0.236377,2.68297e-05,111,0.275677
50604,3.2294,,,0.249393,2.68079e-05,111,0.330171
50633,3.2310,,,0.236415,2.6786e-05,111,0.338542
50662,3.2327,,,0.246638,2.67642e-05,111,0.280293
50691,3.2343,,,0.213201,2.67423e-05,111,0.269528
50720,3.2359,,,0.238938,2.67205e-05,111,0.263205
50749,3.2375,,,0.236318,2.66986e-05,111,0.309306
50778,3.2391,,,0.225821,2.66768e-05,111,0.259716
50807,3.2407,,,0.233818,2.66549e-05,111,0.2765
50836,3.2423,,,0.232395,2.66331e-05,111,0.240758
50847,3.2463,0.256399,0.23235,,,111,
50865,3.2477,,,0.23472,2.66112e-05,112,0.230398
50894,3.2493,,,0.226954,2.65894e-05,112,0.339582
50923,3.2509,,,0.228206,2.65675e-05,112,0.289648
50952,3.2526,,,0.218254,2.65456e-05,112,0.259587
50981,3.2542,,,0.216483,2.65238e-05,112,0.265415
51010,3.2558,,,0.228477,2.65019e-05,112,0.304099
51039,3.2574,,,0.238151,2.64801e-05,112,0.234074
51068,3.2590,,,0.230486,2.64582e-05,112,0.243505
51097,3.2606,,,0.221172,2.64363e-05,112,0.254381
51126,3.2623,,,0.235811,2.64145e-05,112,0.31878
51155,3.2639,,,0.234485,2.63926e-05,112,0.259127
51184,3.2655,,,0.2265,2.63707e-05,112,0.225049
51213,3.2671,,,0.233997,2.63489e-05,112,0.281614
51242,3.2687,,,0.240692,2.6327e-05,112,0.250132
51271,3.2704,,,0.222609,2.63051e-05,112,0.264489
51300,3.2719,,,0.250096,2.62833e-05,112,0.219726
51301,3.2754,0.255887,0.232184,,,112,
51329,3.2773,,,0.226534,2.62614e-05,113,0.261671
51358,3.2789,,,0.238851,2.62395e-05,113,0.273707
51387,3.2805,,,0.230784,2.62176e-05,113,0.251983
51416,3.2822,,,0.229273,2.61958e-05,113,0.204331
51445,3.2838,,,0.21913,2.61739e-05,113,0.232454
51474,3.2854,,,0.243954,2.6152e-05,113,0.244864
51503,3.2870,,,0.237368,2.61301e-05,113,0.282857
51532,3.2886,,,0.239,2.61083e-05,113,0.244855
51561,3.2903,,,0.225948,2.60864e-05,113,0.247845
51590,3.2919,,,0.249028,2.60645e-05,113,0.344555
51619,3.2935,,,0.225456,2.60426e-05,113,0.265944
51648,3.2951,,,0.225601,2.60207e-05,113,0.284484
51677,3.2967,,,0.243075,2.59989e-05,113,0.257258
51706,3.2984,,,0.249001,2.5977e-05,113,0.308219
51735,3.3000,,,0.234627,2.59551e-05,113,0.25832
51755,3.3045,0.256562,0.232124,,,113,
51764,3.3053,,,0.236843,2.59332e-05,114,0.266535
51793,3.3069,,,0.228041,2.59113e-05,114,0.27628
51822,3.3085,,,0.233321,2.58894e-05,114,0.272175
51851,3.3102,,,0.237732,2.58675e-05,114,0.307466
51880,3.3118,,,0.238633,2.58457e-05,114,0.333718
51909,3.3134,,,0.239013,2.58238e-05,114,0.295549
51938,3.3150,,,0.250477,2.58019e-05,114,0.290618
51967,3.3166,,,0.243288,2.578e-05,114,0.247965
51996,3.3182,,,0.236634,2.57581e-05,114,0.283082
52025,3.3199,,,0.25838,2.57362e-05,114,0.320586
52054,3.3215,,,0.23491,2.57143e-05,114,0.310071
52083,3.3231,,,0.21776,2.56924e-05,114,0.249795
52112,3.3247,,,0.229097,2.56705e-05,114,0.252081
52141,3.3263,,,0.234003,2.56486e-05,114,0.374375
52170,3.3280,,,0.231366,2.56267e-05,114,0.210008
52199,3.3295,,,0.222095,2.56048e-05,114,0.242964
52209,3.3335,0.255936,0.231474,,,114,
52228,3.3349,,,0.234945,2.5583e-05,115,0.226837
52257,3.3365,,,0.233378,2.55611e-05,115,0.266867
52286,3.3382,,,0.237789,2.55392e-05,115,0.243557
52315,3.3398,,,0.232797,2.55173e-05,115,0.262567
52344,3.3414,,,0.232062,2.54954e-05,115,0.285672
52373,3.3430,,,0.222085,2.54735e-05,115,0.240455
52402,3.3447,,,0.235927,2.54516e-05,115,0.216025
52431,3.3464,,,0.230438,2.54297e-05,115,0.315766
52460,3.3481,,,0.242677,2.54078e-05,115,0.312812
52489,3.3497,,,0.229768,2.53859e-05,115,0.288723
52518,3.3513,,,0.218732,2.5364e-05,115,0.267939
52547,3.3529,,,0.242537,2.53421e-05,115,0.223751
52576,3.3546,,,0.235431,2.53202e-05,115,0.232484
52605,3.3562,,,0.247327,2.52983e-05,115,0.24743
52634,3.3579,,,0.222843,2.52764e-05,115,0.22285
52663,3.3628,0.256376,0.231201,0.241784,2.52545e-05,115,0.330061
52692,3.3648,,,0.226818,2.52326e-05,116,0.251483
52721,3.3664,,,0.220563,2.52107e-05,116,0.274403
52750,3.3680,,,0.209241,2.51888e-05,116,0.290332
52779,3.3696,,,0.236538,2.51669e-05,116,0.269762
52808,3.3712,,,0.222179,2.5145e-05,116,0.282823
52837,3.3729,,,0.220875,2.51231e-05,116,0.214907
52866,3.3745,,,0.206503,2.51012e-05,116,0.268082
52895,3.3762,,,0.242115,2.50793e-05,116,0.263994
52924,3.3778,,,0.257659,2.50574e-05,116,0.300636
52953,3.3794,,,0.228864,2.50355e-05,116,0.235103
52982,3.3810,,,0.259206,2.50136e-05,116,0.27241
53011,3.3826,,,0.239784,2.49917e-05,116,0.3815
53040,3.3842,,,0.219679,2.49698e-05,116,0.289369
53069,3.3859,,,0.228733,2.49479e-05,116,0.260656
53098,3.3875,,,0.237315,2.4926e-05,116,0.243796
53117,3.3919,0.25548,0.230688,,,116,
53127,3.3928,,,0.233433,2.49041e-05,117,0.267106
53156,3.3944,,,0.235662,2.48822e-05,117,0.227035
53185,3.3961,,,0.221215,2.48603e-05,117,0.233298
53214,3.3977,,,0.246838,2.48384e-05,117,0.243094
53243,3.3993,,,0.236187,2.48165e-05,117,0.305918
53272,3.4009,,,0.23502,2.47946e-05,117,0.297946
53301,3.4025,,,0.234268,2.47727e-05,117,0.305748
53330,3.4042,,,0.236372,2.47508e-05,117,0.274961
53359,3.4058,,,0.24934,2.47289e-05,117,0.249638
53388,3.4074,,,0.234097,2.4707e-05,117,0.28428
53417,3.4090,,,0.220262,2.46851e-05,117,0.233834
53446,3.4106,,,0.233075,2.46632e-05,117,0.19513
53475,3.4122,,,0.227666,2.46413e-05,117,0.256359
53504,3.4139,,,0.239248,2.46194e-05,117,0.228964
53533,3.4155,,,0.238297,2.45975e-05,117,0.263202
53562,3.4171,,,0.240206,2.45756e-05,117,0.290971
53571,3.4209,0.255254,0.230578,,,117,
53591,3.4224,,,0.23245,2.45537e-05,118,0.206516
53620,3.4240,,,0.226234,2.45318e-05,118,0.248675
53649,3.4256,,,0.23328,2.45099e-05,118,0.283139
53678,3.4273,,,0.235708,2.4488e-05,118,0.264281
53707,3.4289,,,0.230537,2.44661e-05,118,0.365214
53736,3.4305,,,0.229734,2.44442e-05,118,0.24467
53765,3.4321,,,0.219829,2.44223e-05,118,0.264257
53794,3.4337,,,0.225873,2.44004e-05,118,0.27103
53823,3.4354,,,0.250709,2.43785e-05,118,0.298899
53852,3.4370,,,0.234166,2.43566e-05,118,0.25635
53881,3.4386,,,0.245484,2.43348e-05,118,0.266774
53910,3.4402,,,0.227248,2.43129e-05,118,0.260448
53939,3.4419,,,0.234395,2.4291e-05,118,0.296504
53968,3.4435,,,0.225479,2.42691e-05,118,0.208237
53997,3.4451,,,0.233265,2.42472e-05,118,0.298202
54025,3.4500,0.254851,0.230397,,,118,
54026,3.4504,,,0.221281,2.42253e-05,119,0.228659
54055,3.4520,,,0.223603,2.42034e-05,119,0.270128
54084,3.4537,,,0.239075,2.41815e-05,119,0.260871
54113,3.4553,,,0.223139,2.41596e-05,119,0.317453
54142,3.4569,,,0.230414,2.41377e-05,119,0.272492
54171,3.4585,,,0.222197,2.41159e-05,119,0.301189
54200,3.4602,,,0.217424,2.4094e-05,119,0.237792
54229,3.4618,,,0.220286,2.40721e-05,119,0.264688
54258,3.4634,,,0.240538,2.40502e-05,119,0.255763
54287,3.4650,,,0.227492,2.40283e-05,119,0.270068
54316,3.4666,,,0.222996,2.40064e-05,119,0.294797
54345,3.4683,,,0.219117,2.39845e-05,119,0.249795
54374,3.4699,,,0.238915,2.39627e-05,119,0.248975
54403,3.4715,,,0.22606,2.39408e-05,119,0.248782
54432,3.4731,,,0.232623,2.39189e-05,119,0.22166
54461,3.4747,,,0.223076,2.3897e-05,119,0.285867
54479,3.4791,0.255327,0.2304,,,119,
54490,3.4800,,,0.232569,2.38751e-05,120,0.280279
54519,3.4817,,,0.22628,2.38533e-05,120,0.262583
54548,3.4833,,,0.212245,2.38314e-05,120,0.240874
54577,3.4849,,,0.221722,2.38095e-05,120,0.240758
54606,3.4865,,,0.224814,2.37876e-05,120,0.259342
54635,3.4881,,,0.233162,2.37658e-05,120,0.267669
54664,3.4897,,,0.226481,2.37439e-05,120,0.280765
54693,3.4914,,,0.231186,2.3722e-05,120,0.202536
54722,3.4930,,,0.221373,2.37001e-05,120,0.214356
54751,3.4946,,,0.236255,2.36783e-05,120,0.268131
54780,3.4962,,,0.241468,2.36564e-05,120,0.267961
54809,3.4978,,,0.243971,2.36345e-05,120,0.309507
54838,3.4995,,,0.217372,2.36127e-05,120,0.280296
54867,3.5011,,,0.233276,2.35908e-05,120,0.213393
54896,3.5027,,,0.226476,2.35689e-05,120,0.250132
54925,3.5043,,,0.221806,2.35471e-05,120,0.230275
54933,3.5081,0.254636,0.229539,,,120,
54954,3.5096,,,0.244327,2.35252e-05,121,0.239392
54983,3.5112,,,0.238956,2.35034e-05,121,0.244331
55012,3.5129,,,0.230052,2.34815e-05,121,0.231127
55041,3.5145,,,0.225308,2.34596e-05,121,0.355858
55070,3.5161,,,0.220217,2.34378e-05,121,0.36091
55099,3.5177,,,0.25033,2.34159e-05,121,0.320492
55128,3.5193,,,0.24543,2.33941e-05,121,0.259357
55157,3.5209,,,0.222824,2.33722e-05,121,0.215922
55186,3.5226,,,0.225623,2.33504e-05,121,0.291511
55215,3.5242,,,0.21569,2.33285e-05,121,0.238508
55244,3.5258,,,0.22907,2.33066e-05,121,0.289038
55273,3.5274,,,0.226698,2.32848e-05,121,0.220976
55302,3.5290,,,0.235763,2.3263e-05,121,0.247664
55331,3.5307,,,0.233411,2.32411e-05,121,0.258748
55360,3.5323,,,0.244633,2.32193e-05,121,0.257534
55387,3.5371,0.254761,0.229335,,,121,
55389,3.5376,,,0.238282,2.31974e-05,122,0.257815
55418,3.5392,,,0.209408,2.31756e-05,122,0.231963
55447,3.5408,,,0.223672,2.31537e-05,122,0.242718
55476,3.5425,,,0.221155,2.31319e-05,122,0.274151
55505,3.5441,,,0.208577,2.31101e-05,122,0.179106
55534,3.5457,,,0.225079,2.30882e-05,122,0.250392
55563,3.5474,,,0.235977,2.30664e-05,122,0.241356
55592,3.5490,,,0.206482,2.30445e-05,122,0.225262
55621,3.5507,,,0.222347,2.30227e-05,122,0.216153
55650,3.5523,,,0.228144,2.30009e-05,122,0.271067
55679,3.5539,,,0.226721,2.29791e-05,122,0.268075
55708,3.5556,,,0.217052,2.29572e-05,122,0.219108
55737,3.5572,,,0.21932,2.29354e-05,122,0.262816
55766,3.5589,,,0.230574,2.29136e-05,122,0.235217
55795,3.5605,,,0.228315,2.28917e-05,122,0.241084
55824,3.5621,,,0.215846,2.28699e-05,122,0.305994
55841,3.5664,0.254877,0.22862,,,122,
55853,3.5674,,,0.226967,2.28481e-05,123,0.279601
55882,3.5691,,,0.223618,2.28263e-05,123,0.286322
55911,3.5707,,,0.220439,2.28045e-05,123,0.234476
55940,3.5723,,,0.23594,2.27827e-05,123,0.258524
55969,3.5739,,,0.23153,2.27608e-05,123,0.224306
55998,3.5755,,,0.221935,2.2739e-05,123,0.2416
56027,3.5771,,,0.231091,2.27172e-05,123,0.242326
56056,3.5788,,,0.218488,2.26954e-05,123,0.274244
56085,3.5804,,,0.239832,2.26736e-05,123,0.258887
56114,3.5821,,,0.234951,2.26518e-05,123,0.299117
56143,3.5837,,,0.235361,2.263e-05,123,0.281336
56172,3.5853,,,0.222702,2.26082e-05,123,0.355308
56201,3.5869,,,0.247733,2.25864e-05,123,0.252015
56230,3.5885,,,0.221808,2.25646e-05,123,0.215746
56259,3.5902,,,0.225499,2.25428e-05,123,0.223885
56288,3.5917,,,0.216098,2.2521e-05,123,0.232611
56295,3.5955,0.254707,0.228906,,,123,
56317,3.5971,,,0.244171,2.24992e-05,124,0.28795
56346,3.5987,,,0.238954,2.24774e-05,124,0.253245
56375,3.6004,,,0.212066,2.24556e-05,124,0.321613
56404,3.6020,,,0.227076,2.24339e-05,124,0.302324
56433,3.6036,,,0.224902,2.24121e-05,124,0.20367
56462,3.6052,,,0.222966,2.23903e-05,124,0.226674
56491,3.6069,,,0.232967,2.23685e-05,124,0.232257
56520,3.6085,,,0.223902,2.23467e-05,124,0.234576
56549,3.6101,,,0.243326,2.2325e-05,124,0.256754
56578,3.6117,,,0.21387,2.23032e-05,124,0.29766
56607,3.6133,,,0.238416,2.22814e-05,124,0.255589
56636,3.6149,,,0.233712,2.22596e-05,124,0.279885
56665,3.6166,,,0.231922,2.22379e-05,124,0.310785
56694,3.6182,,,0.224079,2.22161e-05,124,0.21859
56723,3.6198,,,0.217429,2.21943e-05,124,0.194976
56749,3.6246,0.254428,0.228803,,,124,
56752,3.6252,,,0.236794,2.21726e-05,125,0.287634
56781,3.6268,,,0.223323,2.21508e-05,125,0.263463
56810,3.6284,,,0.256682,2.21291e-05,125,0.250525
56839,3.6300,,,0.231553,2.21073e-05,125,0.261762
56868,3.6316,,,0.22446,2.20856e-05,125,0.273461
56897,3.6332,,,0.221657,2.20638e-05,125,0.357094
56926,3.6349,,,0.238806,2.20421e-05,125,0.262304
56955,3.6365,,,0.234357,2.20203e-05,125,0.212619
56984,3.6381,,,0.251194,2.19986e-05,125,0.297165
57013,3.6397,,,0.255138,2.19768e-05,125,0.292461
57042,3.6413,,,0.23774,2.19551e-05,125,0.315119
57071,3.6430,,,0.233726,2.19334e-05,125,0.210879
57100,3.6446,,,0.239427,2.19116e-05,125,0.224735
57129,3.6462,,,0.230845,2.18899e-05,125,0.28357
57158,3.6478,,,0.228038,2.18682e-05,125,0.338145
57187,3.6494,,,0.221417,2.18464e-05,125,0.238579
57203,3.6537,0.254406,0.228133,,,125,
57216,3.6548,,,0.234197,2.18247e-05,126,0.273911
57245,3.6564,,,0.228795,2.1803e-05,126,0.268685
57274,3.6580,,,0.244995,2.17813e-05,126,0.290815
57303,3.6596,,,0.214638,2.17596e-05,126,0.275803
57332,3.6612,,,0.227611,2.17378e-05,126,0.23545
57361,3.6628,,,0.229984,2.17161e-05,126,0.261754
57390,3.6645,,,0.218503,2.16944e-05,126,0.335912
57419,3.6661,,,0.227308,2.16727e-05,126,0.231093
57448,3.6677,,,0.224566,2.1651e-05,126,0.26428
57477,3.6693,,,0.246144,2.16293e-05,126,0.348942
57506,3.6709,,,0.23595,2.16076e-05,126,0.278826
57535,3.6725,,,0.226786,2.15859e-05,126,0.281075
57564,3.6742,,,0.214444,2.15642e-05,126,0.228158
57593,3.6758,,,0.226739,2.15425e-05,126,0.291563
57622,3.6774,,,0.228983,2.15208e-05,126,0.244586
57651,3.6790,,,0.243616,2.14992e-05,126,0.260094
57657,3.6827,0.254357,0.228343,,,126,
57680,3.6843,,,0.223685,2.14775e-05,127,0.230182
57709,3.6860,,,0.220667,2.14558e-05,127,0.215547
57738,3.6876,,,0.222195,2.14341e-05,127,0.227155
57767,3.6892,,,0.243342,2.14124e-05,127,0.252711
57796,3.6908,,,0.226341,2.13908e-05,127,0.282013
57825,3.6924,,,0.237568,2.13691e-05,127,0.245301
57854,3.6940,,,0.240322,2.13474e-05,127,0.227034
57883,3.6957,,,0.233536,2.13258e-05,127,0.285512
57912,3.6973,,,0.229479,2.13041e-05,127,0.340277
57941,3.6989,,,0.244041,2.12824e-05,127,0.434265
57970,3.7005,,,0.222559,2.12608e-05,127,0.311067
57999,3.7021,,,0.216898,2.12391e-05,127,0.256504
58028,3.7038,,,0.237291,2.12175e-05,127,0.246089
58057,3.7054,,,0.217968,2.11958e-05,127,0.203442
58086,3.7070,,,0.232998,2.11742e-05,127,0.24018
58111,3.7117,0.254121,0.227632,,,127,
58115,3.7123,,,0.227075,2.11526e-05,128,0.238866
58144,3.7139,,,0.226031,2.11309e-05,128,0.258434
58173,3.7155,,,0.245965,2.11093e-05,128,0.218415
58202,3.7171,,,0.224053,2.10876e-05,128,0.201294
58231,3.7188,,,0.231856,2.1066e-05,128,0.326344
58260,3.7204,,,0.245473,2.10444e-05,128,0.293504
58289,3.7220,,,0.230068,2.10228e-05,128,0.260407
58318,3.7236,,,0.235267,2.10011e-05,128,0.249259
58347,3.7252,,,0.219244,2.09795e-05,128,0.2446
58376,3.7268,,,0.231652,2.09579e-05,128,0.361873
58405,3.7285,,,0.229647,2.09363e-05,128,0.253948
58434,3.7301,,,0.223147,2.09147e-05,128,0.250205
58463,3.7317,,,0.225965,2.08931e-05,128,0.220487
58492,3.7333,,,0.222341,2.08715e-05,128,0.228911
58521,3.7349,,,0.235162,2.08499e-05,128,0.253082
58550,3.7365,,,0.227917,2.08283e-05,128,0.259249
58565,3.7408,0.254084,0.227703,,,128,
58579,3.7419,,,0.215258,2.08067e-05,129,0.248168
58608,3.7436,,,0.222663,2.07851e-05,129,0.242861
58637,3.7452,,,0.230227,2.07635e-05,129,0.228739
58666,3.7469,,,0.233054,2.0742e-05,129,0.240857
58695,3.7485,,,0.237965,2.07204e-05,129,0.275526
58724,3.7502,,,0.228325,2.06988e-05,129,0.34488
58753,3.7518,,,0.238319,2.06772e-05,129,0.259913
58782,3.7534,,,0.224136,2.06557e-05,129,0.315786
58811,3.7550,,,0.228332,2.06341e-05,129,0.255581
58840,3.7567,,,0.233242,2.06125e-05,129,0.213539
58869,3.7584,,,0.226005,2.0591e-05,129,0.249355
58898,3.7600,,,0.231789,2.05694e-05,129,0.248846
58927,3.7617,,,0.216697,2.05479e-05,129,0.281317
58956,3.7633,,,0.22868,2.05263e-05,129,0.268955
58985,3.7650,,,0.231282,2.05048e-05,129,0.232848
59014,3.7665,,,0.243521,2.04832e-05,129,0.308115
59019,3.7702,0.254348,0.227018,,,129,
59043,3.7719,,,0.220993,2.04617e-05,130,0.291717
59072,3.7735,,,0.215181,2.04402e-05,130,0.247848
59101,3.7751,,,0.210123,2.04186e-05,130,0.211391
59130,3.7768,,,0.226829,2.03971e-05,130,0.316256
59159,3.7784,,,0.228951,2.03756e-05,130,0.259187
59188,3.7801,,,0.23921,2.0354e-05,130,0.289316
59217,3.7817,,,0.235791,2.03325e-05,130,0.252339
59246,3.7833,,,0.216991,2.0311e-05,130,0.269591
59275,3.7849,,,0.221319,2.02895e-05,130,0.252778
59304,3.7865,,,0.228216,2.0268e-05,130,0.244799
59333,3.7881,,,0.242915,2.02465e-05,130,0.239726
59362,3.7898,,,0.234045,2.0225e-05,130,0.265575
59391,3.7914,,,0.245557,2.02035e-05,130,0.24555
59420,3.7930,,,0.231389,2.0182e-05,130,0.264071
59449,3.7946,,,0.215711,2.01605e-05,130,0.286236
59473,3.7993,0.253908,0.226784,,,130,
59478,3.8000,,,0.221732,2.0139e-05,131,0.258473
59507,3.8016,,,0.215938,2.01176e-05,131,0.195962
59536,3.8032,,,0.225159,2.00961e-05,131,0.271676
59565,3.8048,,,0.228402,2.00746e-05,131,0.219055
59594,3.8064,,,0.20845,2.00531e-05,131,0.214551
59623,3.8080,,,0.219925,2.00317e-05,131,0.292554
59652,3.8097,,,0.227538,2.00102e-05,131,0.234213
59681,3.8113,,,0.226068,1.99888e-05,131,0.22151
59710,3.8129,,,0.238283,1.99673e-05,131,0.273315
59739,3.8145,,,0.231915,1.99458e-05,131,0.253138
59768,3.8161,,,0.232168,1.99244e-05,131,0.252873
59797,3.8178,,,0.237322,1.9903e-05,131,0.255157
59826,3.8194,,,0.232651,1.98815e-05,131,0.361404
59855,3.8210,,,0.224816,1.98601e-05,131,0.236421
59884,3.8226,,,0.226116,1.98387e-05,131,0.246567
59913,3.8242,,,0.229621,1.98172e-05,131,0.2578
59927,3.8284,0.253584,0.226659,,,131,
59942,3.8296,,,0.217426,1.97958e-05,132,0.204396
59971,3.8312,,,0.243216,1.97744e-05,132,0.235996
60000,3.8328,,,0.235521,1.9753e-05,132,0.287189
60029,3.8344,,,0.236516,1.97316e-05,132,0.258532
60058,3.8361,,,0.225665,1.97102e-05,132,0.252649
60087,3.8377,,,0.237904,1.96888e-05,132,0.238822
60116,3.8393,,,0.202714,1.96674e-05,132,0.226416
60145,3.8409,,,0.213763,1.9646e-05,132,0.235502
60174,3.8425,,,0.225197,1.96246e-05,132,0.330188
60203,3.8441,,,0.237807,1.96032e-05,132,0.250242
60232,3.8458,,,0.222079,1.95818e-05,132,0.249411
60261,3.8474,,,0.218182,1.95604e-05,132,0.253887
60290,3.8490,,,0.219373,1.9539e-05,132,0.253847
60319,3.8506,,,0.229247,1.95177e-05,132,0.213771
60348,3.8522,,,0.231685,1.94963e-05,132,0.227799
60377,3.8538,,,0.226412,1.9475e-05,132,0.259633
60381,3.8575,0.253732,0.226443,,,132,
60406,3.8592,,,0.226904,1.94536e-05,133,0.253998
60435,3.8608,,,0.224878,1.94322e-05,133,0.25023
60464,3.8624,,,0.239408,1.94109e-05,133,0.281369
60493,3.8640,,,0.246042,1.93896e-05,133,0.284417
60522,3.8656,,,0.220012,1.93682e-05,133,0.321381
60551,3.8673,,,0.228928,1.93469e-05,133,0.208803
60580,3.8689,,,0.229237,1.93255e-05,133,0.238672
60609,3.8705,,,0.229427,1.93042e-05,133,0.283633
60638,3.8721,,,0.207331,1.92829e-05,133,0.233961
60667,3.8737,,,0.229726,1.92616e-05,133,0.319562
60696,3.8753,,,0.221174,1.92403e-05,133,0.275466
60725,3.8770,,,0.224977,1.9219e-05,133,0.28094
60754,3.8786,,,0.222031,1.91977e-05,133,0.257752
60783,3.8802,,,0.223722,1.91764e-05,133,0.245771
60812,3.8818,,,0.213363,1.91551e-05,133,0.278137
60835,3.8865,0.253675,0.226705,,,133,
60841,3.8872,,,0.23176,1.91338e-05,134,0.265206
60870,3.8888,,,0.235669,1.91125e-05,134,0.255055
60899,3.8904,,,0.205603,1.90912e-05,134,0.216792
60928,3.8920,,,0.218252,1.90699e-05,134,0.231043
60957,3.8936,,,0.228541,1.90486e-05,134,0.294199
60986,3.8952,,,0.235032,1.90274e-05,134,0.213686
61015,3.8969,,,0.244597,1.90061e-05,134,0.305724
61044,3.8985,,,0.224279,1.89849e-05,134,0.229126
61073,3.9001,,,0.230598,1.89636e-05,134,0.401131
61102,3.9017,,,0.23989,1.89423e-05,134,0.317063
61131,3.9033,,,0.222499,1.89211e-05,134,0.255334
61160,3.9050,,,0.233671,1.88999e-05,134,0.250405
61189,3.9066,,,0.215065,1.88786e-05,134,0.23399
61218,3.9082,,,0.238376,1.88574e-05,134,0.271873
61247,3.9098,,,0.241101,1.88362e-05,134,0.226709
61276,3.9114,,,0.241745,1.88149e-05,134,0.270173
61289,3.9155,0.253508,0.226272,,,134,
61305,3.9168,,,0.236694,1.87937e-05,135,0.317817
61334,3.9184,,,0.22658,1.87725e-05,135,0.349861
61363,3.9200,,,0.214702,1.87513e-05,135,0.206711
61392,3.9216,,,0.225966,1.87301e-05,135,0.21996
61421,3.9232,,,0.213047,1.87089e-05,135,0.245755
61450,3.9249,,,0.206521,1.86877e-05,135,0.207606
61479,3.9265,,,0.214224,1.86665e-05,135,0.219039
61508,3.9282,,,0.224449,1.86453e-05,135,0.229301
61537,3.9298,,,0.222028,1.86242e-05,135,0.244957
61566,3.9314,,,0.206083,1.8603e-05,135,0.269521
61595,3.9330,,,0.213501,1.85818e-05,135,0.245777
61624,3.9346,,,0.226312,1.85607e-05,135,0.447266
61653,3.9362,,,0.218832,1.85395e-05,135,0.231745
61682,3.9379,,,0.210016,1.85183e-05,135,0.244289
61711,3.9395,,,0.2377,1.84972e-05,135,0.23892
61740,3.9411,,,0.211732,1.8476e-05,135,0.266298
61743,3.9447,0.25312,0.225786,,,135,
61769,3.9465,,,0.241425,1.84549e-05,136,0.269301
61798,3.9481,,,0.216871,1.84338e-05,136,0.233616
61827,3.9497,,,0.230583,1.84126e-05,136,0.364964
61856,3.9513,,,0.219521,1.83915e-05,136,0.221876
61885,3.9530,,,0.223151,1.83704e-05,136,0.218137
61914,3.9547,,,0.223528,1.83493e-05,136,0.208087
61943,3.9563,,,0.217545,1.83282e-05,136,0.228479
61972,3.9580,,,0.217195,1.83071e-05,136,0.289589
62001,3.9596,,,0.232634,1.8286e-05,136,0.272789
62030,3.9612,,,0.222005,1.82649e-05,136,0.271334
62059,3.9629,,,0.232177,1.82438e-05,136,0.272153
62088,3.9645,,,0.21537,1.82227e-05,136,0.212126
62117,3.9663,,,0.222652,1.82016e-05,136,0.259989
62146,3.9679,,,0.220279,1.81806e-05,136,0.19971
62175,3.9695,,,0.222796,1.81595e-05,136,0.240108
62197,3.9741,0.253214,0.225851,,,136,
62204,3.9748,,,0.214936,1.81384e-05,137,0.227176
62233,3.9765,,,0.221263,1.81174e-05,137,0.253493
62262,3.9781,,,0.20682,1.80963e-05,137,0.208723
62291,3.9798,,,0.214116,1.80753e-05,137,0.18549
62320,3.9814,,,0.233194,1.80542e-05,137,0.293247
62349,3.9830,,,0.233525,1.80332e-05,137,0.233631
62378,3.9846,,,0.244121,1.80122e-05,137,0.281993
62407,3.9862,,,0.234609,1.79911e-05,137,0.26124
62436,3.9878,,,0.220954,1.79701e-05,137,0.241967
62465,3.9895,,,0.217203,1.79491e-05,137,0.269174
62494,3.9911,,,0.202064,1.79281e-05,137,0.220495
62523,3.9927,,,0.227981,1.79071e-05,137,0.248419
62552,3.9943,,,0.233818,1.78861e-05,137,0.343832
62581,3.9960,,,0.229464,1.78651e-05,137,0.278116
62610,3.9976,,,0.228015,1.78441e-05,137,0.262495
62639,3.9992,,,0.225447,1.78231e-05,137,0.232238
62651,4.0033,0.252929,0.225423,,,137,
62668,4.0046,,,0.226686,1.78022e-05,138,0.228827
62697,4.0062,,,0.217285,1.77812e-05,138,0.222834
62726,4.0078,,,0.215784,1.77602e-05,138,0.275882
62755,4.0094,,,0.232076,1.77393e-05,138,0.2618
62784,4.0111,,,0.240849,1.77183e-05,138,0.276401
62813,4.0127,,,0.229091,1.76974e-05,138,0.240345
62842,4.0143,,,0.223556,1.76764e-05,138,0.227009
62871,4.0159,,,0.226481,1.76555e-05,138,0.226542
62900,4.0175,,,0.22768,1.76346e-05,138,0.306431
62929,4.0191,,,0.205362,1.76136e-05,138,0.235421
62958,4.0208,,,0.211355,1.75927e-05,138,0.239037
62987,4.0224,,,0.241777,1.75718e-05,138,0.258751
63016,4.0240,,,0.225001,1.75509e-05,138,0.235185
63045,4.0256,,,0.207461,1.753e-05,138,0.250251
63074,4.0272,,,0.237407,1.75091e-05,138,0.272043
63103,4.0288,,,0.220614,1.74882e-05,138,0.256398
63105,4.0323,0.25295,0.225587,,,138,
63132,4.0342,,,0.224282,1.74673e-05,139,0.235436
63161,4.0358,,,0.230644,1.74464e-05,139,0.242967
63190,4.0374,,,0.223398,1.74256e-05,139,0.318302
63219,4.0390,,,0.231783,1.74047e-05,139,0.239788
63248,4.0406,,,0.231876,1.73838e-05,139,0.228582
63277,4.0422,,,0.227453,1.7363e-05,139,0.246422
63306,4.0438,,,0.214221,1.73421e-05,139,0.255729
63335,4.0455,,,0.236204,1.73213e-05,139,0.304757
63364,4.0471,,,0.239758,1.73004e-05,139,0.29009
63393,4.0487,,,0.219129,1.72796e-05,139,0.283781
63422,4.0503,,,0.231939,1.72588e-05,139,0.222828
63451,4.0519,,,0.236186,1.7238e-05,139,0.287014
63480,4.0535,,,0.217867,1.72171e-05,139,0.244157
63509,4.0551,,,0.22619,1.71963e-05,139,0.236508
63538,4.0567,,,0.24386,1.71755e-05,139,0.254364
63559,4.0612,0.252945,0.224901,,,139,
63567,4.0620,,,0.242926,1.71547e-05,140,0.274877
63596,4.0636,,,0.228382,1.71339e-05,140,0.236269
63625,4.0652,,,0.222678,1.71132e-05,140,0.237745
63654,4.0668,,,0.218504,1.70924e-05,140,0.237453
63683,4.0684,,,0.23118,1.70716e-05,140,0.211057
63712,4.0700,,,0.216018,1.70508e-05,140,0.239457
63741,4.0717,,,0.227634,1.70301e-05,140,0.23557
63770,4.0733,,,0.223483,1.70093e-05,140,0.26778
63799,4.0749,,,0.223192,1.69886e-05,140,0.264354
63828,4.0765,,,0.226292,1.69678e-05,140,0.222836
63857,4.0781,,,0.222503,1.69471e-05,140,0.211083
63886,4.0797,,,0.224174,1.69264e-05,140,0.226749
63915,4.0813,,,0.215584,1.69056e-05,140,0.289049
63944,4.0829,,,0.22176,1.68849e-05,140,0.295151
63973,4.0845,,,0.219384,1.68642e-05,140,0.304429
64002,4.0861,,,0.229733,1.68435e-05,140,0.256488
64013,4.0901,0.252684,0.224963,,,140,
64031,4.0915,,,0.236419,1.68228e-05,141,0.265683
64060,4.0931,,,0.20883,1.68021e-05,141,0.31318
64089,4.0947,,,0.236487,1.67814e-05,141,0.272237
64118,4.0963,,,0.218299,1.67607e-05,141,0.215709
64147,4.0979,,,0.217324,1.67401e-05,141,0.199724
64176,4.0995,,,0.230458,1.67194e-05,141,0.267668
64205,4.1011,,,0.218717,1.66987e-05,141,0.266409
64234,4.1027,,,0.229361,1.66781e-05,141,0.228832
64263,4.1043,,,0.231884,1.66574e-05,141,0.233782
64292,4.1059,,,0.225305,1.66368e-05,141,0.258394
64321,4.1075,,,0.226903,1.66162e-05,141,0.274443
64350,4.1092,,,0.228026,1.65955e-05,141,0.211113
64379,4.1108,,,0.223084,1.65749e-05,141,0.250818
64408,4.1124,,,0.226739,1.65543e-05,141,0.290142
64437,4.1140,,,0.215616,1.65337e-05,141,0.26057
64466,4.1155,,,0.221354,1.65131e-05,141,0.25265
64467,4.1190,0.253,0.224778,,,141,
64495,4.1209,,,0.216616,1.64925e-05,142,0.242868
64524,4.1225,,,0.228744,1.64719e-05,142,0.229867
64553,4.1241,,,0.22761,1.64513e-05,142,0.248057
64582,4.1257,,,0.224653,1.64307e-05,142,0.32437
64611,4.1273,,,0.215469,1.64102e-05,142,0.27342
64640,4.1289,,,0.240575,1.63896e-05,142,0.237885
64669,4.1305,,,0.229093,1.6369e-05,142,0.226819
64698,4.1321,,,0.231003,1.63485e-05,142,0.23905
64727,4.1337,,,0.230912,1.63279e-05,142,0.206195
64756,4.1354,,,0.199628,1.63074e-05,142,0.226947
64785,4.1370,,,0.236364,1.62869e-05,142,0.269469
64814,4.1386,,,0.218246,1.62664e-05,142,0.273924
64843,4.1402,,,0.21862,1.62458e-05,142,0.244768
64872,4.1418,,,0.216307,1.62253e-05,142,0.281125
64901,4.1434,,,0.233287,1.62048e-05,142,0.288834
64921,4.1478,0.252932,0.224052,,,142,
64930,4.1487,,,0.214532,1.61843e-05,143,0.214586
64959,4.1503,,,0.237257,1.61638e-05,143,0.223356
64988,4.1519,,,0.220848,1.61434e-05,143,0.211761
65017,4.1535,,,0.221716,1.61229e-05,143,0.261865
65046,4.1552,,,0.227518,1.61024e-05,143,0.287574
65075,4.1568,,,0.227372,1.60819e-05,143,0.213779
65104,4.1584,,,0.238587,1.60615e-05,143,0.267636
65133,4.1601,,,0.232379,1.6041e-05,143,0.240747
65162,4.1617,,,0.224005,1.60206e-05,143,0.190853
65191,4.1633,,,0.238076,1.60002e-05,143,0.236176
65220,4.1649,,,0.234677,1.59797e-05,143,0.282954
65249,4.1665,,,0.232459,1.59593e-05,143,0.283979
65278,4.1682,,,0.215998,1.59389e-05,143,0.23326
65307,4.1698,,,0.217243,1.59185e-05,143,0.239827
65336,4.1715,,,0.242793,1.58981e-05,143,0.260732
65365,4.1731,,,0.218221,1.58777e-05,143,0.247386
65375,4.1770,0.25307,0.224692,,,143,
65394,4.1784,,,0.220929,1.58573e-05,144,0.234743
65423,4.1801,,,0.220656,1.58369e-05,144,0.253142
65452,4.1817,,,0.224209,1.58165e-05,144,0.276033
65481,4.1833,,,0.225338,1.57962e-05,144,0.211517
65510,4.1849,,,0.203749,1.57758e-05,144,0.258503
65539,4.1865,,,0.221681,1.57555e-05,144,0.308394
65568,4.1881,,,0.221744,1.57351e-05,144,0.273042
65597,4.1897,,,0.224273,1.57148e-05,144,0.304662
65626,4.1913,,,0.220485,1.56945e-05,144,0.250276
65655,4.1930,,,0.218639,1.56741e-05,144,0.216283
65684,4.1946,,,0.219326,1.56538e-05,144,0.220537
65713,4.1962,,,0.227483,1.56335e-05,144,0.236827
65742,4.1978,,,0.218338,1.56132e-05,144,0.25304
65771,4.1994,,,0.226457,1.55929e-05,144,0.344055
65800,4.2011,,,0.222082,1.55726e-05,144,0.238594
65829,4.2061,0.252445,0.223586,0.218223,1.55523e-05,144,0.239706
65858,4.2080,,,0.214855,1.55321e-05,145,0.271307
65887,4.2096,,,0.214703,1.55118e-05,145,0.243547
65916,4.2112,,,0.234392,1.54916e-05,145,0.237444
65945,4.2128,,,0.227044,1.54713e-05,145,0.215871
65974,4.2144,,,0.221677,1.54511e-05,145,0.369833
66003,4.2160,,,0.213967,1.54308e-05,145,0.201454
66032,4.2176,,,0.221334,1.54106e-05,145,0.299238
66061,4.2192,,,0.221076,1.53904e-05,145,0.228617
66090,4.2208,,,0.235611,1.53702e-05,145,0.242127
66119,4.2224,,,0.224086,1.53499e-05,145,0.243482
66148,4.2240,,,0.235662,1.53297e-05,145,0.262881
66177,4.2256,,,0.207088,1.53096e-05,145,0.264459
66206,4.2273,,,0.220849,1.52894e-05,145,0.195578
66235,4.2289,,,0.231844,1.52692e-05,145,0.291938
66264,4.2305,,,0.237612,1.5249e-05,145,0.30692
66283,4.2349,0.25287,0.223709,,,145,
66293,4.2357,,,0.228011,1.52289e-05,146,0.219062
66322,4.2374,,,0.213111,1.52087e-05,146,0.216977
66351,4.2390,,,0.222461,1.51886e-05,146,0.226089
66380,4.2406,,,0.214281,1.51684e-05,146,0.2397
66409,4.2422,,,0.217344,1.51483e-05,146,0.257275
66438,4.2438,,,0.21627,1.51282e-05,146,0.262378
66467,4.2454,,,0.219067,1.5108e-05,146,0.225321
66496,4.2470,,,0.219087,1.50879e-05,146,0.233585
66525,4.2486,,,0.227,1.50678e-05,146,0.210554
66554,4.2502,,,0.216362,1.50477e-05,146,0.245357
66583,4.2518,,,0.223424,1.50277e-05,146,0.259779
66612,4.2534,,,0.236552,1.50076e-05,146,0.241674
66641,4.2550,,,0.207379,1.49875e-05,146,0.208776
66670,4.2566,,,0.206375,1.49674e-05,146,0.237886
66699,4.2582,,,0.235821,1.49474e-05,146,0.283605
66728,4.2598,,,0.216516,1.49273e-05,146,0.358761
66737,4.2637,0.252289,0.223544,,,146,
66757,4.2652,,,0.223724,1.49073e-05,147,0.224471
66786,4.2668,,,0.218147,1.48873e-05,147,0.219891
66815,4.2684,,,0.214383,1.48672e-05,147,0.20835
66844,4.2700,,,0.227571,1.48472e-05,147,0.194791
66873,4.2716,,,0.217058,1.48272e-05,147,0.260238
66902,4.2732,,,0.230211,1.48072e-05,147,0.217169
66931,4.2748,,,0.23243,1.47872e-05,147,0.243658
66960,4.2764,,,0.226065,1.47672e-05,147,0.238063
66989,4.2780,,,0.230058,1.47473e-05,147,0.256537
67018,4.2796,,,0.214104,1.47273e-05,147,0.246237
67047,4.2812,,,0.222449,1.47073e-05,147,0.27433
67076,4.2828,,,0.221749,1.46874e-05,147,0.206461
67105,4.2844,,,0.219902,1.46674e-05,147,0.214887
67134,4.2860,,,0.211891,1.46475e-05,147,0.25623
67163,4.2876,,,0.227904,1.46276e-05,147,0.239474
67191,4.2925,0.252691,0.223056,,,147,
67192,4.2929,,,0.224975,1.46076e-05,148,0.308264
67221,4.2946,,,0.21844,1.45877e-05,148,0.274962
67250,4.2962,,,0.219124,1.45678e-05,148,0.227492
67279,4.2978,,,0.223547,1.45479e-05,148,0.216622
67308,4.2994,,,0.236037,1.4528e-05,148,0.269179
67337,4.3010,,,0.229529,1.45081e-05,148,0.293812
67366,4.3026,,,0.207331,1.44883e-05,148,0.223685
67395,4.3042,,,0.218142,1.44684e-05,148,0.25896
67424,4.3058,,,0.220611,1.44485e-05,148,0.225374
67453,4.3074,,,0.208377,1.44287e-05,148,0.245583
67482,4.3090,,,0.222193,1.44088e-05,148,0.228969
67511,4.3106,,,0.222242,1.4389e-05,148,0.255816
67540,4.3122,,,0.225042,1.43692e-05,148,0.2191
67569,4.3138,,,0.211203,1.43494e-05,148,0.183505
67598,4.3155,,,0.224144,1.43296e-05,148,0.207828
67627,4.3171,,,0.220505,1.43098e-05,148,0.233901
67645,4.3214,0.252241,0.223527,,,148,
67656,4.3224,,,0.220727,1.429e-05,149,0.275841
67685,4.3240,,,0.204822,1.42702e-05,149,0.244789
67714,4.3256,,,0.210986,1.42504e-05,149,0.273607
67743,4.3272,,,0.232029,1.42306e-05,149,0.279946
67772,4.3288,,,0.221964,1.42109e-05,149,0.204387
67801,4.3304,,,0.215049,1.41911e-05,149,0.196402
67830,4.3321,,,0.234969,1.41714e-05,149,0.221642
67859,4.3337,,,0.207675,1.41516e-05,149,0.233296
67888,4.3353,,,0.216017,1.41319e-05,149,0.23478
67917,4.3369,,,0.231717,1.41122e-05,149,0.230814
67946,4.3385,,,0.225105,1.40925e-05,149,0.209184
67975,4.3401,,,0.232786,1.40728e-05,149,0.246784
68004,4.3417,,,0.224801,1.40531e-05,149,0.234593
68033,4.3433,,,0.211321,1.40334e-05,149,0.208856
68062,4.3449,,,0.215986,1.40137e-05,149,0.244424
68091,4.3465,,,0.219243,1.39941e-05,149,0.245368
68099,4.3504,0.252364,0.222767,,,149,
68120,4.3519,,,0.201885,1.39744e-05,150,0.252918
68149,4.3535,,,0.213171,1.39548e-05,150,0.207108
68178,4.3551,,,0.237499,1.39351e-05,150,0.267907
68207,4.3567,,,0.226892,1.39155e-05,150,0.251658
68236,4.3583,,,0.227792,1.38958e-05,150,0.23701
68265,4.3600,,,0.20976,1.38762e-05,150,0.225283
68294,4.3616,,,0.221234,1.38566e-05,150,0.259972
68323,4.3632,,,0.228996,1.3837e-05,150,0.236794
68352,4.3648,,,0.221021,1.38174e-05,150,0.27858
68381,4.3665,,,0.221894,1.37978e-05,150,0.265685
68410,4.3681,,,0.218105,1.37783e-05,150,0.289161
68439,4.3697,,,0.213351,1.37587e-05,150,0.205172
68468,4.3713,,,0.242281,1.37391e-05,150,0.27419
68497,4.3729,,,0.219451,1.37196e-05,150,0.215311
68526,4.3746,,,0.229585,1.37001e-05,150,0.225188
68553,4.3794,0.252066,0.223069,,,150,
68555,4.3800,,,0.231175,1.36805e-05,151,0.249991
68584,4.3816,,,0.237556,1.3661e-05,151,0.336919
68613,4.3832,,,0.215437,1.36415e-05,151,0.224726
68642,4.3848,,,0.207332,1.3622e-05,151,0.205391
68671,4.3865,,,0.228634,1.36025e-05,151,0.25766
68700,4.3881,,,0.227201,1.3583e-05,151,0.19265
68729,4.3898,,,0.233213,1.35635e-05,151,0.260661
68758,4.3914,,,0.207704,1.35441e-05,151,0.196621
68787,4.3930,,,0.239799,1.35246e-05,151,0.242954
68816,4.3946,,,0.227971,1.35051e-05,151,0.221824
68845,4.3962,,,0.214088,1.34857e-05,151,0.265132
68874,4.3978,,,0.237052,1.34663e-05,151,0.266948
68903,4.3994,,,0.217165,1.34468e-05,151,0.221472
68932,4.4010,,,0.218821,1.34274e-05,151,0.234962
68961,4.4026,,,0.223001,1.3408e-05,151,0.228501
68990,4.4042,,,0.237099,1.33886e-05,151,0.245011
69007,4.4085,0.252423,0.222446,,,151,
69019,4.4095,,,0.211732,1.33692e-05,152,0.242717
69048,4.4111,,,0.226885,1.33498e-05,152,0.231585
69077,4.4127,,,0.231864,1.33305e-05,152,0.228847
69106,4.4143,,,0.232569,1.33111e-05,152,0.249443
69135,4.4159,,,0.224901,1.32917e-05,152,0.231461
69164,4.4175,,,0.231198,1.32724e-05,152,0.32286
69193,4.4192,,,0.214895,1.32531e-05,152,0.229122
69222,4.4208,,,0.213557,1.32337e-05,152,0.227233
69251,4.4224,,,0.211458,1.32144e-05,152,0.33892
69280,4.4240,,,0.209315,1.31951e-05,152,0.21022
69309,4.4256,,,0.208887,1.31758e-05,152,0.194368
69338,4.4272,,,0.239045,1.31565e-05,152,0.297317
69367,4.4288,,,0.225558,1.31372e-05,152,0.268482
69396,4.4304,,,0.228853,1.3118e-05,152,0.276475
69425,4.4320,,,0.235938,1.30987e-05,152,0.264505
69454,4.4336,,,0.223373,1.30794e-05,152,0.233382
69461,4.4374,0.251981,0.222388,,,152,
69483,4.4389,,,0.215083,1.30602e-05,153,0.282016
69512,4.4405,,,0.229928,1.3041e-05,153,0.220872
69541,4.4421,,,0.228873,1.30217e-05,153,0.221381
69570,4.4438,,,0.228535,1.30025e-05,153,0.233994
69599,4.4454,,,0.212076,1.29833e-05,153,0.273857
69628,4.4470,,,0.219668,1.29641e-05,153,0.229322
69657,4.4486,,,0.219537,1.29449e-05,153,0.234375
69686,4.4502,,,0.221363,1.29257e-05,153,0.239598
69715,4.4518,,,0.216315,1.29066e-05,153,0.206913
69744,4.4534,,,0.217084,1.28874e-05,153,0.210526
69773,4.4550,,,0.212779,1.28682e-05,153,0.224911
69802,4.4566,,,0.22538,1.28491e-05,153,0.202237
69831,4.4582,,,0.221328,1.283e-05,153,0.224094
69860,4.4598,,,0.225905,1.28108e-05,153,0.252068
69889,4.4614,,,0.215933,1.27917e-05,153,0.218169
69915,4.4662,0.252334,0.221919,,,153,
69918,4.4667,,,0.237262,1.27726e-05,154,0.315937
69947,4.4683,,,0.213473,1.27535e-05,154,0.201907
69976,4.4699,,,0.220446,1.27344e-05,154,0.236489
70005,4.4715,,,0.245051,1.27153e-05,154,0.262262
70034,4.4731,,,0.235353,1.26963e-05,154,0.254482
70063,4.4747,,,0.21796,1.26772e-05,154,0.260094
70092,4.4763,,,0.217928,1.26582e-05,154,0.239432
70121,4.4780,,,0.228219,1.26391e-05,154,0.286486
70150,4.4796,,,0.222201,1.26201e-05,154,0.254435
70179,4.4812,,,0.215376,1.26011e-05,154,0.224684
70208,4.4828,,,0.226288,1.25821e-05,154,0.235603
70237,4.4844,,,0.218268,1.25631e-05,154,0.222433
70266,4.4860,,,0.218158,1.25441e-05,154,0.229141
70295,4.4876,,,0.221962,1.25251e-05,154,0.207616
70324,4.4892,,,0.219679,1.25061e-05,154,0.215315
70353,4.4908,,,0.220223,1.24871e-05,154,0.236694
70369,4.4951,0.251939,0.222298,,,154,
70382,4.4961,,,0.227002,1.24682e-05,155,0.248677
70411,4.4977,,,0.223579,1.24492e-05,155,0.227885
70440,4.4993,,,0.217942,1.24303e-05,155,0.220774
70469,4.5009,,,0.221991,1.24114e-05,155,0.227339
70498,4.5026,,,0.219381,1.23925e-05,155,0.216557
70527,4.5042,,,0.217232,1.23736e-05,155,0.239652
70556,4.5058,,,0.236651,1.23547e-05,155,0.240641
70585,4.5074,,,0.231266,1.23358e-05,155,0.252047
70614,4.5090,,,0.215198,1.23169e-05,155,0.198523
70643,4.5106,,,0.210079,1.2298e-05,155,0.213807
70672,4.5122,,,0.213662,1.22792e-05,155,0.263525
70701,4.5138,,,0.222114,1.22603e-05,155,0.277964
70730,4.5154,,,0.230742,1.22415e-05,155,0.23024
70759,4.5170,,,0.230627,1.22226e-05,155,0.247915
70788,4.5186,,,0.206782,1.22038e-05,155,0.198581
70817,4.5202,,,0.228166,1.2185e-05,155,0.196191
70823,4.5239,0.251768,0.222215,,,155,
70846,4.5255,,,0.225627,1.21662e-05,156,0.300916
70875,4.5271,,,0.214017,1.21474e-05,156,0.216928
70904,4.5288,,,0.223169,1.21287e-05,156,0.24086
70933,4.5304,,,0.224569,1.21099e-05,156,0.233506
70962,4.5320,,,0.218342,1.20911e-05,156,0.186436
70991,4.5336,,,0.219488,1.20724e-05,156,0.327698
71020,4.5352,,,0.229941,1.20536e-05,156,0.283709
71049,4.5368,,,0.221228,1.20349e-05,156,0.211938
71078,4.5384,,,0.227119,1.20162e-05,156,0.275016
71107,4.5400,,,0.213746,1.19975e-05,156,0.261322
71136,4.5416,,,0.225532,1.19788e-05,156,0.328713
71165,4.5432,,,0.20928,1.19601e-05,156,0.209034
71194,4.5448,,,0.228208,1.19414e-05,156,0.228389
71223,4.5465,,,0.216196,1.19227e-05,156,0.225223
71252,4.5481,,,0.222024,1.19041e-05,156,0.260653
71277,4.5528,0.251838,0.222531,,,156,
71281,4.5534,,,0.229565,1.18854e-05,157,0.28127
71310,4.5550,,,0.23452,1.18668e-05,157,0.213887
71339,4.5566,,,0.227127,1.18481e-05,157,0.275704
71368,4.5582,,,0.223922,1.18295e-05,157,0.203734
71397,4.5598,,,0.224839,1.18109e-05,157,0.230722
71426,4.5614,,,0.219063,1.17923e-05,157,0.220814
71455,4.5630,,,0.224748,1.17737e-05,157,0.26929
71484,4.5647,,,0.211291,1.17551e-05,157,0.209365
71513,4.5664,,,0.204162,1.17366e-05,157,0.1806
71542,4.5680,,,0.239867,1.1718e-05,157,0.226662
71571,4.5696,,,0.209752,1.16995e-05,157,0.203151
71600,4.5712,,,0.21464,1.16809e-05,157,0.214187
71629,4.5729,,,0.207985,1.16624e-05,157,0.179641
71658,4.5745,,,0.211443,1.16439e-05,157,0.206822
71687,4.5761,,,0.230705,1.16254e-05,157,0.216207
71716,4.5777,,,0.231566,1.16069e-05,157,0.272397
71731,4.5819,0.2521,0.222003,,,157,
71745,4.5830,,,0.208735,1.15884e-05,158,0.305163
71774,4.5847,,,0.219241,1.15699e-05,158,0.231282
71803,4.5864,,,0.21231,1.15514e-05,158,0.225432
71832,4.5880,,,0.220513,1.1533e-05,158,0.213107
71861,4.5896,,,0.214907,1.15145e-05,158,0.244893
71890,4.5912,,,0.224239,1.14961e-05,158,0.301584
71919,4.5929,,,0.233861,1.14777e-05,158,0.23772
71948,4.5945,,,0.22018,1.14593e-05,158,0.217673
71977,4.5961,,,0.229209,1.14409e-05,158,0.239834
72006,4.5977,,,0.21913,1.14225e-05,158,0.313277
72035,4.5993,,,0.210604,1.14041e-05,158,0.19848
72064,4.6009,,,0.23289,1.13857e-05,158,0.248029
72093,4.6026,,,0.236554,1.13674e-05,158,0.193337
72122,4.6042,,,0.218537,1.1349e-05,158,0.320653
72151,4.6058,,,0.209009,1.13307e-05,158,0.244967
72180,4.6073,,,0.216861,1.13123e-05,158,0.273537
72185,4.6110,0.251569,0.221569,,,158,
72209,4.6127,,,0.224588,1.1294e-05,159,0.225211
72238,4.6143,,,0.237575,1.12757e-05,159,0.23459
72267,4.6159,,,0.225592,1.12574e-05,159,0.249216
72296,4.6175,,,0.218532,1.12391e-05,159,0.247897
72325,4.6191,,,0.224975,1.12208e-05,159,0.230772
72354,4.6207,,,0.224568,1.12026e-05,159,0.189254
72383,4.6223,,,0.223381,1.11843e-05,159,0.238608
72412,4.6239,,,0.227197,1.11661e-05,159,0.205423
72441,4.6255,,,0.227954,1.11478e-05,159,0.244684
72470,4.6271,,,0.232973,1.11296e-05,159,0.223687
72499,4.6287,,,0.212707,1.11114e-05,159,0.327699
72528,4.6303,,,0.225467,1.10932e-05,159,0.224069
72557,4.6319,,,0.216448,1.1075e-05,159,0.209414
72586,4.6335,,,0.242609,1.10568e-05,159,0.267198
72615,4.6351,,,0.222324,1.10386e-05,159,0.210589
72639,4.6398,0.251599,0.221596,,,159,
72644,4.6404,,,0.213092,1.10205e-05,160,0.206453
72673,4.6420,,,0.221829,1.10023e-05,160,0.227246
72702,4.6436,,,0.229901,1.09842e-05,160,0.257124
72731,4.6452,,,0.215688,1.0966e-05,160,0.28494
72760,4.6468,,,0.212666,1.09479e-05,160,0.182261
72789,4.6485,,,0.212605,1.09298e-05,160,0.248681
72818,4.6501,,,0.218432,1.09117e-05,160,0.210878
72847,4.6517,,,0.227516,1.08936e-05,160,0.241378
72876,4.6533,,,0.230379,1.08755e-05,160,0.207177
72905,4.6549,,,0.212746,1.08575e-05,160,0.203898
72934,4.6565,,,0.23244,1.08394e-05,160,0.250095
72963,4.6581,,,0.229906,1.08214e-05,160,0.249318
72992,4.6597,,,0.232456,1.08034e-05,160,0.247955
73021,4.6613,,,0.238364,1.07853e-05,160,0.259547
73050,4.6629,,,0.21898,1.07673e-05,160,0.21394
73079,4.6645,,,0.241399,1.07493e-05,160,0.336197
73093,4.6687,0.251584,0.2208,,,160,
73108,4.6698,,,0.213548,1.07313e-05,161,0.241393
73137,4.6714,,,0.211115,1.07134e-05,161,0.205102
73166,4.6730,,,0.237151,1.06954e-05,161,0.24643
73195,4.6747,,,0.219946,1.06774e-05,161,0.253168
73224,4.6763,,,0.218974,1.06595e-05,161,0.210518
73253,4.6779,,,0.234509,1.06416e-05,161,0.235453
73282,4.6795,,,0.235933,1.06236e-05,161,0.225963
73311,4.6811,,,0.211582,1.06057e-05,161,0.209615
73340,4.6827,,,0.241739,1.05878e-05,161,0.319918
73369,4.6843,,,0.223242,1.05699e-05,161,0.230568
73398,4.6859,,,0.203964,1.05521e-05,161,0.222358
73427,4.6875,,,0.237041,1.05342e-05,161,0.281758
73456,4.6891,,,0.237298,1.05163e-05,161,0.254387
73485,4.6907,,,0.227425,1.04985e-05,161,0.196984
73514,4.6923,,,0.234312,1.04807e-05,161,0.214249
73543,4.6939,,,0.202558,1.04628e-05,161,0.212395
73547,4.6975,0.251811,0.220915,,,161,
73572,4.6992,,,0.214878,1.0445e-05,162,0.234524
73601,4.7008,,,0.215527,1.04272e-05,162,0.259926
73630,4.7024,,,0.208455,1.04094e-05,162,0.272918
73659,4.7040,,,0.223443,1.03916e-05,162,0.220769
73688,4.7056,,,0.214981,1.03739e-05,162,0.228798
73717,4.7072,,,0.205331,1.03561e-05,162,0.217839
73746,4.7088,,,0.223564,1.03384e-05,162,0.196512
73775,4.7104,,,0.232305,1.03206e-05,162,0.239871
73804,4.7120,,,0.214385,1.03029e-05,162,0.233957
73833,4.7136,,,0.215489,1.02852e-05,162,0.217243
73862,4.7152,,,0.221798,1.02675e-05,162,0.203009
73891,4.7168,,,0.246224,1.02498e-05,162,0.261608
73920,4.7184,,,0.223093,1.02322e-05,162,0.272921
73949,4.7200,,,0.239399,1.02145e-05,162,0.227353
73978,4.7217,,,0.238712,1.01968e-05,162,0.259525
74001,4.7263,0.251671,0.221118,,,162,
74007,4.7270,,,0.2255,1.01792e-05,163,0.229552
74036,4.7286,,,0.205224,1.01616e-05,163,0.208219
74065,4.7302,,,0.218926,1.01439e-05,163,0.21316
74094,4.7318,,,0.213018,1.01263e-05,163,0.170693
74123,4.7334,,,0.235102,1.01087e-05,163,0.226628
74152,4.7350,,,0.222685,1.00911e-05,163,0.227802
74181,4.7366,,,0.226977,1.00736e-05,163,0.230836
74210,4.7382,,,0.219128,1.0056e-05,163,0.250181
74239,4.7398,,,0.219494,1.00385e-05,163,0.191995
74268,4.7414,,,0.201895,1.00209e-05,163,0.214586
74297,4.7430,,,0.221807,1.00034e-05,163,0.217457
74326,4.7446,,,0.21197,9.98587e-06,163,0.216439
74355,4.7462,,,0.205651,9.96837e-06,163,0.22155
74384,4.7478,,,0.207501,9.95087e-06,163,0.24583
74413,4.7495,,,0.206817,9.93339e-06,163,0.235167
74442,4.7510,,,0.223014,9.91592e-06,163,0.254757
74455,4.7551,0.251426,0.221046,,,163,
74471,4.7563,,,0.21394,9.89846e-06,164,0.318229
74500,4.7580,,,0.219579,9.88101e-06,164,0.294691
74529,4.7596,,,0.221081,9.86358e-06,164,0.213396
74558,4.7612,,,0.211517,9.84615e-06,164,0.194538
74587,4.7628,,,0.21902,9.82874e-06,164,0.276727
74616,4.7644,,,0.231769,9.81134e-06,164,0.252091
74645,4.7660,,,0.212706,9.79395e-06,164,0.223954
74674,4.7677,,,0.232206,9.77657e-06,164,0.202727
74703,4.7693,,,0.21904,9.7592e-06,164,0.242938
74732,4.7709,,,0.206461,9.74185e-06,164,0.197191
74761,4.7725,,,0.223519,9.72451e-06,164,0.222839
74790,4.7742,,,0.212898,9.70718e-06,164,0.181924
74819,4.7758,,,0.205664,9.68986e-06,164,0.241274
74848,4.7774,,,0.243964,9.67255e-06,164,0.254353
74877,4.7790,,,0.220902,9.65525e-06,164,0.255038
74906,4.7806,,,0.221646,9.63797e-06,164,0.210595
74909,4.7842,0.251217,0.220747,,,164,
74935,4.7860,,,0.226685,9.6207e-06,165,0.23376
74964,4.7876,,,0.221265,9.60344e-06,165,0.247119
74993,4.7892,,,0.236456,9.58619e-06,165,0.244712
75022,4.7910,,,0.223208,9.56895e-06,165,0.24052
75051,4.7926,,,0.226297,9.55173e-06,165,0.247927
75080,4.7942,,,0.23334,9.53452e-06,165,0.243973
75109,4.7958,,,0.229041,9.51731e-06,165,0.219987
75138,4.7975,,,0.205585,9.50013e-06,165,0.191872
75167,4.7991,,,0.22921,9.48295e-06,165,0.224525
75196,4.8007,,,0.221437,9.46578e-06,165,0.200945
75225,4.8023,,,0.219178,9.44863e-06,165,0.201642
75254,4.8039,,,0.21307,9.43149e-06,165,0.248514
75283,4.8055,,,0.207346,9.41436e-06,165,0.221178
75312,4.8071,,,0.211865,9.39724e-06,165,0.190953
75341,4.8087,,,0.216202,9.38013e-06,165,0.203247
75363,4.8132,0.251326,0.220847,,,165,
75370,4.8140,,,0.200643,9.36304e-06,166,0.2097
75399,4.8156,,,0.225488,9.34596e-06,166,0.255603
75428,4.8172,,,0.214712,9.32889e-06,166,0.167696
75457,4.8188,,,0.216672,9.31183e-06,166,0.300943
75486,4.8204,,,0.21548,9.29479e-06,166,0.198078
75515,4.8220,,,0.226411,9.27775e-06,166,0.287489
75544,4.8236,,,0.201562,9.26073e-06,166,0.177605
75573,4.8252,,,0.219279,9.24372e-06,166,0.207029
75602,4.8268,,,0.222866,9.22672e-06,166,0.244451
75631,4.8284,,,0.237796,9.20974e-06,166,0.267147
75660,4.8300,,,0.218774,9.19277e-06,166,0.232973
75689,4.8316,,,0.22071,9.1758e-06,166,0.265796
75718,4.8332,,,0.227244,9.15886e-06,166,0.194524
75747,4.8348,,,0.219599,9.14192e-06,166,0.269569
75776,4.8364,,,0.221425,9.12499e-06,166,0.256555
75805,4.8380,,,0.22964,9.10808e-06,166,0.252159
75817,4.8421,0.25144,0.22076,,,166,
75834,4.8434,,,0.218113,9.09118e-06,167,0.260759
75863,4.8450,,,0.222212,9.07429e-06,167,0.210497
75892,4.8466,,,0.221111,9.05742e-06,167,0.20589
75921,4.8482,,,0.220437,9.04056e-06,167,0.187068
75950,4.8498,,,0.225466,9.0237e-06,167,0.193061
75979,4.8514,,,0.240763,9.00687e-06,167,0.267779
76008,4.8530,,,0.22426,8.99004e-06,167,0.237335
76037,4.8546,,,0.208434,8.97322e-06,167,0.196435
76066,4.8562,,,0.215933,8.95642e-06,167,0.240867
76095,4.8578,,,0.201836,8.93963e-06,167,0.185012
76124,4.8594,,,0.224701,8.92285e-06,167,0.230251
76153,4.8610,,,0.221261,8.90609e-06,167,0.222268
76182,4.8626,,,0.227511,8.88934e-06,167,0.200584
76211,4.8642,,,0.228217,8.8726e-06,167,0.20958
76240,4.8658,,,0.232956,8.85587e-06,167,0.249248
76269,4.8674,,,0.224902,8.83915e-06,167,0.276285
76271,4.8709,0.25129,0.220306,,,167,
76298,4.8727,,,0.213266,8.82245e-06,168,0.222829
76327,4.8743,,,0.221245,8.80576e-06,168,0.253778
76356,4.8759,,,0.218107,8.78908e-06,168,0.209958
76385,4.8775,,,0.209799,8.77241e-06,168,0.189434
76414,4.8791,,,0.225519,8.75576e-06,168,0.236097
76443,4.8807,,,0.229074,8.73912e-06,168,0.235053
76472,4.8824,,,0.221877,8.72249e-06,168,0.226852
76501,4.8840,,,0.216277,8.70588e-06,168,0.216699
76530,4.8856,,,0.229997,8.68927e-06,168,0.2165
76559,4.8872,,,0.219815,8.67268e-06,168,0.235402
76588,4.8888,,,0.228485,8.6561e-06,168,0.267421
76617,4.8904,,,0.230579,8.63954e-06,168,0.258802
76646,4.8920,,,0.218137,8.62298e-06,168,0.240458
76675,4.8936,,,0.221482,8.60644e-06,168,0.19057
76704,4.8952,,,0.213688,8.58991e-06,168,0.196844
76725,4.8997,0.251174,0.220141,,,168,
76733,4.9005,,,0.222019,8.5734e-06,169,0.204035
76762,4.9021,,,0.20943,8.55689e-06,169,0.175775
76791,4.9037,,,0.20656,8.5404e-06,169,0.191869
76820,4.9053,,,0.243005,8.52393e-06,169,0.258025
76849,4.9069,,,0.217714,8.50746e-06,169,0.204484
76878,4.9085,,,0.238874,8.49101e-06,169,0.212791
76907,4.9101,,,0.21786,8.47457e-06,169,0.227877
76936,4.9117,,,0.200281,8.45814e-06,169,0.197614
76965,4.9133,,,0.215473,8.44173e-06,169,0.201056
76994,4.9149,,,0.219022,8.42533e-06,169,0.219622
77023,4.9165,,,0.237677,8.40894e-06,169,0.261016
77052,4.9181,,,0.213591,8.39256e-06,169,0.211302
77081,4.9197,,,0.210579,8.3762e-06,169,0.252476
77110,4.9213,,,0.223902,8.35985e-06,169,0.268401
77139,4.9230,,,0.193831,8.34351e-06,169,0.185229
77168,4.9245,,,0.218249,8.32718e-06,169,0.224622
77179,4.9285,0.250946,0.219588,,,169,
77197,4.9299,,,0.22182,8.31087e-06,170,0.186698
77226,4.9315,,,0.224519,8.29457e-06,170,0.220221
77255,4.9331,,,0.226706,8.27828e-06,170,0.206367
77284,4.9347,,,0.206893,8.26201e-06,170,0.176934
77313,4.9363,,,0.212534,8.24575e-06,170,0.237422
77342,4.9379,,,0.217095,8.2295e-06,170,0.207028
77371,4.9395,,,0.21491,8.21326e-06,170,0.242533
77400,4.9411,,,0.220023,8.19704e-06,170,0.194102
77429,4.9427,,,0.211932,8.18083e-06,170,0.216258
77458,4.9443,,,0.228659,8.16464e-06,170,0.274399
77487,4.9459,,,0.205128,8.14845e-06,170,0.219033
77516,4.9475,,,0.221931,8.13228e-06,170,0.243741
77545,4.9491,,,0.213793,8.11612e-06,170,0.266784
77574,4.9507,,,0.235922,8.09998e-06,170,0.233883
77603,4.9523,,,0.211833,8.08385e-06,170,0.238603
77632,4.9539,,,0.213154,8.06773e-06,170,0.191347
77633,4.9574,0.251126,0.219978,,,170,
77661,4.9592,,,0.222217,8.05162e-06,171,0.24705
77690,4.9608,,,0.219969,8.03553e-06,171,0.196675
77719,4.9624,,,0.227928,8.01945e-06,171,0.251879
77748,4.9641,,,0.220736,8.00338e-06,171,0.17683
77777,4.9657,,,0.226423,7.98733e-06,171,0.251807
77806,4.9674,,,0.212751,7.97129e-06,171,0.188984
77835,4.9690,,,0.233103,7.95526e-06,171,0.303722
77864,4.9706,,,0.224086,7.93924e-06,171,0.263757
77893,4.9722,,,0.224834,7.92324e-06,171,0.20164
77922,4.9738,,,0.204175,7.90725e-06,171,0.200121
77951,4.9754,,,0.227891,7.89128e-06,171,0.228777
77980,4.9770,,,0.219545,7.87532e-06,171,0.205428
78009,4.9787,,,0.218938,7.85937e-06,171,0.221353
78038,4.9803,,,0.216524,7.84343e-06,171,0.189624
78067,4.9819,,,0.220085,7.82751e-06,171,0.192302
78087,4.9863,0.250996,0.220116,,,171,
78096,4.9872,,,0.204094,7.8116e-06,172,0.204233
78125,4.9888,,,0.209284,7.7957e-06,172,0.232408
78154,4.9905,,,0.204528,7.77982e-06,172,0.199875
78183,4.9921,,,0.225001,7.76395e-06,172,0.265888
78212,4.9937,,,0.217221,7.74809e-06,172,0.200507
78241,4.9954,,,0.223001,7.73225e-06,172,0.226734
78270,4.9971,,,0.218178,7.71642e-06,172,0.258619
78299,4.9988,,,0.214663,7.7006e-06,172,0.225932
78328,5.0004,,,0.216022,7.6848e-06,172,0.22929
78357,5.0020,,,0.235317,7.66901e-06,172,0.287735
78386,5.0036,,,0.225405,7.65323e-06,172,0.197837
78415,5.0052,,,0.224998,7.63746e-06,172,0.202641
78444,5.0068,,,0.234958,7.62171e-06,172,0.238182
78473,5.0084,,,0.216431,7.60598e-06,172,0.189661
78502,5.0100,,,0.219132,7.59025e-06,172,0.208886
78531,5.0116,,,0.240626,7.57454e-06,172,0.217256
78541,5.0155,0.250764,0.220156,,,172,
78560,5.0169,,,0.222081,7.55885e-06,173,0.204246
78589,5.0185,,,0.22244,7.54316e-06,173,0.204059
78618,5.0201,,,0.220817,7.52749e-06,173,0.223367
78647,5.0217,,,0.213727,7.51183e-06,173,0.220835
78676,5.0233,,,0.216899,7.49619e-06,173,0.190401
78705,5.0249,,,0.222522,7.48056e-06,173,0.200032
78734,5.0265,,,0.207259,7.46494e-06,173,0.201989
78763,5.0281,,,0.210123,7.44934e-06,173,0.202905
78792,5.0297,,,0.216419,7.43375e-06,173,0.19725
78821,5.0313,,,0.228642,7.41817e-06,173,0.252807
78850,5.0330,,,0.221608,7.40261e-06,173,0.224696
78879,5.0346,,,0.228999,7.38706e-06,173,0.241009
78908,5.0362,,,0.231537,7.37153e-06,173,0.258649
78937,5.0378,,,0.225488,7.356e-06,173,0.233452
78966,5.0394,,,0.22538,7.3405e-06,173,0.283584
78995,5.0443,0.251359,0.219712,0.21231,7.325e-06,173,0.2055
79024,5.0463,,,0.208616,7.30952e-06,174,0.190132
79053,5.0479,,,0.233203,7.29405e-06,174,0.223177
79082,5.0495,,,0.212744,7.2786e-06,174,0.188874
79111,5.0511,,,0.203006,7.26316e-06,174,0.209426
79140,5.0527,,,0.215494,7.24773e-06,174,0.229489
79169,5.0543,,,0.224311,7.23232e-06,174,0.205317
79198,5.0559,,,0.215046,7.21692e-06,174,0.229864
79227,5.0575,,,0.235361,7.20153e-06,174,0.259533
79256,5.0591,,,0.229164,7.18616e-06,174,0.225147
79285,5.0607,,,0.222028,7.1708e-06,174,0.223949
79314,5.0623,,,0.219275,7.15545e-06,174,0.184343
79343,5.0639,,,0.206168,7.14012e-06,174,0.200706
79372,5.0656,,,0.223659,7.1248e-06,174,0.222747
79401,5.0672,,,0.212478,7.1095e-06,174,0.229422
79430,5.0688,,,0.21769,7.09421e-06,174,0.20387
79449,5.0732,0.250834,0.219637,,,174,
79459,5.0741,,,0.206886,7.07893e-06,175,0.204947
79488,5.0757,,,0.22776,7.06367e-06,175,0.245789
79517,5.0773,,,0.241202,7.04842e-06,175,0.253154
79546,5.0789,,,0.214624,7.03318e-06,175,0.191499
79575,5.0805,,,0.22345,7.01796e-06,175,0.217334
79604,5.0821,,,0.211129,7.00275e-06,175,0.192299
79633,5.0837,,,0.221239,6.98756e-06,175,0.204605
79662,5.0853,,,0.214017,6.97238e-06,175,0.207737
79691,5.0869,,,0.215953,6.95721e-06,175,0.199757
79720,5.0885,,,0.206215,6.94206e-06,175,0.223517
79749,5.0901,,,0.232723,6.92692e-06,175,0.205937
79778,5.0917,,,0.212244,6.9118e-06,175,0.19103
79807,5.0933,,,0.217291,6.89669e-06,175,0.25067
79836,5.0949,,,0.222358,6.88159e-06,175,0.196711
79865,5.0965,,,0.232896,6.86651e-06,175,0.24528
79894,5.0981,,,0.22083,6.85144e-06,175,0.195618
79903,5.1020,0.250835,0.219607,,,175,
79923,5.1034,,,0.213026,6.83638e-06,176,0.220898
79952,5.1051,,,0.195412,6.82134e-06,176,0.177716
79981,5.1067,,,0.218077,6.80631e-06,176,0.244449
80010,5.1083,,,0.217168,6.7913e-06,176,0.19854
80039,5.1099,,,0.215445,6.7763e-06,176,0.203998
80068,5.1115,,,0.217336,6.76132e-06,176,0.224168
80097,5.1131,,,0.225426,6.74634e-06,176,0.211854
80126,5.1147,,,0.229385,6.73139e-06,176,0.252985
80155,5.1163,,,0.207426,6.71644e-06,176,0.182798
80184,5.1179,,,0.221583,6.70151e-06,176,0.200758
80213,5.1195,,,0.228202,6.6866e-06,176,0.191965
80242,5.1211,,,0.218299,6.6717e-06,176,0.228599
80271,5.1227,,,0.22322,6.65681e-06,176,0.170965
80300,5.1243,,,0.217418,6.64194e-06,176,0.25619
80329,5.1260,,,0.224085,6.62708e-06,176,0.238054
80357,5.1308,0.250863,0.219492,,,176,
80358,5.1312,,,0.211634,6.61223e-06,177,0.198219
80387,5.1328,,,0.212824,6.5974e-06,177,0.228784
80416,5.1345,,,0.206308,6.58259e-06,177,0.200812
80445,5.1361,,,0.213442,6.56778e-06,177,0.177623
80474,5.1377,,,0.226364,6.55299e-06,177,0.213275
80503,5.1393,,,0.230187,6.53822e-06,177,0.253368
80532,5.1409,,,0.222489,6.52346e-06,177,0.188941
80561,5.1425,,,0.221462,6.50871e-06,177,0.24953
80590,5.1441,,,0.20496,6.49398e-06,177,0.20515
80619,5.1457,,,0.203165,6.47927e-06,177,0.209108
80648,5.1473,,,0.22653,6.46456e-06,177,0.221146
80677,5.1489,,,0.224548,6.44987e-06,177,0.240586
80706,5.1505,,,0.233146,6.4352e-06,177,0.259372
80735,5.1521,,,0.225378,6.42054e-06,177,0.255704
80764,5.1537,,,0.2171,6.40589e-06,177,0.261064
80793,5.1553,,,0.221497,6.39126e-06,177,0.194705
80811,5.1597,0.250704,0.219499,,,177,
80822,5.1606,,,0.218381,6.37664e-06,178,0.201885
80851,5.1622,,,0.230253,6.36204e-06,178,0.22075
80880,5.1638,,,0.220916,6.34745e-06,178,0.203623
80909,5.1655,,,0.212277,6.33287e-06,178,0.201621
80938,5.1671,,,0.235644,6.31831e-06,178,0.212718
80967,5.1687,,,0.231045,6.30377e-06,178,0.192893
80996,5.1704,,,0.21649,6.28923e-06,178,0.22489
81025,5.1720,,,0.227989,6.27472e-06,178,0.244421
81054,5.1736,,,0.200107,6.26021e-06,178,0.184401
81083,5.1752,,,0.219621,6.24573e-06,178,0.22866
81112,5.1768,,,0.205471,6.23125e-06,178,0.197043
81141,5.1784,,,0.221074,6.21679e-06,178,0.190349
81170,5.1800,,,0.223952,6.20235e-06,178,0.195532
81199,5.1816,,,0.221155,6.18791e-06,178,0.210211
81228,5.1833,,,0.211495,6.1735e-06,178,0.208605
81257,5.1849,,,0.220673,6.15909e-06,178,0.228944
81265,5.1887,0.250573,0.219461,,,178,
81286,5.1903,,,0.21145,6.14471e-06,179,0.204145
81315,5.1919,,,0.213658,6.13033e-06,179,0.176211
81344,5.1935,,,0.220937,6.11597e-06,179,0.201687
81373,5.1952,,,0.228175,6.10163e-06,179,0.208788
81402,5.1969,,,0.211849,6.0873e-06,179,0.192242
81431,5.1986,,,0.222705,6.07299e-06,179,0.213139
81460,5.2002,,,0.222564,6.05868e-06,179,0.20263
81489,5.2018,,,0.213114,6.0444e-06,179,0.224884
81518,5.2034,,,0.220056,6.03013e-06,179,0.200864
81547,5.2050,,,0.229687,6.01587e-06,179,0.204056
81576,5.2066,,,0.209781,6.00163e-06,179,0.2127
81605,5.2083,,,0.224132,5.9874e-06,179,0.204106
81634,5.2099,,,0.215842,5.97319e-06,179,0.216991
81663,5.2115,,,0.211869,5.95899e-06,179,0.205531
81692,5.2131,,,0.214364,5.9448e-06,179,0.264262
81719,5.2179,0.250517,0.219037,,,179,
81721,5.2184,,,0.216795,5.93063e-06,180,0.205258
81750,5.2200,,,0.20971,5.91648e-06,180,0.222372
81779,5.2216,,,0.234999,5.90234e-06,180,0.237881
81808,5.2232,,,0.220593,5.88821e-06,180,0.231151
81837,5.2248,,,0.211281,5.8741e-06,180,0.196842
81866,5.2264,,,0.215464,5.86e-06,180,0.221766
81895,5.2280,,,0.233464,5.84592e-06,180,0.205098
81924,5.2296,,,0.222548,5.83186e-06,180,0.220044
81953,5.2312,,,0.212308,5.8178e-06,180,0.194263
81982,5.2328,,,0.225334,5.80377e-06,180,0.211794
82011,5.2344,,,0.226511,5.78974e-06,180,0.204648
82040,5.2360,,,0.214283,5.77574e-06,180,0.248282
82069,5.2377,,,0.212022,5.76174e-06,180,0.194731
82098,5.2393,,,0.213688,5.74776e-06,180,0.20422
82127,5.2409,,,0.216136,5.7338e-06,180,0.196081
82156,5.2425,,,0.219534,5.71985e-06,180,0.205206
82173,5.2468,0.250771,0.218716,,,180,
82185,5.2478,,,0.210266,5.70592e-06,181,0.205591
82214,5.2494,,,0.22039,5.692e-06,181,0.233883
82243,5.2510,,,0.21751,5.67809e-06,181,0.196721
82272,5.2526,,,0.21476,5.6642e-06,181,0.203932
82301,5.2542,,,0.228617,5.65033e-06,181,0.265884
82330,5.2558,,,0.219754,5.63647e-06,181,0.198982
82359,5.2574,,,0.221721,5.62262e-06,181,0.200906
82388,5.2590,,,0.228845,5.60879e-06,181,0.228727
82417,5.2606,,,0.211571,5.59498e-06,181,0.206001
82446,5.2623,,,0.217258,5.58118e-06,181,0.244121
82475,5.2639,,,0.222678,5.56739e-06,181,0.225693
82504,5.2655,,,0.222952,5.55362e-06,181,0.225872
82533,5.2671,,,0.226521,5.53986e-06,181,0.195546
82562,5.2687,,,0.218041,5.52612e-06,181,0.242092
82591,5.2703,,,0.22419,5.5124e-06,181,0.225504
82620,5.2719,,,0.211359,5.49869e-06,181,0.18593
82627,5.2756,0.250819,0.219287,,,181,
82649,5.2772,,,0.212336,5.48499e-06,182,0.229867
82678,5.2788,,,0.22217,5.47131e-06,182,0.186748
82707,5.2804,,,0.217874,5.45764e-06,182,0.217803
82736,5.2820,,,0.226919,5.44399e-06,182,0.193415
82765,5.2836,,,0.219629,5.43036e-06,182,0.204307
82794,5.2852,,,0.217892,5.41674e-06,182,0.211909
82823,5.2868,,,0.222167,5.40313e-06,182,0.216998
82852,5.2884,,,0.21646,5.38954e-06,182,0.178053
82881,5.2900,,,0.23046,5.37596e-06,182,0.205165
82910,5.2916,,,0.222659,5.3624e-06,182,0.220764
82939,5.2932,,,0.219786,5.34886e-06,182,0.16779
82968,5.2948,,,0.216802,5.33533e-06,182,0.174898
82997,5.2964,,,0.223674,5.32181e-06,182,0.201814
83026,5.2980,,,0.221941,5.30831e-06,182,0.234367
83055,5.2996,,,0.208204,5.29482e-06,182,0.198929
83081,5.3044,0.25072,0.218903,,,182,
83084,5.3050,,,0.218394,5.28135e-06,183,0.206754
83113,5.3066,,,0.216673,5.2679e-06,183,0.18665
83142,5.3082,,,0.219205,5.25446e-06,183,0.227111
83171,5.3098,,,0.228135,5.24103e-06,183,0.24351
83200,5.3114,,,0.21806,5.22762e-06,183,0.182926
83229,5.3130,,,0.233406,5.21423e-06,183,0.31227
83258,5.3146,,,0.222396,5.20085e-06,183,0.235726
83287,5.3162,,,0.211665,5.18749e-06,183,0.244073
83316,5.3178,,,0.217539,5.17414e-06,183,0.182772
83345,5.3194,,,0.221796,5.1608e-06,183,0.248006
83374,5.3210,,,0.21833,5.14749e-06,183,0.227088
83403,5.3227,,,0.221795,5.13418e-06,183,0.250676
83432,5.3243,,,0.23554,5.12089e-06,183,0.241433
83461,5.3259,,,0.210192,5.10762e-06,183,0.198217
83490,5.3275,,,0.20411,5.09436e-06,183,0.175225
83519,5.3291,,,0.228143,5.08112e-06,183,0.189986
83535,5.3333,0.250693,0.218569,,,183,
83548,5.3344,,,0.209432,5.0679e-06,184,0.175893
83577,5.3360,,,0.221917,5.05468e-06,184,0.25393
83606,5.3376,,,0.214691,5.04149e-06,184,0.1927
83635,5.3392,,,0.224403,5.02831e-06,184,0.209174
83664,5.3408,,,0.22286,5.01514e-06,184,0.230885
83693,5.3424,,,0.223225,5.00199e-06,184,0.210329
83722,5.3440,,,0.227546,4.98886e-06,184,0.200531
83751,5.3456,,,0.223842,4.97574e-06,184,0.203885
83780,5.3472,,,0.210136,4.96263e-06,184,0.194332
83809,5.3488,,,0.221837,4.94954e-06,184,0.1971
83838,5.3504,,,0.215367,4.93647e-06,184,0.229842
83867,5.3520,,,0.223745,4.92341e-06,184,0.208737
83896,5.3536,,,0.21524,4.91037e-06,184,0.212533
83925,5.3552,,,0.208089,4.89734e-06,184,0.163194
83954,5.3569,,,0.209841,4.88433e-06,184,0.279141
83983,5.3584,,,0.227332,4.87133e-06,184,0.258046
83989,5.3622,0.25083,0.218839,,,184,
84012,5.3638,,,0.214208,4.85835e-06,185,0.206812
84041,5.3654,,,0.218908,4.84539e-06,185,0.260148
84070,5.3670,,,0.227951,4.83244e-06,185,0.210778
84099,5.3686,,,0.216259,4.8195e-06,185,0.231098
84128,5.3702,,,0.191564,4.80658e-06,185,0.244743
84157,5.3718,,,0.222205,4.79368e-06,185,0.161239
84186,5.3735,,,0.220376,4.78079e-06,185,0.225278
84215,5.3751,,,0.225685,4.76792e-06,185,0.209061
84244,5.3767,,,0.225806,4.75506e-06,185,0.221881
84273,5.3783,,,0.202053,4.74222e-06,185,0.159034
84302,5.3799,,,0.216807,4.72939e-06,185,0.20063
84331,5.3815,,,0.243818,4.71658e-06,185,0.248996
84360,5.3831,,,0.228219,4.70379e-06,185,0.214493
84389,5.3847,,,0.212151,4.69101e-06,185,0.189634
84418,5.3864,,,0.221765,4.67825e-06,185,0.186463
84443,5.3911,0.250657,0.218789,,,185,
84447,5.3917,,,0.218457,4.6655e-06,186,0.172429
84476,5.3934,,,0.210906,4.65277e-06,186,0.20355
84505,5.3950,,,0.224866,4.64005e-06,186,0.204353
84534,5.3966,,,0.215962,4.62735e-06,186,0.20088
84563,5.3982,,,0.227435,4.61466e-06,186,0.210423
84592,5.3998,,,0.202833,4.60199e-06,186,0.192602
84621,5.4015,,,0.208484,4.58934e-06,186,0.208432
84650,5.4032,,,0.210478,4.5767e-06,186,0.22263
84679,5.4048,,,0.219643,4.56408e-06,186,0.243706
84708,5.4065,,,0.203846,4.55147e-06,186,0.18388
84737,5.4081,,,0.225067,4.53888e-06,186,0.176176
84766,5.4097,,,0.226498,4.5263e-06,186,0.23503
84795,5.4113,,,0.228705,4.51374e-06,186,0.256321
84824,5.4129,,,0.232907,4.5012e-06,186,0.21511
84853,5.4145,,,0.241583,4.48867e-06,186,0.29148
84882,5.4161,,,0.227577,4.47616e-06,186,0.290537
84897,5.4203,0.25035,0.218973,,,186,
84911,5.4214,,,0.221944,4.46366e-06,187,0.220926
84940,5.4230,,,0.206695,4.45118e-06,187,0.178262
84969,5.4246,,,0.205886,4.43871e-06,187,0.207912
84998,5.4262,,,0.209371,4.42626e-06,187,0.160206
85027,5.4278,,,0.210332,4.41383e-06,187,0.233108
85056,5.4294,,,0.21824,4.40141e-06,187,0.254369
85085,5.4310,,,0.221093,4.38901e-06,187,0.200437
85114,5.4326,,,0.223697,4.37662e-06,187,0.179657
85143,5.4342,,,0.213451,4.36425e-06,187,0.217776
85172,5.4359,,,0.210145,4.35189e-06,187,0.211301
85201,5.4375,,,0.208672,4.33955e-06,187,0.20645
85230,5.4391,,,0.213783,4.32723e-06,187,0.219725
85259,5.4407,,,0.227549,4.31492e-06,187,0.241477
85288,5.4423,,,0.237865,4.30263e-06,187,0.242067
85317,5.4439,,,0.215048,4.29036e-06,187,0.20577
85346,5.4455,,,0.205527,4.2781e-06,187,0.174118
85351,5.4491,0.250507,0.21869,,,187,
85375,5.4508,,,0.207368,4.26585e-06,188,0.179275
85404,5.4524,,,0.219708,4.25362e-06,188,0.222134
85433,5.4540,,,0.21935,4.24141e-06,188,0.196898
85462,5.4556,,,0.211814,4.22922e-06,188,0.159441
85491,5.4572,,,0.215638,4.21704e-06,188,0.16378
85520,5.4588,,,0.231157,4.20487e-06,188,0.20084
85549,5.4604,,,0.213449,4.19272e-06,188,0.216804
85578,5.4620,,,0.217493,4.18059e-06,188,0.186229
85607,5.4637,,,0.212277,4.16848e-06,188,0.193708
85636,5.4653,,,0.204089,4.15637e-06,188,0.166049
85665,5.4669,,,0.219843,4.14429e-06,188,0.202534
85694,5.4685,,,0.232237,4.13222e-06,188,0.20616
85723,5.4701,,,0.210913,4.12017e-06,188,0.179052
85752,5.4717,,,0.223136,4.10813e-06,188,0.230038
85781,5.4733,,,0.213871,4.09611e-06,188,0.218955
85805,5.4780,0.250371,0.218237,,,188,
85810,5.4786,,,0.228652,4.08411e-06,189,0.238976
85839,5.4802,,,0.229156,4.07212e-06,189,0.260923
85868,5.4818,,,0.213216,4.06015e-06,189,0.190085
85897,5.4835,,,0.219393,4.04819e-06,189,0.200754
85926,5.4851,,,0.204427,4.03625e-06,189,0.19909
85955,5.4867,,,0.194459,4.02433e-06,189,0.181521
85984,5.4883,,,0.214646,4.01242e-06,189,0.189516
86013,5.4899,,,0.220711,4.00053e-06,189,0.19189
86042,5.4915,,,0.211016,3.98865e-06,189,0.210267
86071,5.4931,,,0.223662,3.97679e-06,189,0.194633
86100,5.4947,,,0.204817,3.96495e-06,189,0.162448
86129,5.4963,,,0.207447,3.95312e-06,189,0.20289
86158,5.4979,,,0.219674,3.94131e-06,189,0.193432
86187,5.4995,,,0.22763,3.92952e-06,189,0.218068
86216,5.5012,,,0.222946,3.91774e-06,189,0.219404
86245,5.5027,,,0.213615,3.90598e-06,189,0.184156
86259,5.5069,0.250476,0.218627,,,189,
86274,5.5081,,,0.218803,3.89423e-06,190,0.208702
86303,5.5097,,,0.202569,3.8825e-06,190,0.205278
86332,5.5113,,,0.208743,3.87079e-06,190,0.21762
86361,5.5129,,,0.224137,3.85909e-06,190,0.203599
86390,5.5145,,,0.2083,3.84741e-06,190,0.197983
86419,5.5161,,,0.218264,3.83574e-06,190,0.226085
86448,5.5177,,,0.217784,3.82409e-06,190,0.186834
86477,5.5193,,,0.219505,3.81246e-06,190,0.175631
86506,5.5210,,,0.222187,3.80084e-06,190,0.195038
86535,5.5226,,,0.217963,3.78924e-06,190,0.194583
86564,5.5242,,,0.221078,3.77766e-06,190,0.209881
86593,5.5258,,,0.221588,3.76609e-06,190,0.202009
86622,5.5274,,,0.228826,3.75454e-06,190,0.190936
86651,5.5290,,,0.21446,3.743e-06,190,0.240441
86680,5.5306,,,0.206157,3.73149e-06,190,0.181446
86709,5.5322,,,0.22215,3.71998e-06,190,0.196012
86713,5.5358,0.250275,0.218146,,,190,
86738,5.5375,,,0.209671,3.7085e-06,191,0.215346
86767,5.5392,,,0.219581,3.69703e-06,191,0.195558
86796,5.5408,,,0.21108,3.68557e-06,191,0.181015
86825,5.5424,,,0.225394,3.67414e-06,191,0.214114
86854,5.5440,,,0.221186,3.66272e-06,191,0.192229
86883,5.5456,,,0.213909,3.65131e-06,191,0.183368
86912,5.5472,,,0.228777,3.63992e-06,191,0.226306
86941,5.5488,,,0.215947,3.62855e-06,191,0.198236
86970,5.5504,,,0.217947,3.6172e-06,191,0.187729
86999,5.5520,,,0.225284,3.60586e-06,191,0.211468
87028,5.5536,,,0.202767,3.59454e-06,191,0.168325
87057,5.5552,,,0.212875,3.58323e-06,191,0.193971
87086,5.5568,,,0.220656,3.57194e-06,191,0.2142
87115,5.5584,,,0.216512,3.56067e-06,191,0.194093
87144,5.5600,,,0.219245,3.54941e-06,191,0.193852
87167,5.5646,0.25042,0.218128,,,191,
87173,5.5653,,,0.212689,3.53817e-06,192,0.230949
87202,5.5669,,,0.209374,3.52695e-06,192,0.18081
87231,5.5686,,,0.212421,3.51574e-06,192,0.172846
87260,5.5702,,,0.195181,3.50455e-06,192,0.20056
87289,5.5718,,,0.215536,3.49338e-06,192,0.168318
87318,5.5734,,,0.212576,3.48222e-06,192,0.208784
87347,5.5750,,,0.223709,3.47108e-06,192,0.185836
87376,5.5766,,,0.208253,3.45995e-06,192,0.205468
87405,5.5783,,,0.206047,3.44884e-06,192,0.162221
87434,5.5799,,,0.20682,3.43775e-06,192,0.224803
87463,5.5815,,,0.207399,3.42668e-06,192,0.186352
87492,5.5831,,,0.215269,3.41562e-06,192,0.209045
87521,5.5848,,,0.198387,3.40458e-06,192,0.196196
87550,5.5864,,,0.217359,3.39355e-06,192,0.235346
87579,5.5880,,,0.227268,3.38254e-06,192,0.225729
87608,5.5896,,,0.202576,3.37155e-06,192,0.175895
87621,5.5937,0.250409,0.217917,,,192,
87637,5.5951,,,0.227598,3.36058e-06,193,0.243452
87666,5.5967,,,0.213177,3.34962e-06,193,0.194095
87695,5.5983,,,0.214519,3.33867e-06,193,0.183597
87724,5.5999,,,0.213258,3.32775e-06,193,0.166807
87753,5.6016,,,0.206646,3.31684e-06,193,0.219062
87782,5.6032,,,0.21293,3.30595e-06,193,0.189958
87811,5.6049,,,0.236471,3.29507e-06,193,0.233136
87840,5.6065,,,0.223747,3.28421e-06,193,0.197035
87869,5.6081,,,0.217658,3.27337e-06,193,0.262784
87898,5.6097,,,0.238076,3.26254e-06,193,0.228397
87927,5.6114,,,0.209233,3.25173e-06,193,0.196506
87956,5.6130,,,0.228814,3.24094e-06,193,0.243898
87985,5.6146,,,0.212526,3.23017e-06,193,0.223574
88014,5.6162,,,0.229469,3.21941e-06,193,0.234685
88043,5.6178,,,0.220216,3.20867e-06,193,0.178605
88072,5.6194,,,0.209907,3.19794e-06,193,0.168965
88075,5.6229,0.250192,0.218217,,,193,
88101,5.6247,,,0.210161,3.18723e-06,194,0.174065
88130,5.6263,,,0.223242,3.17654e-06,194,0.205714
88159,5.6279,,,0.220342,3.16586e-06,194,0.236797
88188,5.6295,,,0.236466,3.1552e-06,194,0.244351
88217,5.6311,,,0.214967,3.14456e-06,194,0.191502
88246,5.6327,,,0.229337,3.13394e-06,194,0.189502
88275,5.6343,,,0.206162,3.12333e-06,194,0.180806
88304,5.6359,,,0.213787,3.11274e-06,194,0.189658
88333,5.6376,,,0.213307,3.10216e-06,194,0.169114
88362,5.6392,,,0.214349,3.09161e-06,194,0.205171
88391,5.6408,,,0.21504,3.08106e-06,194,0.171741
88420,5.6424,,,0.209768,3.07054e-06,194,0.210788
88449,5.6440,,,0.217246,3.06003e-06,194,0.207754
88478,5.6456,,,0.216151,3.04954e-06,194,0.184059
88507,5.6472,,,0.209375,3.03907e-06,194,0.181178
88529,5.6518,0.250253,0.217525,,,194,
88536,5.6525,,,0.230806,3.02861e-06,195,0.239972
88565,5.6541,,,0.224891,3.01817e-06,195,0.181019
88594,5.6557,,,0.225977,3.00775e-06,195,0.233598
88623,5.6573,,,0.218334,2.99734e-06,195,0.205847
88652,5.6589,,,0.217408,2.98695e-06,195,0.247901
88681,5.6605,,,0.220643,2.97658e-06,195,0.200345
88710,5.6621,,,0.2154,2.96622e-06,195,0.225539
88739,5.6638,,,0.222472,2.95589e-06,195,0.222295
88768,5.6654,,,0.221087,2.94556e-06,195,0.200335
88797,5.6670,,,0.206104,2.93526e-06,195,0.173145
88826,5.6686,,,0.20795,2.92497e-06,195,0.18174
88855,5.6702,,,0.212404,2.9147e-06,195,0.18826
88884,5.6718,,,0.214134,2.90445e-06,195,0.169616
88913,5.6734,,,0.209296,2.89421e-06,195,0.188027
88942,5.6750,,,0.218855,2.88399e-06,195,0.185446
88971,5.6766,,,0.213706,2.87379e-06,195,0.160882
88983,5.6806,0.25037,0.217949,,,195,
89000,5.6819,,,0.219657,2.8636e-06,196,0.194711
89029,5.6835,,,0.207145,2.85343e-06,196,0.190062
89058,5.6851,,,0.223498,2.84328e-06,196,0.214562
89087,5.6867,,,0.228693,2.83314e-06,196,0.222125
89116,5.6883,,,0.226241,2.82302e-06,196,0.23057
89145,5.6899,,,0.229231,2.81292e-06,196,0.234469
89174,5.6915,,,0.208655,2.80284e-06,196,0.152949
89203,5.6932,,,0.240464,2.79277e-06,196,0.214419
89232,5.6948,,,0.22685,2.78272e-06,196,0.236648
89261,5.6964,,,0.221561,2.77269e-06,196,0.189546
89290,5.6980,,,0.219886,2.76267e-06,196,0.190986
89319,5.6996,,,0.229233,2.75267e-06,196,0.27667
89348,5.7012,,,0.205837,2.74269e-06,196,0.148076
89377,5.7028,,,0.20927,2.73273e-06,196,0.233963
89406,5.7044,,,0.225457,2.72278e-06,196,0.208713
89435,5.7060,,,0.205014,2.71285e-06,196,0.222093
89437,5.7095,0.25035,0.217872,,,196,
89464,5.7113,,,0.216983,2.70294e-06,197,0.204694
89493,5.7129,,,0.217508,2.69304e-06,197,0.19909
89522,5.7146,,,0.226623,2.68316e-06,197,0.213398
89551,5.7162,,,0.222541,2.6733e-06,197,0.212436
89580,5.7178,,,0.212694,2.66345e-06,197,0.187802
89609,5.7194,,,0.216744,2.65363e-06,197,0.181364
89638,5.7210,,,0.22207,2.64382e-06,197,0.193148
89667,5.7226,,,0.217433,2.63402e-06,197,0.19234
89696,5.7242,,,0.215264,2.62425e-06,197,0.20824
89725,5.7258,,,0.225088,2.61449e-06,197,0.249977
89754,5.7274,,,0.21302,2.60474e-06,197,0.182203
89783,5.7290,,,0.240069,2.59502e-06,197,0.218191
89812,5.7306,,,0.220644,2.58531e-06,197,0.233142
89841,5.7323,,,0.217025,2.57562e-06,197,0.195843
89870,5.7339,,,0.211445,2.56595e-06,197,0.182888
89891,5.7384,0.250278,0.218151,,,197,
89899,5.7391,,,0.227719,2.55629e-06,198,0.191771
89928,5.7408,,,0.213285,2.54665e-06,198,0.186367
89957,5.7424,,,0.21491,2.53703e-06,198,0.247263
89986,5.7440,,,0.212066,2.52743e-06,198,0.175061
90015,5.7456,,,0.213614,2.51784e-06,198,0.197882
90044,5.7472,,,0.213874,2.50827e-06,198,0.20086
90073,5.7488,,,0.219039,2.49872e-06,198,0.177303
90102,5.7504,,,0.215726,2.48918e-06,198,0.205778
90131,5.7520,,,0.219133,2.47966e-06,198,0.205761
90160,5.7536,,,0.225418,2.47016e-06,198,0.190415
90189,5.7553,,,0.218565,2.46068e-06,198,0.220846
90218,5.7569,,,0.207137,2.45121e-06,198,0.154531
90247,5.7585,,,0.206811,2.44177e-06,198,0.171136
90276,5.7601,,,0.2166,2.43233e-06,198,0.181928
90305,5.7617,,,0.231524,2.42292e-06,198,0.197262
90334,5.7633,,,0.22604,2.41352e-06,198,0.194988
90345,5.7673,0.250181,0.217808,,,198,
90363,5.7687,,,0.217865,2.40414e-06,199,0.228207
90392,5.7703,,,0.218118,2.39478e-06,199,0.249626
90421,5.7719,,,0.222496,2.38544e-06,199,0.161607
90450,5.7735,,,0.21538,2.37611e-06,199,0.205742
90479,5.7751,,,0.215082,2.3668e-06,199,0.200052
90508,5.7767,,,0.215981,2.35751e-06,199,0.193815
90537,5.7783,,,0.214604,2.34823e-06,199,0.162562
90566,5.7799,,,0.216546,2.33897e-06,199,0.219254
90595,5.7815,,,0.218293,2.32973e-06,199,0.21002
90624,5.7832,,,0.220547,2.32051e-06,199,0.192518
90653,5.7848,,,0.22261,2.3113e-06,199,0.206824
90682,5.7864,,,0.190166,2.30212e-06,199,0.161096
90711,5.7880,,,0.222909,2.29294e-06,199,0.171756
90740,5.7898,,,0.22046,2.28379e-06,199,0.194666
90769,5.7914,,,0.213699,2.27465e-06,199,0.205113
90798,5.7929,,,0.208519,2.26554e-06,199,0.199623
90799,5.7964,0.250167,0.21745,,,199,
90827,5.7987,,,0.232006,2.25643e-06,200,0.191158
90856,5.8003,,,0.213694,2.24735e-06,200,0.218345
90885,5.8020,,,0.231457,2.23828e-06,200,0.221475
90914,5.8036,,,0.221304,2.22924e-06,200,0.203198
90943,5.8052,,,0.219174,2.2202e-06,200,0.186019
90972,5.8068,,,0.211228,2.21119e-06,200,0.167454
91001,5.8084,,,0.213748,2.20219e-06,200,0.213392
91030,5.8101,,,0.222828,2.19322e-06,200,0.200161
91059,5.8118,,,0.231052,2.18425e-06,200,0.190547
91088,5.8135,,,0.218322,2.17531e-06,200,0.22245
91117,5.8151,,,0.227444,2.16638e-06,200,0.196645
91146,5.8167,,,0.21373,2.15747e-06,200,0.163901
91175,5.8183,,,0.21922,2.14858e-06,200,0.216141
91204,5.8199,,,0.215735,2.13971e-06,200,0.160403
91233,5.8216,,,0.228797,2.13085e-06,200,0.192231
91253,5.8261,0.250303,0.217674,,,200,
91262,5.8270,,,0.212453,2.12201e-06,201,0.207541
91291,5.8286,,,0.21403,2.11319e-06,201,0.229561
91320,5.8302,,,0.211463,2.10439e-06,201,0.182196
91349,5.8318,,,0.217741,2.0956e-06,201,0.160576
91378,5.8334,,,0.208048,2.08684e-06,201,0.216218
91407,5.8350,,,0.215459,2.07808e-06,201,0.226403
91436,5.8366,,,0.237348,2.06935e-06,201,0.229139
91465,5.8383,,,0.224752,2.06064e-06,201,0.197217
91494,5.8399,,,0.210698,2.05194e-06,201,0.198123
91523,5.8415,,,0.226034,2.04326e-06,201,0.211203
91552,5.8431,,,0.229325,2.03459e-06,201,0.1801
91581,5.8447,,,0.223844,2.02595e-06,201,0.231073
91610,5.8463,,,0.210799,2.01732e-06,201,0.160366
91639,5.8479,,,0.220527,2.00871e-06,201,0.221438
91668,5.8495,,,0.215889,2.00012e-06,201,0.198075
91697,5.8511,,,0.220823,1.99154e-06,201,0.195017
91707,5.8551,0.250316,0.217336,,,201,
91726,5.8565,,,0.223882,1.98299e-06,202,0.205656
91755,5.8581,,,0.207832,1.97445e-06,202,0.159689
91784,5.8597,,,0.212404,1.96593e-06,202,0.18312
91813,5.8613,,,0.211081,1.95742e-06,202,0.182688
91842,5.8629,,,0.207131,1.94894e-06,202,0.152623
91871,5.8645,,,0.224464,1.94047e-06,202,0.231597
91900,5.8662,,,0.215138,1.93202e-06,202,0.212755
91929,5.8678,,,0.224152,1.92358e-06,202,0.209008
91958,5.8694,,,0.221231,1.91517e-06,202,0.179302
91987,5.8710,,,0.210721,1.90677e-06,202,0.199793
92016,5.8726,,,0.216245,1.89839e-06,202,0.174555
92045,5.8742,,,0.212819,1.89003e-06,202,0.168206
92074,5.8759,,,0.237414,1.88168e-06,202,0.287136
92103,5.8775,,,0.227989,1.87336e-06,202,0.195064
92132,5.8791,,,0.209816,1.86505e-06,202,0.19042
92161,5.8841,0.250213,0.21712,0.216043,1.85676e-06,202,0.229662
92190,5.8860,,,0.206229,1.84848e-06,203,0.167993
92219,5.8876,,,0.216643,1.84023e-06,203,0.179894
92248,5.8892,,,0.218386,1.83199e-06,203,0.204719
92277,5.8909,,,0.222843,1.82377e-06,203,0.151293
92306,5.8925,,,0.221569,1.81557e-06,203,0.180329
92335,5.8941,,,0.226055,1.80738e-06,203,0.218613
92364,5.8957,,,0.204758,1.79921e-06,203,0.144553
92393,5.8973,,,0.202531,1.79107e-06,203,0.156528
92422,5.8989,,,0.203175,1.78293e-06,203,0.147602
92451,5.9005,,,0.204252,1.77482e-06,203,0.182643
92480,5.9022,,,0.205966,1.76672e-06,203,0.175287
92509,5.9038,,,0.204746,1.75865e-06,203,0.162079
92538,5.9054,,,0.214315,1.75059e-06,203,0.199666
92567,5.9070,,,0.20576,1.74255e-06,203,0.162946
92596,5.9086,,,0.212362,1.73452e-06,203,0.223556
92615,5.9130,0.25038,0.217048,,,203,
92625,5.9139,,,0.223394,1.72651e-06,204,0.238396
92654,5.9156,,,0.207703,1.71853e-06,204,0.176164
92683,5.9172,,,0.219439,1.71056e-06,204,0.185785
92712,5.9188,,,0.203507,1.7026e-06,204,0.158148
92741,5.9204,,,0.216853,1.69467e-06,204,0.173886
92770,5.9220,,,0.222325,1.68675e-06,204,0.199233
92799,5.9236,,,0.216864,1.67885e-06,204,0.179754
92828,5.9252,,,0.22801,1.67097e-06,204,0.238217
92857,5.9268,,,0.222295,1.66311e-06,204,0.186889
92886,5.9285,,,0.218154,1.65526e-06,204,0.203902
92915,5.9301,,,0.227582,1.64743e-06,204,0.213633
92944,5.9317,,,0.227905,1.63962e-06,204,0.223678
92973,5.9333,,,0.200286,1.63183e-06,204,0.163755
93002,5.9349,,,0.221234,1.62406e-06,204,0.172583
93031,5.9365,,,0.209908,1.6163e-06,204,0.187862
93060,5.9381,,,0.232055,1.60856e-06,204,0.185808
93069,5.9420,0.250119,0.217434,,,204,
93089,5.9434,,,0.228819,1.60084e-06,205,0.254933
93118,5.9451,,,0.199034,1.59314e-06,205,0.186717
93147,5.9467,,,0.233364,1.58546e-06,205,0.260227
93176,5.9483,,,0.213844,1.57779e-06,205,0.188997
93205,5.9499,,,0.223036,1.57014e-06,205,0.198446
93234,5.9515,,,0.213832,1.56251e-06,205,0.197788
93263,5.9531,,,0.215394,1.5549e-06,205,0.19902
93292,5.9547,,,0.2038,1.54731e-06,205,0.175511
93321,5.9563,,,0.219043,1.53973e-06,205,0.204439
93350,5.9580,,,0.215324,1.53217e-06,205,0.198273
93379,5.9596,,,0.222279,1.52463e-06,205,0.177099
93408,5.9612,,,0.216051,1.51711e-06,205,0.185938
93437,5.9628,,,0.228067,1.50961e-06,205,0.192658
93466,5.9644,,,0.20473,1.50212e-06,205,0.17154
93495,5.9660,,,0.223389,1.49465e-06,205,0.214941
93523,5.9709,0.250213,0.217984,,,205,
93524,5.9714,,,0.21822,1.4872e-06,206,0.198659
93553,5.9730,,,0.205898,1.47977e-06,206,0.158165
93582,5.9747,,,0.211332,1.47236e-06,206,0.180129
93611,5.9763,,,0.212488,1.46496e-06,206,0.195189
93640,5.9779,,,0.233369,1.45758e-06,206,0.268929
93669,5.9796,,,0.221928,1.45022e-06,206,0.198229
93698,5.9812,,,0.235193,1.44288e-06,206,0.229093
93727,5.9828,,,0.223784,1.43556e-06,206,0.180853
93756,5.9844,,,0.202969,1.42825e-06,206,0.209418
93785,5.9860,,,0.214415,1.42097e-06,206,0.203804
93814,5.9877,,,0.229084,1.4137e-06,206,0.242328
93843,5.9893,,,0.21832,1.40645e-06,206,0.192585
93872,5.9910,,,0.229425,1.39921e-06,206,0.226979
93901,5.9926,,,0.212536,1.392e-06,206,0.196676
93930,5.9942,,,0.228988,1.3848e-06,206,0.209823
93959,5.9958,,,0.200408,1.37762e-06,206,0.186495
93977,6.0001,0.250187,0.217608,,,206,
93988,6.0011,,,0.219193,1.37046e-06,207,0.183461
94017,6.0027,,,0.211317,1.36332e-06,207,0.158492
94046,6.0043,,,0.208072,1.3562e-06,207,0.18448
94075,6.0059,,,0.218743,1.34909e-06,207,0.163827
94104,6.0076,,,0.219973,1.342e-06,207,0.188176
94133,6.0092,,,0.220551,1.33493e-06,207,0.205268
94162,6.0109,,,0.204809,1.32788e-06,207,0.168182
94191,6.0125,,,0.21462,1.32085e-06,207,0.195856
94220,6.0142,,,0.235483,1.31383e-06,207,0.221696
94249,6.0158,,,0.223164,1.30683e-06,207,0.208055
94278,6.0175,,,0.214508,1.29985e-06,207,0.207264
94307,6.0191,,,0.206097,1.29289e-06,207,0.180718
94336,6.0207,,,0.229658,1.28595e-06,207,0.188298
94365,6.0224,,,0.222767,1.27903e-06,207,0.187178
94394,6.0240,,,0.209441,1.27212e-06,207,0.1655
94423,6.0255,,,0.21979,1.26523e-06,207,0.161501
94431,6.0294,0.250189,0.217573,,,207,
94452,6.0309,,,0.217033,1.25836e-06,208,0.180671
94481,6.0325,,,0.223028,1.25151e-06,208,0.150429
94510,6.0341,,,0.227975,1.24468e-06,208,0.282473
94539,6.0357,,,0.217203,1.23786e-06,208,0.208326
94568,6.0374,,,0.211227,1.23107e-06,208,0.147408
94597,6.0390,,,0.217551,1.22429e-06,208,0.154604
94626,6.0406,,,0.195181,1.21753e-06,208,0.255367
94655,6.0422,,,0.220899,1.21078e-06,208,0.180806
94684,6.0438,,,0.216832,1.20406e-06,208,0.169302
94713,6.0454,,,0.217241,1.19736e-06,208,0.161958
94742,6.0470,,,0.217878,1.19067e-06,208,0.203527
94771,6.0487,,,0.222735,1.184e-06,208,0.190405
94800,6.0503,,,0.219663,1.17735e-06,208,0.184825
94829,6.0519,,,0.211948,1.17072e-06,208,0.184114
94858,6.0535,,,0.217445,1.1641e-06,208,0.196228
94885,6.0583,0.25009,0.217121,,,208,
94887,6.0588,,,0.214519,1.15751e-06,209,0.212037
94916,6.0604,,,0.242902,1.15093e-06,209,0.227833
94945,6.0620,,,0.224732,1.14437e-06,209,0.150858
94974,6.0636,,,0.213977,1.13783e-06,209,0.161944
95003,6.0652,,,0.238935,1.1313e-06,209,0.185358
95032,6.0668,,,0.206413,1.1248e-06,209,0.161042
95061,6.0685,,,0.213976,1.11831e-06,209,0.155116
95090,6.0701,,,0.212203,1.11185e-06,209,0.232811
95119,6.0717,,,0.233004,1.1054e-06,209,0.208298
95148,6.0733,,,0.225598,1.09897e-06,209,0.184388
95177,6.0749,,,0.221791,1.09255e-06,209,0.185842
95206,6.0765,,,0.208875,1.08616e-06,209,0.228847
95235,6.0781,,,0.209134,1.07978e-06,209,0.20346
95264,6.0797,,,0.224194,1.07342e-06,209,0.195688
95293,6.0813,,,0.225053,1.06709e-06,209,0.205725
95322,6.0829,,,0.219774,1.06076e-06,209,0.197306
95339,6.0872,0.250135,0.217653,,,209,
95351,6.0882,,,0.224956,1.05446e-06,210,0.226907
95380,6.0899,,,0.218247,1.04818e-06,210,0.186168
95409,6.0915,,,0.217437,1.04191e-06,210,0.166835
95438,6.0931,,,0.210795,1.03566e-06,210,0.167866
95467,6.0947,,,0.222793,1.02944e-06,210,0.219579
95496,6.0963,,,0.221384,1.02322e-06,210,0.198546
95525,6.0979,,,0.199894,1.01703e-06,210,0.143558
95554,6.0995,,,0.240228,1.01086e-06,210,0.218625
95583,6.1011,,,0.230631,1.0047e-06,210,0.27352
95612,6.1027,,,0.225805,9.98566e-07,210,0.190312
95641,6.1043,,,0.225887,9.92447e-07,210,0.232013
95670,6.1060,,,0.22424,9.86347e-07,210,0.214099
95699,6.1076,,,0.22174,9.80265e-07,210,0.195959
95728,6.1092,,,0.21089,9.74202e-07,210,0.158322
95757,6.1108,,,0.23232,9.68157e-07,210,0.25858
95786,6.1124,,,0.221015,9.6213e-07,210,0.181639
95793,6.1162,0.250151,0.217897,,,210,
95815,6.1177,,,0.222674,9.56122e-07,211,0.163426
95844,6.1193,,,0.224774,9.50133e-07,211,0.197376
95873,6.1209,,,0.218361,9.44162e-07,211,0.218882
95902,6.1225,,,0.215811,9.38209e-07,211,0.183882
95931,6.1242,,,0.223501,9.32275e-07,211,0.211954
95960,6.1258,,,0.205328,9.26359e-07,211,0.181386
95989,6.1274,,,0.221746,9.20462e-07,211,0.183901
96018,6.1290,,,0.215758,9.14583e-07,211,0.176801
96047,6.1306,,,0.213191,9.08723e-07,211,0.208061
96076,6.1322,,,0.217202,9.02881e-07,211,0.205079
96105,6.1338,,,0.218958,8.97058e-07,211,0.187356
96134,6.1354,,,0.220024,8.91253e-07,211,0.243662
96163,6.1370,,,0.218087,8.85467e-07,211,0.202543
96192,6.1387,,,0.200124,8.79699e-07,211,0.156644
96221,6.1403,,,0.234037,8.7395e-07,211,0.20295
96247,6.1450,0.250081,0.217454,,,211,
96250,6.1456,,,0.215763,8.68219e-07,212,0.225488
96279,6.1472,,,0.228961,8.62507e-07,212,0.228563
96308,6.1488,,,0.218541,8.56813e-07,212,0.213576
96337,6.1504,,,0.2182,8.51138e-07,212,0.138794
96366,6.1520,,,0.211609,8.45481e-07,212,0.191344
96395,6.1536,,,0.203794,8.39843e-07,212,0.148464
96424,6.1552,,,0.225822,8.34223e-07,212,0.234048
96453,6.1568,,,0.210119,8.28622e-07,212,0.150375
96482,6.1584,,,0.223854,8.2304e-07,212,0.155038
96511,6.1600,,,0.217687,8.17476e-07,212,0.178856
96540,6.1616,,,0.231586,8.11931e-07,212,0.208859
96569,6.1633,,,0.207194,8.06404e-07,212,0.172943
96598,6.1649,,,0.218717,8.00896e-07,212,0.181875
96627,6.1665,,,0.222217,7.95406e-07,212,0.163852
96656,6.1681,,,0.210934,7.89935e-07,212,0.173899
96685,6.1697,,,0.217812,7.84482e-07,212,0.182084
96701,6.1740,0.250124,0.217001,,,212,
96714,6.1751,,,0.212833,7.79048e-07,213,0.162256
96743,6.1767,,,0.23446,7.73633e-07,213,0.216982
96772,6.1784,,,0.213376,7.68236e-07,213,0.183229
96801,6.1800,,,0.222484,7.62858e-07,213,0.174608
96830,6.1817,,,0.22648,7.57498e-07,213,0.23217
96859,6.1833,,,0.213742,7.52157e-07,213,0.20227
96888,6.1849,,,0.22281,7.46835e-07,213,0.186588
96917,6.1865,,,0.230812,7.41531e-07,213,0.202928
96946,6.1882,,,0.212011,7.36246e-07,213,0.185665
96975,6.1898,,,0.214121,7.3098e-07,213,0.173332
97004,6.1914,,,0.217709,7.25732e-07,213,0.176048
97033,6.1930,,,0.213833,7.20503e-07,213,0.184545
97062,6.1946,,,0.235455,7.15292e-07,213,0.219417
97091,6.1962,,,0.23338,7.101e-07,213,0.206833
97120,6.1978,,,0.205858,7.04927e-07,213,0.182516
97149,6.1994,,,0.214342,6.99772e-07,213,0.158455
97155,6.2031,0.25004,0.217253,,,213,
97178,6.2047,,,0.218807,6.94636e-07,214,0.173013
97207,6.2063,,,0.232021,6.89518e-07,214,0.206132
97236,6.2080,,,0.207208,6.8442e-07,214,0.180491
97265,6.2096,,,0.220311,6.7934e-07,214,0.215677
97294,6.2112,,,0.218681,6.74278e-07,214,0.179797
97323,6.2129,,,0.220419,6.69235e-07,214,0.23486
97352,6.2145,,,0.207619,6.64211e-07,214,0.166754
97381,6.2161,,,0.22406,6.59206e-07,214,0.180395
97410,6.2177,,,0.223482,6.54219e-07,214,0.196261
97439,6.2194,,,0.211169,6.49251e-07,214,0.170904
97468,6.2210,,,0.228257,6.44302e-07,214,0.152302
97497,6.2226,,,0.228055,6.39371e-07,214,0.171334
97526,6.2243,,,0.21691,6.34459e-07,214,0.213233
97555,6.2259,,,0.225021,6.29566e-07,214,0.218558
97584,6.2275,,,0.211181,6.24691e-07,214,0.157756
97609,6.2323,0.250033,0.217312,,,214,
97613,6.2328,,,0.207919,6.19836e-07,215,0.154605
97642,6.2344,,,0.231336,6.14998e-07,215,0.229622
97671,6.2360,,,0.220473,6.1018e-07,215,0.196899
97700,6.2377,,,0.212904,6.0538e-07,215,0.154033
97729,6.2393,,,0.217083,6.00599e-07,215,0.188317
97758,6.2409,,,0.213093,5.95837e-07,215,0.192674
97787,6.2425,,,0.211201,5.91093e-07,215,0.179082
97816,6.2441,,,0.216623,5.86369e-07,215,0.146484
97845,6.2457,,,0.210973,5.81662e-07,215,0.184362
97874,6.2473,,,0.212024,5.76975e-07,215,0.19064
97903,6.2489,,,0.231301,5.72307e-07,215,0.260517
97932,6.2505,,,0.219781,5.67657e-07,215,0.213342
97961,6.2521,,,0.225989,5.63026e-07,215,0.167241
97990,6.2537,,,0.207226,5.58413e-07,215,0.177723
98019,6.2554,,,0.215725,5.5382e-07,215,0.171487
98048,6.2570,,,0.221702,5.49245e-07,215,0.221765
98063,6.2612,0.250083,0.217297,,,215,
98077,6.2623,,,0.216866,5.44689e-07,216,0.216499
98106,6.2639,,,0.209159,5.40151e-07,216,0.153674
98135,6.2655,,,0.220939,5.35633e-07,216,0.166441
98164,6.2671,,,0.225282,5.31133e-07,216,0.210767
98193,6.2687,,,0.224574,5.26652e-07,216,0.169633
98222,6.2703,,,0.214739,5.2219e-07,216,0.164584
98251,6.2719,,,0.20406,5.17747e-07,216,0.141575
98280,6.2735,,,0.202707,5.13322e-07,216,0.149682
98309,6.2751,,,0.217651,5.08916e-07,216,0.197904
98338,6.2768,,,0.218543,5.04529e-07,216,0.212746
98367,6.2784,,,0.206859,5.00161e-07,216,0.144581
98396,6.2800,,,0.218876,4.95811e-07,216,0.186999
98425,6.2816,,,0.222439,4.91481e-07,216,0.186774
98454,6.2832,,,0.21071,4.87169e-07,216,0.161892
98483,6.2848,,,0.242486,4.82876e-07,216,0.212061
98512,6.2864,,,0.217175,4.78602e-07,216,0.165586
98517,6.2900,0.250044,0.217609,,,216,
98541,6.2917,,,0.212846,4.74346e-07,217,0.188548
98570,6.2933,,,0.218982,4.7011e-07,217,0.204783
98599,6.2949,,,0.216873,4.65892e-07,217,0.172592
98628,6.2965,,,0.229144,4.61693e-07,217,0.18694
98657,6.2981,,,0.214855,4.57513e-07,217,0.182354
98686,6.2998,,,0.215924,4.53352e-07,217,0.207107
98715,6.3014,,,0.216802,4.49209e-07,217,0.196642
98744,6.3030,,,0.215233,4.45086e-07,217,0.191542
98773,6.3046,,,0.231036,4.40981e-07,217,0.211219
98802,6.3062,,,0.220171,4.36895e-07,217,0.171522
98831,6.3078,,,0.221705,4.32828e-07,217,0.201633
98860,6.3094,,,0.225899,4.2878e-07,217,0.209984
98889,6.3110,,,0.208756,4.24751e-07,217,0.151152
98918,6.3126,,,0.194084,4.2074e-07,217,0.172947
98947,6.3142,,,0.227173,4.16749e-07,217,0.183325
98971,6.3189,0.25,0.217227,,,217,
98976,6.3195,,,0.222169,4.12776e-07,218,0.18202
99005,6.3211,,,0.218124,4.08822e-07,218,0.177518
99034,6.3228,,,0.216584,4.04887e-07,218,0.174013
99063,6.3244,,,0.208366,4.00971e-07,218,0.150553
99092,6.3260,,,0.221536,3.97074e-07,218,0.201295
99121,6.3276,,,0.220849,3.93195e-07,218,0.205894
99150,6.3292,,,0.219047,3.89336e-07,218,0.181939
99179,6.3308,,,0.214438,3.85495e-07,218,0.156492
99208,6.3324,,,0.221429,3.81674e-07,218,0.19156
99237,6.3340,,,0.21478,3.77871e-07,218,0.211154
99266,6.3356,,,0.213566,3.74087e-07,218,0.212616
99295,6.3372,,,0.223484,3.70322e-07,218,0.154369
99324,6.3389,,,0.221333,3.66576e-07,218,0.18283
99353,6.3405,,,0.211329,3.62848e-07,218,0.167677
99382,6.3421,,,0.201347,3.5914e-07,218,0.157672
99411,6.3437,,,0.217343,3.55451e-07,218,0.166145
99425,6.3478,0.250073,0.217217,,,218,
99440,6.3490,,,0.20639,3.5178e-07,219,0.187369
99469,6.3506,,,0.22626,3.48129e-07,219,0.16376
99498,6.3522,,,0.217548,3.44496e-07,219,0.175573
99527,6.3538,,,0.220499,3.40882e-07,219,0.214521
99556,6.3554,,,0.22118,3.37288e-07,219,0.176995
99585,6.3570,,,0.211128,3.33712e-07,219,0.166546
99614,6.3586,,,0.207431,3.30155e-07,219,0.178762
99643,6.3602,,,0.230464,3.26617e-07,219,0.231286
99672,6.3618,,,0.214584,3.23098e-07,219,0.190124
99701,6.3635,,,0.216112,3.19598e-07,219,0.154187
99730,6.3651,,,0.217365,3.16116e-07,219,0.157674
99759,6.3667,,,0.219558,3.12654e-07,219,0.193413
99788,6.3683,,,0.211328,3.09211e-07,219,0.150095
99817,6.3699,,,0.211643,3.05786e-07,219,0.216387
99846,6.3715,,,0.229402,3.02381e-07,219,0.171457
99875,6.3731,,,0.224876,2.98995e-07,219,0.236881
99879,6.3768,0.250007,0.217336,,,219,
99904,6.3785,,,0.223491,2.95627e-07,220,0.162199
99933,6.3801,,,0.217561,2.92278e-07,220,0.168514
99962,6.3818,,,0.221847,2.88949e-07,220,0.174198
99991,6.3834,,,0.218271,2.85638e-07,220,0.217679
100020,6.3850,,,0.228698,2.82347e-07,220,0.191421
100049,6.3867,,,0.226873,2.79074e-07,220,0.20976
100078,6.3883,,,0.213428,2.7582e-07,220,0.191047
100107,6.3899,,,0.216432,2.72585e-07,220,0.182633
100136,6.3915,,,0.202838,2.6937e-07,220,0.172782
100165,6.3931,,,0.215039,2.66173e-07,220,0.208413
100194,6.3947,,,0.220436,2.62995e-07,220,0.183921
100223,6.3963,,,0.206075,2.59836e-07,220,0.163021
100252,6.3979,,,0.217197,2.56696e-07,220,0.199957
100281,6.3995,,,0.225575,2.53576e-07,220,0.211087
100310,6.4011,,,0.220984,2.50474e-07,220,0.21532
100333,6.4058,0.249973,0.216963,,,220,
100339,6.4065,,,0.219192,2.47391e-07,221,0.246229
100368,6.4081,,,0.228611,2.44327e-07,221,0.20567
100397,6.4098,,,0.213289,2.41282e-07,221,0.154906
100426,6.4114,,,0.214107,2.38256e-07,221,0.172414
100455,6.4130,,,0.207796,2.35249e-07,221,0.164224
100484,6.4146,,,0.218356,2.32262e-07,221,0.179359
100513,6.4163,,,0.214313,2.29293e-07,221,0.134115
100542,6.4179,,,0.23542,2.26343e-07,221,0.211201
100571,6.4195,,,0.214762,2.23412e-07,221,0.167771
100600,6.4212,,,0.208533,2.205e-07,221,0.169153
100629,6.4228,,,0.210297,2.17607e-07,221,0.157471
100658,6.4244,,,0.223539,2.14734e-07,221,0.207282
100687,6.4261,,,0.218276,2.11879e-07,221,0.148023
100716,6.4277,,,0.219333,2.09043e-07,221,0.234141
100745,6.4293,,,0.219006,2.06226e-07,221,0.183484
100774,6.4309,,,0.238749,2.03429e-07,221,0.275479
100787,6.4350,0.250049,0.217386,,,221,
100803,6.4362,,,0.224005,2.0065e-07,222,0.195162
100832,6.4378,,,0.218294,1.9789e-07,222,0.233172
100861,6.4394,,,0.210777,1.9515e-07,222,0.147958
100890,6.4410,,,0.232637,1.92428e-07,222,0.223806
100919,6.4426,,,0.206046,1.89726e-07,222,0.161744
100948,6.4442,,,0.21192,1.87042e-07,222,0.166415
100977,6.4458,,,0.226495,1.84378e-07,222,0.243632
101006,6.4474,,,0.221912,1.81732e-07,222,0.232154
101035,6.4491,,,0.224854,1.79106e-07,222,0.185031
101064,6.4507,,,0.22987,1.76499e-07,222,0.16301
101093,6.4523,,,0.208821,1.7391e-07,222,0.221793
101122,6.4539,,,0.233231,1.71341e-07,222,0.201542
101151,6.4555,,,0.230253,1.68791e-07,222,0.192203
101180,6.4571,,,0.204145,1.6626e-07,222,0.149776
101209,6.4587,,,0.220864,1.63748e-07,222,0.190787
101238,6.4603,,,0.219333,1.61255e-07,222,0.155278
101241,6.4638,0.250039,0.217359,,,222,
101267,6.4656,,,0.225421,1.58781e-07,223,0.219577
101296,6.4672,,,0.215655,1.56326e-07,223,0.163951
101325,6.4689,,,0.202813,1.5389e-07,223,0.138106
101354,6.4705,,,0.209927,1.51474e-07,223,0.158591
101383,6.4721,,,0.226738,1.49076e-07,223,0.192733
101412,6.4737,,,0.20947,1.46698e-07,223,0.170249
101441,6.4753,,,0.219326,1.44338e-07,223,0.183042
101470,6.4769,,,0.207986,1.41998e-07,223,0.190704
101499,6.4785,,,0.213952,1.39676e-07,223,0.139052
101528,6.4801,,,0.217091,1.37374e-07,223,0.17423
101557,6.4817,,,0.208977,1.35091e-07,223,0.150188
101586,6.4834,,,0.234309,1.32827e-07,223,0.192857
101615,6.4850,,,0.229095,1.30582e-07,223,0.19695
101644,6.4866,,,0.214711,1.28356e-07,223,0.175898
101673,6.4882,,,0.212642,1.26149e-07,223,0.19655
101695,6.4928,0.250017,0.217085,,,223,
101702,6.4935,,,0.216947,1.23961e-07,224,0.201966
101731,6.4951,,,0.204832,1.21792e-07,224,0.152989
101760,6.4967,,,0.216918,1.19643e-07,224,0.217843
101789,6.4983,,,0.242503,1.17512e-07,224,0.243103
101818,6.4999,,,0.241794,1.15401e-07,224,0.207157
101847,6.5015,,,0.214212,1.13309e-07,224,0.151491
101876,6.5032,,,0.209079,1.11235e-07,224,0.167579
101905,6.5048,,,0.214466,1.09181e-07,224,0.197362
101934,6.5064,,,0.224482,1.07146e-07,224,0.182735
101963,6.5080,,,0.21481,1.0513e-07,224,0.187496
101992,6.5096,,,0.218815,1.03134e-07,224,0.179625
102021,6.5112,,,0.20863,1.01156e-07,224,0.184495
102050,6.5128,,,0.215268,9.91973e-08,224,0.169689
102079,6.5144,,,0.218311,9.72578e-08,224,0.197224
102108,6.5160,,,0.197411,9.53374e-08,224,0.155761
102137,6.5176,,,0.223877,9.34362e-08,224,0.184249
102149,6.5217,0.250018,0.217387,,,224,
102166,6.5229,,,0.227172,9.1554e-08,225,0.20118
102195,6.5245,,,0.23503,8.9691e-08,225,0.228475
102224,6.5262,,,0.216845,8.78471e-08,225,0.214163
102253,6.5278,,,0.225645,8.60223e-08,225,0.213519
102282,6.5294,,,0.220762,8.42167e-08,225,0.140779
102311,6.5310,,,0.215345,8.24301e-08,225,0.17419
102340,6.5326,,,0.209002,8.06627e-08,225,0.171273
102369,6.5342,,,0.20513,7.89144e-08,225,0.165992
102398,6.5358,,,0.216703,7.71852e-08,225,0.165956
102427,6.5374,,,0.224396,7.54752e-08,225,0.211684
102456,6.5390,,,0.226761,7.37842e-08,225,0.179704
102485,6.5406,,,0.218893,7.21124e-08,225,0.199078
102514,6.5423,,,0.222478,7.04598e-08,225,0.199305
102543,6.5439,,,0.20787,6.88262e-08,225,0.174209
102572,6.5455,,,0.214984,6.72118e-08,225,0.173033
102601,6.5470,,,0.219038,6.56166e-08,225,0.187555
102603,6.5505,0.250017,0.217437,,,225,
102630,6.5524,,,0.215404,6.40404e-08,226,0.163215
102659,6.5540,,,0.221979,6.24834e-08,226,0.185354
102688,6.5556,,,0.221508,6.09456e-08,226,0.19099
102717,6.5572,,,0.220095,5.94269e-08,226,0.195463
102746,6.5589,,,0.206866,5.79273e-08,226,0.153866
102775,6.5605,,,0.2121,5.64468e-08,226,0.168977
102804,6.5621,,,0.215479,5.49855e-08,226,0.156144
102833,6.5637,,,0.217571,5.35434e-08,226,0.176552
102862,6.5653,,,0.202244,5.21204e-08,226,0.169929
102891,6.5669,,,0.213255,5.07165e-08,226,0.19224
102920,6.5685,,,0.214901,4.93318e-08,226,0.156959
102949,6.5701,,,0.227572,4.79662e-08,226,0.198888
102978,6.5717,,,0.222059,4.66198e-08,226,0.197559
103007,6.5733,,,0.214481,4.52925e-08,226,0.204086
103036,6.5749,,,0.207645,4.39844e-08,226,0.175217
103057,6.5795,0.249998,0.216617,,,226,
103065,6.5803,,,0.214386,4.26954e-08,227,0.191859
103094,6.5819,,,0.21845,4.14256e-08,227,0.163045
103123,6.5835,,,0.214459,4.01749e-08,227,0.169109
103152,6.5851,,,0.213107,3.89434e-08,227,0.166963
103181,6.5868,,,0.21521,3.77311e-08,227,0.176307
103210,6.5884,,,0.233339,3.65379e-08,227,0.189584
103239,6.5900,,,0.214401,3.53638e-08,227,0.157625
103268,6.5916,,,0.22846,3.4209e-08,227,0.173526
103297,6.5933,,,0.235555,3.30732e-08,227,0.266529
103326,6.5949,,,0.217989,3.19567e-08,227,0.201096
103355,6.5965,,,0.21706,3.08593e-08,227,0.171043
103384,6.5981,,,0.224563,2.9781e-08,227,0.216211
103413,6.5997,,,0.216305,2.87219e-08,227,0.196648
103442,6.6013,,,0.222271,2.7682e-08,227,0.19518
103471,6.6029,,,0.215245,2.66613e-08,227,0.190934
103500,6.6045,,,0.216821,2.56597e-08,227,0.208373
103511,6.6085,0.250027,0.217169,,,227,
103529,6.6098,,,0.214124,2.46773e-08,228,0.206082
103558,6.6114,,,0.200861,2.3714e-08,228,0.160826
103587,6.6130,,,0.210081,2.27699e-08,228,0.17185
103616,6.6146,,,0.228788,2.1845e-08,228,0.256454
103645,6.6163,,,0.209375,2.09392e-08,228,0.168312
103674,6.6180,,,0.228131,2.00527e-08,228,0.196519
103703,6.6196,,,0.227805,1.91853e-08,228,0.207708
103732,6.6212,,,0.209594,1.8337e-08,228,0.161182
103761,6.6228,,,0.227264,1.75079e-08,228,0.189361
103790,6.6244,,,0.216372,1.6698e-08,228,0.18939
103819,6.6261,,,0.243663,1.59073e-08,228,0.198637
103848,6.6277,,,0.23923,1.51358e-08,228,0.226904
103877,6.6293,,,0.217311,1.43834e-08,228,0.183135
103906,6.6310,,,0.214628,1.36502e-08,228,0.167439
103935,6.6326,,,0.213546,1.29361e-08,228,0.181207
103964,6.6341,,,0.223387,1.22413e-08,228,0.181825
103965,6.6376,0.250011,0.217288,,,228,
103993,6.6395,,,0.233349,1.15656e-08,229,0.193308
104022,6.6411,,,0.233052,1.09091e-08,229,0.227706
104051,6.6427,,,0.205492,1.02718e-08,229,0.198149
104080,6.6443,,,0.221447,9.65363e-09,229,0.206059
104109,6.6459,,,0.213335,9.05466e-09,229,0.161758
104138,6.6475,,,0.223122,8.47487e-09,229,0.137672
104167,6.6491,,,0.21367,7.91426e-09,229,0.166278
104196,6.6508,,,0.21016,7.37282e-09,229,0.146631
104225,6.6524,,,0.215374,6.85057e-09,229,0.189409
104254,6.6540,,,0.216196,6.34749e-09,229,0.17751
104283,6.6556,,,0.220452,5.8636e-09,229,0.194492
104312,6.6572,,,0.207833,5.39889e-09,229,0.172755
104341,6.6588,,,0.19934,4.95336e-09,229,0.142538
104370,6.6604,,,0.207668,4.52701e-09,229,0.144827
104399,6.6620,,,0.214791,4.11984e-09,229,0.195365
104419,6.6665,0.250005,0.217052,,,229,
104428,6.6674,,,0.211093,3.73185e-09,230,0.154245
104457,6.6690,,,0.212251,3.36305e-09,230,0.133784
104486,6.6706,,,0.226593,3.01343e-09,230,0.2164
104515,6.6722,,,0.225521,2.68299e-09,230,0.177642
104544,6.6738,,,0.212233,2.37173e-09,230,0.161161
104573,6.6754,,,0.219164,2.07966e-09,230,0.183349
104602,6.6770,,,0.228095,1.80677e-09,230,0.197507
104631,6.6786,,,0.211865,1.55307e-09,230,0.182037
104660,6.6802,,,0.218331,1.31855e-09,230,0.182924
104689,6.6818,,,0.227456,1.10322e-09,230,0.193285
104718,6.6834,,,0.221154,9.07066e-10,230,0.162969
104747,6.6850,,,0.214564,7.30099e-10,230,0.188401
104776,6.6866,,,0.230913,5.72318e-10,230,0.205486
104805,6.6882,,,0.215251,4.33722e-10,230,0.162466
104834,6.6898,,,0.22986,3.1431e-10,230,0.215743
104863,6.6914,,,0.226561,2.14084e-10,230,0.168827
104873,6.6954,0.250005,0.216973,,,230,
104892,6.6968,,,0.204647,1.33042e-10,231,0.155376
104921,6.6984,,,0.216927,7.11864e-11,231,0.167167
104950,6.7000,,,0.20551,2.85156e-11,231,0.152402
104979,6.7016,,,0.210503,5.03016e-12,231,0.152514
104999,6.7029,,0.217055,,,231,
