step,hours,val_loss,train_loss_epoch,train_loss_step,lr-AdamW,epoch,gradient_2norm
28,0.0001,,,1.21496,1.12e-05,0,0.96219
57,0.0025,,,1.00781,2.28e-05,0,0.53678
86,0.0049,,,0.947888,3.44e-05,0,0.443274
115,0.0073,,,0.864897,4.6e-05,0,0.381187
144,0.0097,,,0.734757,5.76e-05,0,0.553848
173,0.0122,,,0.630968,6.92e-05,0,1.09781
202,0.0146,,,0.548721,8.08e-05,0,1.28018
231,0.0170,,,0.496217,9.24e-05,0,0.367383
260,0.0195,,,0.481632,0.000104,0,0.479169
289,0.0219,,,0.434766,0.0001156,0,0.4641
318,0.0243,,,0.417176,0.0001272,0,0.365323
347,0.0267,,,0.38734,0.0001388,0,0.299277
376,0.0292,,,0.412471,0.0001504,0,0.324409
405,0.0316,,,0.410239,0.000162,0,0.652204
434,0.0340,,,0.352934,0.0001736,0,0.452238
453,0.0404,0.358431,0.636577,,,0,
463,0.0416,,,0.35603,0.0001852,1,0.339703
492,0.0440,,,0.366843,0.0001968,1,0.402069
521,0.0464,,,0.37134,0.0002084,1,0.541935
550,0.0488,,,0.33762,0.00022,1,0.620215
579,0.0512,,,0.368565,0.0002316,1,0.528877
608,0.0536,,,0.35786,0.0002432,1,0.304706
637,0.0561,,,0.330041,0.0002548,1,0.461006
666,0.0585,,,0.338633,0.0002664,1,0.389205
695,0.0609,,,0.344525,0.000278,1,0.388566
724,0.0633,,,0.333933,0.0002896,1,0.41798
753,0.0657,,,0.349489,0.0003012,1,0.470756
782,0.0681,,,0.367473,0.0003128,1,0.489117
811,0.0705,,,0.334451,0.0003244,1,0.401709
840,0.0730,,,0.33446,0.000336,1,0.379102
869,0.0754,,,0.325973,0.0003476,1,0.295292
898,0.0778,,,0.331212,0.0003592,1,0.311009
907,0.0834,0.323846,0.345345,,,1,
927,0.0854,,,0.327845,0.0003708,2,0.337107
956,0.0878,,,0.31698,0.0003824,2,0.242427
985,0.0903,,,0.326405,0.000394,2,0.34821
1014,0.0929,,,0.331209,0.0004,2,0.446271
1043,0.0953,,,0.326054,0.0004,2,0.362031
1072,0.0977,,,0.322694,0.000399999,2,0.282339
1101,0.1001,,,0.336787,0.000399999,2,0.331991
1130,0.1025,,,0.305267,0.000399998,2,0.257355
1159,0.1049,,,0.3147,0.000399997,2,0.222628
1188,0.1074,,,0.302762,0.000399996,2,0.209982
1217,0.1098,,,0.318802,0.000399995,2,0.270472
1246,0.1122,,,0.308841,0.000399993,2,0.273369
1275,0.1146,,,0.325669,0.000399992,2,0.402153
1304,0.1170,,,0.311029,0.00039999,2,0.248468
1333,0.1194,,,0.324336,0.000399988,2,0.318352
1361,0.1265,0.306708,0.320376,,,2,
1362,0.1270,,,0.307137,0.000399986,3,0.252822
1391,0.1294,,,0.318372,0.000399983,3,0.225071
1420,0.1318,,,0.316231,0.000399981,3,0.345886
1449,0.1342,,,0.295797,0.000399978,3,0.157562
1478,0.1366,,,0.320927,0.000399975,3,0.311405
1507,0.1390,,,0.311147,0.000399972,3,0.316499
1536,0.1415,,,0.304881,0.000399969,3,0.199691
1565,0.1439,,,0.314749,0.000399965,3,0.233403
1594,0.1463,,,0.320042,0.000399961,3,0.267274
1623,0.1487,,,0.30092,0.000399958,3,0.244824
1652,0.1511,,,0.308979,0.000399954,3,0.24867
1681,0.1535,,,0.303462,0.000399949,3,0.219186
1710,0.1559,,,0.302705,0.000399945,3,0.199444
1739,0.1584,,,0.30052,0.00039994,3,0.213864
1768,0.1608,,,0.312482,0.000399935,3,0.210497
1797,0.1632,,,0.317619,0.000399931,3,0.195515
1815,0.1695,0.302155,0.310673,,,3,
1826,0.1708,,,0.324502,0.000399925,4,0.23443
1855,0.1732,,,0.306109,0.00039992,4,0.239561
1884,0.1756,,,0.297564,0.000399915,4,0.185526
1913,0.1780,,,0.308194,0.000399909,4,0.268341
1942,0.1804,,,0.303665,0.000399903,4,0.185611
1971,0.1828,,,0.301036,0.000399897,4,0.200473
2000,0.1852,,,0.310365,0.000399891,4,0.208088
2029,0.1876,,,0.290508,0.000399884,4,0.238317
2058,0.1900,,,0.297181,0.000399878,4,0.415051
2087,0.1924,,,0.317947,0.000399871,4,0.195606
2116,0.1948,,,0.302484,0.000399864,4,0.23268
2145,0.1972,,,0.305167,0.000399857,4,0.260619
2174,0.1996,,,0.31161,0.000399849,4,0.217434
2203,0.2021,,,0.294507,0.000399842,4,0.238189
2232,0.2045,,,0.301887,0.000399834,4,0.24274
2261,0.2068,,,0.292575,0.000399826,4,0.208404
2269,0.2124,0.298266,0.305509,,,4,
2290,0.2144,,,0.291206,0.000399818,5,0.255738
2319,0.2169,,,0.289533,0.00039981,5,0.21357
2348,0.2193,,,0.316162,0.000399801,5,0.231913
2377,0.2217,,,0.307948,0.000399793,5,0.352049
2406,0.2241,,,0.293358,0.000399784,5,0.211071
2435,0.2265,,,0.302531,0.000399775,5,0.207002
2464,0.2289,,,0.297655,0.000399766,5,0.211715
2493,0.2313,,,0.291807,0.000399756,5,0.241372
2522,0.2337,,,0.306595,0.000399747,5,0.198676
2551,0.2361,,,0.291595,0.000399737,5,0.228348
2580,0.2385,,,0.304372,0.000399727,5,0.293786
2609,0.2409,,,0.315686,0.000399717,5,0.188993
2638,0.2433,,,0.325703,0.000399707,5,0.23712
2667,0.2457,,,0.328954,0.000399696,5,0.326411
2696,0.2482,,,0.322275,0.000399686,5,0.281207
2723,0.2552,0.33336,0.308533,,,5,
2725,0.2558,,,0.343305,0.000399675,6,0.286486
2754,0.2582,,,0.313362,0.000399664,6,0.136303
2783,0.2606,,,0.309009,0.000399652,6,0.286458
2812,0.2632,,,0.333653,0.000399641,6,1.6347
2841,0.2656,,,0.322689,0.000399629,6,0.241373
2870,0.2681,,,0.334879,0.000399618,6,0.19593
2899,0.2707,,,0.325782,0.000399606,6,0.194569
2928,0.2732,,,0.320173,0.000399594,6,0.172984
2957,0.2756,,,0.337657,0.000399581,6,0.214809
2986,0.2780,,,0.323509,0.000399569,6,0.133341
3015,0.2804,,,0.333173,0.000399556,6,0.182258
3044,0.2828,,,0.327076,0.000399543,6,0.160303
3073,0.2852,,,0.327234,0.00039953,6,0.1697
3102,0.2876,,,0.30721,0.000399517,6,0.165023
3131,0.2901,,,0.370681,0.000399504,6,0.806655
3160,0.2925,,,0.316214,0.00039949,6,0.223036
3177,0.2987,0.324721,0.324289,,,6,
3189,0.3001,,,0.347336,0.000399476,7,0.262377
3218,0.3025,,,0.310713,0.000399462,7,0.175591
3247,0.3049,,,0.304161,0.000399448,7,0.155023
3276,0.3073,,,0.314501,0.000399434,7,0.15822
3305,0.3097,,,0.322648,0.000399419,7,0.163536
3334,0.3121,,,0.306797,0.000399405,7,0.146856
3363,0.3145,,,0.330173,0.00039939,7,0.32607
3392,0.3169,,,0.317842,0.000399375,7,0.196425
3421,0.3193,,,0.338885,0.000399359,7,0.181058
3450,0.3217,,,0.345572,0.000399344,7,0.12749
3479,0.3241,,,0.312955,0.000399328,7,0.15147
3508,0.3266,,,0.321808,0.000399313,7,0.13946
3537,0.3290,,,0.307383,0.000399297,7,0.180326
3566,0.3314,,,0.312432,0.00039928,7,0.182735
3595,0.3338,,,0.298701,0.000399264,7,0.155806
3624,0.3362,,,0.29706,0.000399248,7,0.142799
3631,0.3416,0.312174,0.318411,,,7,
3653,0.3438,,,0.312823,0.000399231,8,0.167017
3682,0.3462,,,0.317422,0.000399214,8,0.218516
3711,0.3486,,,0.326542,0.000399197,8,0.307759
3740,0.3510,,,0.320096,0.00039918,8,1.07324
3769,0.3534,,,0.339429,0.000399162,8,0.327033
3798,0.3559,,,0.33957,0.000399144,8,0.214886
3827,0.3583,,,0.304022,0.000399127,8,0.212351
3856,0.3607,,,0.31072,0.000399109,8,0.23168
3885,0.3631,,,0.315502,0.00039909,8,0.186338
3914,0.3655,,,0.308034,0.000399072,8,0.117819
3943,0.3679,,,0.313046,0.000399054,8,0.22142
3972,0.3704,,,0.31025,0.000399035,8,0.168573
4001,0.3728,,,0.324987,0.000399016,8,0.204369
4030,0.3752,,,0.333842,0.000398997,8,0.138399
4059,0.3777,,,0.347214,0.000398978,8,0.247174
4085,0.3846,0.31309,0.317499,,,8,
4088,0.3853,,,0.322243,0.000398958,9,0.136924
4117,0.3877,,,0.308003,0.000398938,9,0.186689
4146,0.3901,,,0.302044,0.000398919,9,0.198971
4175,0.3925,,,0.320945,0.000398899,9,0.268757
4204,0.3949,,,0.307714,0.000398878,9,0.34855
4233,0.3974,,,0.325359,0.000398858,9,1.23016
4262,0.3998,,,0.320753,0.000398837,9,0.218698
4291,0.4022,,,0.321644,0.000398817,9,0.172392
4320,0.4046,,,0.323766,0.000398796,9,0.230818
4349,0.4070,,,0.316752,0.000398775,9,0.150368
4378,0.4095,,,0.327598,0.000398753,9,0.231337
4407,0.4119,,,0.350891,0.000398732,9,0.254255
4436,0.4143,,,0.320637,0.00039871,9,0.189606
4465,0.4167,,,0.335796,0.000398688,9,0.253167
4494,0.4192,,,0.301031,0.000398666,9,0.252548
4523,0.4216,,,0.31252,0.000398644,9,0.229968
4539,0.4277,0.310494,0.319273,,,9,
4552,0.4292,,,0.306797,0.000398622,10,0.217411
4581,0.4316,,,0.321084,0.000398599,10,0.162899
4610,0.4340,,,0.309133,0.000398577,10,0.275144
4639,0.4364,,,0.329447,0.000398554,10,0.251256
4668,0.4388,,,0.303926,0.00039853,10,0.15913
4697,0.4412,,,0.312895,0.000398507,10,0.180944
4726,0.4437,,,0.303377,0.000398484,10,0.167459
4755,0.4462,,,0.328845,0.00039846,10,0.303353
4784,0.4486,,,0.30595,0.000398436,10,0.236706
4813,0.4512,,,0.303575,0.000398412,10,0.18793
4842,0.4537,,,0.345819,0.000398388,10,0.468066
4871,0.4561,,,0.333143,0.000398364,10,0.214357
4900,0.4586,,,0.313382,0.000398339,10,0.253541
4929,0.4610,,,0.335177,0.000398314,10,0.293121
4958,0.4634,,,0.326347,0.000398289,10,0.274552
4987,0.4658,,,0.327223,0.000398264,10,0.190669
4993,0.4712,0.312289,0.317046,,,10,
5016,0.4735,,,0.312848,0.000398239,11,0.262089
5045,0.4759,,,0.308343,0.000398213,11,0.170792
5074,0.4783,,,0.30105,0.000398188,11,0.200203
5103,0.4807,,,0.316565,0.000398162,11,0.180315
5132,0.4831,,,0.305595,0.000398136,11,0.506861
5161,0.4855,,,0.316483,0.00039811,11,0.261819
5190,0.4879,,,0.339075,0.000398083,11,0.315439
5219,0.4903,,,0.328327,0.000398057,11,0.421493
5248,0.4927,,,0.327228,0.00039803,11,0.303326
5277,0.4952,,,0.312123,0.000398003,11,0.55107
5306,0.4976,,,0.322831,0.000397976,11,0.417443
5335,0.5000,,,0.332664,0.000397948,11,0.184665
5364,0.5024,,,0.338186,0.000397921,11,0.282465
5393,0.5048,,,0.298826,0.000397893,11,0.298657
5422,0.5072,,,0.310374,0.000397865,11,0.190447
5447,0.5141,0.31607,0.318309,,,11,
5451,0.5148,,,0.30961,0.000397837,12,0.366795
5480,0.5172,,,0.325324,0.000397809,12,0.296436
5509,0.5196,,,0.306333,0.000397781,12,0.217345
5538,0.5220,,,0.296611,0.000397752,12,0.229906
5567,0.5245,,,0.320624,0.000397723,12,0.233174
5596,0.5269,,,0.313208,0.000397694,12,0.203274
5625,0.5293,,,0.324851,0.000397665,12,0.180259
5654,0.5317,,,0.322813,0.000397636,12,0.221504
5683,0.5341,,,0.323769,0.000397606,12,0.26911
5712,0.5365,,,0.320116,0.000397577,12,0.235044
5741,0.5390,,,0.313195,0.000397547,12,0.22403
5770,0.5414,,,0.309216,0.000397517,12,0.242534
5799,0.5438,,,0.288186,0.000397487,12,0.324032
5828,0.5462,,,0.323951,0.000397456,12,0.325239
5857,0.5486,,,0.32536,0.000397426,12,0.342413
5886,0.5510,,,0.298345,0.000397395,12,0.212634
5901,0.5571,0.3101,0.315262,,,12,
5915,0.5586,,,0.32011,0.000397364,13,0.236624
5944,0.5611,,,0.330539,0.000397333,13,0.227479
5973,0.5635,,,0.348078,0.000397302,13,0.315904
6002,0.5659,,,0.326997,0.00039727,13,0.246004
6031,0.5683,,,0.326908,0.000397238,13,2.59029
6060,0.5707,,,0.291151,0.000397207,13,0.266909
6089,0.5731,,,0.303559,0.000397175,13,0.43266
6118,0.5755,,,0.305635,0.000397142,13,0.373818
6147,0.5780,,,0.30361,0.00039711,13,0.212461
6176,0.5804,,,0.312926,0.000397077,13,0.372011
6205,0.5828,,,0.31485,0.000397045,13,0.305601
6234,0.5852,,,0.32389,0.000397012,13,0.316341
6263,0.5876,,,0.313424,0.000396978,13,0.359479
6292,0.5900,,,0.316856,0.000396945,13,0.309874
6321,0.5924,,,0.3077,0.000396912,13,0.213737
6350,0.5948,,,0.294182,0.000396878,13,0.249126
6355,0.6001,0.309487,0.31575,,,13,
6379,0.6024,,,0.302536,0.000396844,14,0.240234
6408,0.6049,,,0.33386,0.00039681,14,0.231251
6437,0.6073,,,0.308263,0.000396776,14,0.241339
6466,0.6097,,,0.298569,0.000396742,14,0.225929
6495,0.6122,,,0.298771,0.000396707,14,0.327628
6524,0.6146,,,0.294176,0.000396672,14,0.24968
6553,0.6170,,,0.318036,0.000396637,14,0.360927
6582,0.6194,,,0.305484,0.000396602,14,0.28919
6611,0.6218,,,0.308675,0.000396567,14,0.276969
6640,0.6243,,,0.298418,0.000396531,14,0.231299
6669,0.6267,,,0.315054,0.000396496,14,0.482448
6698,0.6292,,,0.302164,0.00039646,14,0.239304
6727,0.6318,,,0.306462,0.000396424,14,0.4144
6756,0.6343,,,0.309184,0.000396388,14,0.302323
6785,0.6367,,,0.305245,0.000396351,14,0.225098
6809,0.6436,0.308629,0.313455,,,14,
6814,0.6444,,,0.32175,0.000396315,15,0.265508
6843,0.6469,,,0.319618,0.000396278,15,0.295073
6872,0.6493,,,0.323562,0.000396241,15,0.379114
6901,0.6517,,,0.307645,0.000396204,15,0.262465
6930,0.6541,,,0.308604,0.000396167,15,0.230782
6959,0.6565,,,0.30704,0.000396129,15,0.470446
6988,0.6589,,,0.289484,0.000396092,15,0.259925
7017,0.6614,,,0.294298,0.000396054,15,0.35305
7046,0.6638,,,0.31282,0.000396016,15,0.352391
7075,0.6662,,,0.294334,0.000395978,15,0.221721
7104,0.6686,,,0.307194,0.000395939,15,0.341967
7133,0.6710,,,0.320881,0.000395901,15,0.382495
7162,0.6734,,,0.32726,0.000395862,15,0.533418
7191,0.6759,,,0.311356,0.000395823,15,0.331392
7220,0.6783,,,0.307508,0.000395784,15,1.83127
7249,0.6807,,,0.324723,0.000395745,15,0.335202
7263,0.6867,0.309439,0.312561,,,15,
7278,0.6883,,,0.326867,0.000395705,16,0.479134
7307,0.6907,,,0.318826,0.000395666,16,0.510608
7336,0.6931,,,0.316564,0.000395626,16,0.362108
7365,0.6955,,,0.331785,0.000395586,16,0.316019
7394,0.6980,,,0.314323,0.000395546,16,0.328474
7423,0.7004,,,0.308126,0.000395505,16,0.388672
7452,0.7028,,,0.290527,0.000395465,16,0.415818
7481,0.7052,,,0.317718,0.000395424,16,0.300973
7510,0.7076,,,0.307069,0.000395383,16,0.343627
7539,0.7100,,,0.312977,0.000395342,16,2.05777
7568,0.7124,,,0.295817,0.000395301,16,0.317321
7597,0.7148,,,0.319144,0.00039526,16,2.93394
7626,0.7172,,,0.291209,0.000395218,16,0.26783
7655,0.7196,,,0.322986,0.000395176,16,0.468499
7684,0.7221,,,0.326377,0.000395134,16,0.769883
7713,0.7244,,,0.321185,0.000395092,16,0.500009
7717,0.7297,0.309599,0.313496,,,16,
7742,0.7320,,,0.295289,0.00039505,17,0.452022
7771,0.7345,,,0.308205,0.000395007,17,0.357294
7800,0.7369,,,0.337887,0.000394965,17,0.468416
7829,0.7393,,,0.302857,0.000394922,17,0.261486
7858,0.7417,,,0.309433,0.000394879,17,0.353719
7887,0.7441,,,0.294618,0.000394835,17,0.280299
7916,0.7465,,,0.317467,0.000394792,17,0.339309
7945,0.7489,,,0.313725,0.000394748,17,0.398012
7974,0.7513,,,0.30523,0.000394705,17,0.44942
8003,0.7538,,,0.309278,0.000394661,17,0.301191
8032,0.7562,,,0.320957,0.000394617,17,0.513463
8061,0.7586,,,0.298474,0.000394572,17,0.252993
8090,0.7610,,,0.3348,0.000394528,17,0.34966
8119,0.7634,,,0.307399,0.000394483,17,0.280943
8148,0.7658,,,0.307646,0.000394438,17,0.328976
8171,0.7725,0.305311,0.311549,,,17,
8177,0.7734,,,0.292187,0.000394393,18,0.318755
8206,0.7758,,,0.310561,0.000394348,18,0.363161
8235,0.7783,,,0.329942,0.000394303,18,0.332846
8264,0.7807,,,0.341401,0.000394257,18,0.325037
8293,0.7831,,,0.313251,0.000394212,18,0.385517
8322,0.7855,,,0.318188,0.000394166,18,0.320851
8351,0.7879,,,0.313894,0.00039412,18,0.243186
8380,0.7903,,,0.315791,0.000394073,18,0.386024
8409,0.7927,,,0.32178,0.000394027,18,0.602796
8438,0.7951,,,0.299255,0.00039398,18,0.30932
8467,0.7975,,,0.302249,0.000393934,18,0.301119
8496,0.7999,,,0.294142,0.000393887,18,0.241336
8525,0.8023,,,0.298449,0.000393839,18,0.383559
8554,0.8047,,,0.313251,0.000393792,18,0.483064
8583,0.8072,,,0.313554,0.000393745,18,0.249862
8612,0.8096,,,0.302149,0.000393697,18,0.288839
8625,0.8156,0.303158,0.308986,,,18,
8641,0.8173,,,0.282627,0.000393649,19,0.236203
8670,0.8198,,,0.282814,0.000393601,19,0.282614
8699,0.8222,,,0.298036,0.000393553,19,0.304499
8728,0.8246,,,0.29286,0.000393504,19,0.243371
8757,0.8271,,,0.294552,0.000393456,19,0.330165
8786,0.8295,,,0.302937,0.000393407,19,0.338074
8815,0.8319,,,0.303501,0.000393358,19,0.274291
8844,0.8343,,,0.303089,0.000393309,19,0.275834
8873,0.8367,,,0.300581,0.00039326,19,0.251111
8902,0.8391,,,0.297197,0.00039321,19,0.362552
8931,0.8415,,,0.316103,0.000393161,19,0.230822
8960,0.8439,,,0.325692,0.000393111,19,3.78458
8989,0.8463,,,0.315947,0.000393061,19,0.412945
9018,0.8487,,,0.311124,0.000393011,19,0.409899
9047,0.8512,,,0.306664,0.00039296,19,0.340643
9076,0.8535,,,0.320864,0.00039291,19,0.314791
9079,0.8587,0.307524,0.310738,,,19,
9105,0.8612,,,0.307785,0.000392859,20,0.283507
9134,0.8636,,,0.310404,0.000392808,20,0.286235
9163,0.8660,,,0.299487,0.000392757,20,0.261046
9192,0.8684,,,0.302756,0.000392706,20,0.264639
9221,0.8708,,,0.32034,0.000392654,20,0.323499
9250,0.8732,,,0.306961,0.000392603,20,0.431406
9279,0.8756,,,0.320471,0.000392551,20,0.274948
9308,0.8780,,,0.324929,0.000392499,20,0.25299
9337,0.8804,,,0.321876,0.000392447,20,0.269104
9366,0.8828,,,0.29822,0.000392395,20,0.244762
9395,0.8853,,,0.309843,0.000392342,20,3.51734
9424,0.8877,,,0.311034,0.00039229,20,0.255336
9453,0.8901,,,0.304707,0.000392237,20,7.67328
9482,0.8925,,,0.317356,0.000392184,20,0.328894
9511,0.8949,,,0.321569,0.000392131,20,0.314198
9533,0.9015,0.303752,0.309768,,,20,
9540,0.9025,,,0.299828,0.000392077,21,0.311136
9569,0.9049,,,0.30501,0.000392024,21,0.251165
9598,0.9073,,,0.305302,0.00039197,21,0.252501
9627,0.9098,,,0.332755,0.000391916,21,0.405521
9656,0.9122,,,0.293275,0.000391862,21,0.227914
9685,0.9146,,,0.299144,0.000391808,21,0.250468
9714,0.9170,,,0.322582,0.000391753,21,0.343547
9743,0.9195,,,0.301304,0.000391699,21,0.27254
9772,0.9219,,,0.288488,0.000391644,21,0.373483
9801,0.9243,,,0.292095,0.000391589,21,2.46256
9830,0.9267,,,0.314868,0.000391534,21,0.383274
9859,0.9291,,,0.308568,0.000391479,21,0.393467
9888,0.9315,,,0.304116,0.000391423,21,0.416078
9917,0.9339,,,0.295074,0.000391367,21,0.349812
9946,0.9363,,,0.296143,0.000391312,21,0.303639
9975,0.9387,,,0.314936,0.000391256,21,0.555627
9987,0.9446,0.308689,0.309416,,,21,
10004,0.9463,,,0.308888,0.000391199,22,0.393086
10033,0.9487,,,0.320741,0.000391143,22,0.537727
10062,0.9512,,,0.307901,0.000391087,22,0.391271
10091,0.9536,,,0.306183,0.00039103,22,0.361748
10120,0.9560,,,0.290044,0.000390973,22,0.298298
10149,0.9584,,,0.306507,0.000390916,22,0.402546
10178,0.9608,,,0.312924,0.000390859,22,0.546849
10207,0.9632,,,0.330636,0.000390801,22,0.305284
10236,0.9656,,,0.293589,0.000390744,22,0.357968
10265,0.9680,,,0.312411,0.000390686,22,0.336083
10294,0.9704,,,0.305059,0.000390628,22,0.360655
10323,0.9728,,,0.329743,0.00039057,22,0.708685
10352,0.9752,,,0.283468,0.000390512,22,0.211175
10381,0.9776,,,0.297202,0.000390453,22,0.265229
10410,0.9801,,,0.299695,0.000390394,22,36.0744
10439,0.9824,,,0.310795,0.000390336,22,0.27966
10441,0.9875,0.304674,0.30864,,,22,
10468,0.9900,,,0.336104,0.000390277,23,1.03013
10497,0.9925,,,0.312385,0.000390217,23,0.39934
10526,0.9951,,,0.304546,0.000390158,23,0.457446
10555,0.9976,,,0.329225,0.000390099,23,2.72779
10584,1.0000,,,0.312629,0.000390039,23,0.462877
10613,1.0025,,,0.332072,0.000389979,23,0.557984
10642,1.0049,,,0.308834,0.000389919,23,0.370831
10671,1.0073,,,0.314544,0.000389859,23,0.806049
10700,1.0097,,,0.316662,0.000389798,23,0.599168
10729,1.0121,,,0.309451,0.000389738,23,0.400199
10758,1.0145,,,0.296775,0.000389677,23,1.46445
10787,1.0169,,,0.322585,0.000389616,23,0.680253
10816,1.0193,,,0.304882,0.000389555,23,0.387988
10845,1.0217,,,0.357845,0.000389494,23,0.490846
10874,1.0241,,,0.303398,0.000389432,23,0.466102
10895,1.0306,0.303474,0.309452,,,23,
10903,1.0316,,,0.295094,0.000389371,24,0.572738
10932,1.0340,,,0.289991,0.000389309,24,0.565869
10961,1.0364,,,0.316335,0.000389247,24,0.801256
10990,1.0388,,,0.297506,0.000389185,24,0.498201
11019,1.0412,,,0.301883,0.000389123,24,4.71806
11048,1.0436,,,0.301353,0.00038906,24,3.50212
11077,1.0460,,,0.295728,0.000388997,24,0.448797
11106,1.0484,,,0.322366,0.000388935,24,0.429191
11135,1.0507,,,0.326911,0.000388872,24,0.473826
11164,1.0531,,,0.302581,0.000388808,24,1.11784
11193,1.0555,,,0.31081,0.000388745,24,0.385626
11222,1.0579,,,0.314469,0.000388682,24,0.851747
11251,1.0603,,,0.321154,0.000388618,24,0.620288
11280,1.0627,,,0.314083,0.000388554,24,0.993639
11309,1.0651,,,0.314746,0.00038849,24,3.87149
11338,1.0675,,,0.3079,0.000388426,24,0.578197
11349,1.0732,0.308962,0.312047,,,24,
11367,1.0750,,,0.299556,0.000388361,25,0.315154
11396,1.0774,,,0.312178,0.000388297,25,0.499298
11425,1.0798,,,0.301189,0.000388232,25,0.799748
11454,1.0822,,,0.305387,0.000388167,25,0.965831
11483,1.0846,,,0.31335,0.000388102,25,0.491464
11512,1.0870,,,0.307738,0.000388037,25,3.9957
11541,1.0894,,,0.335382,0.000387971,25,4.18951
11570,1.0918,,,0.319316,0.000387906,25,9.98536
11599,1.0941,,,0.322159,0.00038784,25,0.435642
11628,1.0965,,,0.295673,0.000387774,25,0.402529
11657,1.0989,,,0.311315,0.000387708,25,2.83436
11686,1.1013,,,0.311809,0.000387642,25,0.455567
11715,1.1037,,,0.327517,0.000387575,25,0.418787
11744,1.1061,,,0.293392,0.000387509,25,0.510068
11773,1.1085,,,0.307601,0.000387442,25,0.393553
11802,1.1108,,,0.310565,0.000387375,25,0.329758
11803,1.1158,0.303598,0.30984,,,25,
11831,1.1184,,,0.313951,0.000387308,26,0.85756
11860,1.1208,,,0.302983,0.00038724,26,0.73824
11889,1.1232,,,0.298486,0.000387173,26,0.489655
11918,1.1256,,,0.292769,0.000387105,26,0.423313
11947,1.1279,,,0.298262,0.000387037,26,0.65462
11976,1.1303,,,0.312439,0.000386969,26,0.692109
12005,1.1328,,,0.305144,0.000386901,26,0.693006
12034,1.1352,,,0.329953,0.000386833,26,0.518378
12063,1.1376,,,0.308225,0.000386764,26,1.45151
12092,1.1399,,,0.321044,0.000386696,26,0.630029
12121,1.1423,,,0.315426,0.000386627,26,0.413515
12150,1.1447,,,0.311452,0.000386558,26,0.881236
12179,1.1471,,,0.32314,0.000386488,26,0.635992
12208,1.1495,,,0.315372,0.000386419,26,0.538329
12237,1.1519,,,0.305546,0.000386349,26,0.473251
12257,1.1583,0.305236,0.309522,,,26,
12266,1.1594,,,0.332987,0.00038628,27,0.591158
12295,1.1618,,,0.311825,0.00038621,27,0.924684
12324,1.1642,,,0.315475,0.00038614,27,0.729556
12353,1.1666,,,0.307088,0.000386069,27,0.588614
12382,1.1690,,,0.278065,0.000385999,27,0.831772
12411,1.1713,,,0.301703,0.000385928,27,0.714459
12440,1.1738,,,0.291727,0.000385858,27,0.558656
12469,1.1762,,,0.306999,0.000385787,27,0.561412
12498,1.1787,,,0.318505,0.000385716,27,0.627653
12527,1.1811,,,0.299939,0.000385644,27,0.667895
12556,1.1836,,,0.300464,0.000385573,27,0.561116
12585,1.1860,,,0.310179,0.000385501,27,0.632589
12614,1.1884,,,0.306137,0.00038543,27,0.935239
12643,1.1908,,,0.302419,0.000385358,27,0.447116
12672,1.1932,,,0.315172,0.000385286,27,0.529657
12701,1.1955,,,0.31068,0.000385213,27,3.23044
12711,1.2012,0.303547,0.309538,,,27,
12730,1.2031,,,0.308983,0.000385141,28,0.649854
12759,1.2055,,,0.303235,0.000385068,28,1.12262
12788,1.2079,,,0.314104,0.000384995,28,0.902834
12817,1.2103,,,0.301619,0.000384922,28,0.419773
12846,1.2127,,,0.285716,0.000384849,28,0.448443
12875,1.2151,,,0.303919,0.000384776,28,0.599492
12904,1.2175,,,0.292411,0.000384702,28,0.792259
12933,1.2198,,,0.315083,0.000384629,28,0.498524
12962,1.2222,,,0.294075,0.000384555,28,1.06632
12991,1.2246,,,0.314446,0.000384481,28,0.452693
13020,1.2270,,,0.31602,0.000384407,28,0.535773
13049,1.2294,,,0.320072,0.000384332,28,0.691857
13078,1.2318,,,0.303228,0.000384258,28,0.46078
13107,1.2342,,,0.300148,0.000384183,28,0.372974
13136,1.2365,,,0.308229,0.000384108,28,0.430873
13165,1.2438,0.304588,0.306427,0.276704,0.000384033,28,0.505411
13194,1.2465,,,0.302314,0.000383958,29,0.56617
13223,1.2488,,,0.29718,0.000383883,29,0.496554
13252,1.2512,,,0.306159,0.000383807,29,0.480495
13281,1.2536,,,0.318356,0.000383732,29,0.404898
13310,1.2560,,,0.313517,0.000383656,29,0.509239
13339,1.2584,,,0.308951,0.00038358,29,2.61089
13368,1.2608,,,0.290344,0.000383504,29,33.0942
13397,1.2632,,,0.297145,0.000383427,29,0.4781
13426,1.2656,,,0.293395,0.000383351,29,0.842041
13455,1.2680,,,0.310091,0.000383274,29,0.458314
13484,1.2703,,,0.298088,0.000383197,29,0.588283
13513,1.2727,,,0.30059,0.00038312,29,1.0564
13542,1.2751,,,0.294426,0.000383043,29,2.7774
13571,1.2775,,,0.29841,0.000382966,29,0.504391
13600,1.2799,,,0.300433,0.000382888,29,0.402753
13619,1.2863,0.299501,0.304223,,,29,
13629,1.2875,,,0.313846,0.00038281,30,0.473252
13658,1.2899,,,0.297935,0.000382732,30,0.448169
13687,1.2922,,,0.313101,0.000382654,30,0.5513
13716,1.2946,,,0.31119,0.000382576,30,0.435351
13745,1.2970,,,0.295532,0.000382498,30,0.461827
13774,1.2994,,,0.307796,0.000382419,30,0.407946
13803,1.3018,,,0.3143,0.00038234,30,0.451844
13832,1.3042,,,0.302092,0.000382262,30,0.49745
13861,1.3066,,,0.308362,0.000382183,30,1.47628
13890,1.3090,,,0.296372,0.000382103,30,0.441808
13919,1.3114,,,0.28933,0.000382024,30,0.522574
13948,1.3138,,,0.310439,0.000381944,30,1.03026
13977,1.3161,,,0.29491,0.000381865,30,0.595231
14006,1.3185,,,0.303252,0.000381785,30,0.695126
14035,1.3209,,,0.309674,0.000381705,30,3.52115
14064,1.3233,,,0.288389,0.000381624,30,0.563949
14073,1.3289,0.300818,0.304037,,,30,
14093,1.3308,,,0.30799,0.000381544,31,0.474447
14122,1.3332,,,0.294058,0.000381464,31,0.439477
14151,1.3356,,,0.299566,0.000381383,31,0.565863
14180,1.3380,,,0.30872,0.000381302,31,0.623166
14209,1.3404,,,0.304323,0.000381221,31,0.404427
14238,1.3428,,,0.305382,0.00038114,31,0.46247
14267,1.3452,,,0.308511,0.000381058,31,0.431533
14296,1.3475,,,0.306156,0.000380977,31,0.674589
14325,1.3499,,,0.33805,0.000380895,31,0.483642
14354,1.3524,,,0.304708,0.000380813,31,0.69221
14383,1.3549,,,0.330355,0.000380731,31,0.634464
14412,1.3573,,,0.30278,0.000380649,31,0.481621
14441,1.3597,,,0.296674,0.000380566,31,0.559158
14470,1.3621,,,0.325469,0.000380484,31,0.379124
14499,1.3646,,,0.297888,0.000380401,31,0.407466
14527,1.3717,0.29745,0.302914,,,31,
14528,1.3721,,,0.292963,0.000380318,32,0.554173
14557,1.3745,,,0.295342,0.000380235,32,0.440512
14586,1.3769,,,0.293667,0.000380152,32,0.396201
14615,1.3793,,,0.301884,0.000380069,32,6.23878
14644,1.3816,,,0.287913,0.000379985,32,0.379392
14673,1.3840,,,0.323721,0.000379901,32,0.412259
14702,1.3864,,,0.302889,0.000379817,32,0.521978
14731,1.3888,,,0.310016,0.000379733,32,0.343512
14760,1.3912,,,0.312944,0.000379649,32,0.420889
14789,1.3936,,,0.323643,0.000379565,32,0.42745
14818,1.3959,,,0.292524,0.00037948,32,0.42777
14847,1.3983,,,0.299784,0.000379395,32,0.543144
14876,1.4007,,,0.300204,0.000379311,32,0.483393
14905,1.4031,,,0.295886,0.000379226,32,0.325327
14934,1.4055,,,0.310798,0.00037914,32,0.544693
14963,1.4079,,,0.311177,0.000379055,32,0.461187
14981,1.4142,0.29642,0.301067,,,32,
14992,1.4154,,,0.286032,0.00037897,33,0.552447
15021,1.4178,,,0.318788,0.000378884,33,0.663166
15050,1.4202,,,0.293224,0.000378798,33,0.510837
15079,1.4226,,,0.304716,0.000378712,33,0.48374
15108,1.4250,,,0.299629,0.000378626,33,0.623249
15137,1.4273,,,0.281355,0.000378539,33,0.364714
15166,1.4297,,,0.315303,0.000378453,33,0.593522
15195,1.4321,,,0.28859,0.000378366,33,0.762523
15224,1.4345,,,0.3039,0.000378279,33,1.20078
15253,1.4369,,,0.288779,0.000378192,33,0.598496
15282,1.4393,,,0.315543,0.000378105,33,0.413834
15311,1.4416,,,0.279457,0.000378018,33,0.359837
15340,1.4440,,,0.296466,0.00037793,33,0.611955
15369,1.4464,,,0.314122,0.000377843,33,0.581304
15398,1.4488,,,0.30915,0.000377755,33,0.586458
15427,1.4512,,,0.316063,0.000377667,33,0.583464
15435,1.4567,0.295224,0.30094,,,33,
15456,1.4588,,,0.31152,0.000377579,34,0.436482
15485,1.4611,,,0.305708,0.00037749,34,0.417613
15514,1.4635,,,0.287995,0.000377402,34,0.356212
15543,1.4659,,,0.29385,0.000377313,34,0.413133
15572,1.4683,,,0.281865,0.000377224,34,0.383484
15601,1.4707,,,0.305633,0.000377135,34,0.396646
15630,1.4731,,,0.295211,0.000377046,34,2.70209
15659,1.4755,,,0.308451,0.000376957,34,0.486988
15688,1.4779,,,0.266269,0.000376868,34,0.460403
15717,1.4803,,,0.2868,0.000376778,34,0.439808
15746,1.4827,,,0.316852,0.000376688,34,0.738211
15775,1.4850,,,0.293931,0.000376598,34,0.54011
15804,1.4874,,,0.288251,0.000376508,34,0.515168
15833,1.4898,,,0.306055,0.000376418,34,0.494803
15862,1.4923,,,0.304116,0.000376327,34,0.585961
15889,1.4993,0.295617,0.29935,,,34,
15891,1.4998,,,0.289036,0.000376237,35,0.655205
15920,1.5022,,,0.282979,0.000376146,35,0.449252
15949,1.5046,,,0.298644,0.000376055,35,0.421533
15978,1.5070,,,0.303833,0.000375964,35,0.376407
16007,1.5094,,,0.305904,0.000375873,35,0.492493
16036,1.5118,,,0.298598,0.000375781,35,0.492918
16065,1.5142,,,0.310999,0.00037569,35,0.415412
16094,1.5166,,,0.300555,0.000375598,35,0.442666
16123,1.5190,,,0.282194,0.000375506,35,0.450376
16152,1.5214,,,0.293716,0.000375414,35,0.396273
16181,1.5238,,,0.28881,0.000375322,35,0.397226
16210,1.5262,,,0.297193,0.000375229,35,0.631428
16239,1.5286,,,0.305798,0.000375137,35,0.534095
16268,1.5310,,,0.304468,0.000375044,35,0.483302
16297,1.5334,,,0.301357,0.000374951,35,0.392209
16326,1.5360,,,0.283122,0.000374858,35,0.399941
16343,1.5422,0.294466,0.29869,,,35,
16355,1.5436,,,0.295656,0.000374765,36,0.492055
16384,1.5461,,,0.279557,0.000374672,36,0.443546
16413,1.5485,,,0.2816,0.000374578,36,0.413481
16442,1.5509,,,0.300159,0.000374485,36,0.446401
16471,1.5533,,,0.308459,0.000374391,36,0.536264
16500,1.5557,,,0.301093,0.000374297,36,4.31396
16529,1.5581,,,0.288037,0.000374203,36,0.410396
16558,1.5605,,,0.292671,0.000374108,36,0.470063
16587,1.5629,,,0.289638,0.000374014,36,0.407027
16616,1.5652,,,0.289014,0.000373919,36,0.55608
16645,1.5676,,,0.299629,0.000373825,36,0.472212
16674,1.5700,,,0.278033,0.00037373,36,0.559128
16703,1.5724,,,0.301588,0.000373634,36,0.596054
16732,1.5748,,,0.308027,0.000373539,36,0.494361
16761,1.5772,,,0.287167,0.000373444,36,0.416546
16790,1.5795,,,0.289347,0.000373348,36,0.529955
16797,1.5850,0.294153,0.2988,,,36,
16819,1.5871,,,0.314594,0.000373252,37,0.456826
16848,1.5895,,,0.291622,0.000373157,37,0.423026
16877,1.5919,,,0.301159,0.00037306,37,0.477474
16906,1.5943,,,0.307519,0.000372964,37,0.483489
16935,1.5967,,,0.295277,0.000372868,37,0.393287
16964,1.5991,,,0.294733,0.000372771,37,0.385092
16993,1.6014,,,0.281585,0.000372675,37,0.360912
17022,1.6038,,,0.286155,0.000372578,37,0.331688
17051,1.6062,,,0.298832,0.000372481,37,0.435429
17080,1.6086,,,0.322214,0.000372384,37,0.736476
17109,1.6110,,,0.28567,0.000372286,37,0.346463
17138,1.6134,,,0.292802,0.000372189,37,0.375368
17167,1.6158,,,0.30312,0.000372091,37,0.413509
17196,1.6182,,,0.304762,0.000371993,37,0.412663
17225,1.6205,,,0.285372,0.000371895,37,0.394011
17251,1.6275,0.293324,0.297516,,,37,
17254,1.6281,,,0.304636,0.000371797,38,0.510115
17283,1.6305,,,0.304454,0.000371699,38,0.390877
17312,1.6329,,,0.319054,0.000371601,38,0.444092
17341,1.6353,,,0.295445,0.000371502,38,0.400208
17370,1.6376,,,0.298484,0.000371403,38,0.421896
17399,1.6400,,,0.293539,0.000371304,38,0.477352
17428,1.6424,,,0.287088,0.000371205,38,0.417814
17457,1.6448,,,0.287422,0.000371106,38,0.907545
17486,1.6472,,,0.296749,0.000371007,38,0.494835
17515,1.6496,,,0.30088,0.000370907,38,0.523295
17544,1.6520,,,0.291991,0.000370807,38,0.475547
17573,1.6544,,,0.28823,0.000370707,38,0.442842
17602,1.6567,,,0.290941,0.000370607,38,0.429867
17631,1.6591,,,0.286953,0.000370507,38,0.368638
17660,1.6615,,,0.295187,0.000370407,38,0.478599
17689,1.6639,,,0.297353,0.000370306,38,0.506502
17705,1.6700,0.294096,0.297395,,,38,
17718,1.6715,,,0.323552,0.000370206,39,0.532248
17747,1.6739,,,0.305936,0.000370105,39,0.695616
17776,1.6763,,,0.298157,0.000370004,39,0.513687
17805,1.6787,,,0.318117,0.000369903,39,0.634736
17834,1.6811,,,0.280996,0.000369802,39,0.36922
17863,1.6835,,,0.307705,0.0003697,39,0.552052
17892,1.6859,,,0.29209,0.000369599,39,0.491208
17921,1.6883,,,0.300099,0.000369497,39,0.409095
17950,1.6906,,,0.310109,0.000369395,39,0.443359
17979,1.6930,,,0.310366,0.000369293,39,0.504508
18008,1.6954,,,0.29317,0.000369191,39,0.491732
18037,1.6978,,,0.284969,0.000369088,39,0.381595
18066,1.7002,,,0.286602,0.000368986,39,0.424591
18095,1.7026,,,0.299675,0.000368883,39,0.513748
18124,1.7050,,,0.291929,0.00036878,39,0.411544
18153,1.7073,,,0.307647,0.000368677,39,0.52311
18159,1.7127,0.292002,0.297033,,,39,
18182,1.7149,,,0.297095,0.000368574,40,0.454938
18211,1.7174,,,0.295285,0.000368471,40,0.35367
18240,1.7199,,,0.30497,0.000368368,40,0.506851
18269,1.7222,,,0.28354,0.000368264,40,0.367947
18298,1.7246,,,0.2901,0.00036816,40,0.553251
18327,1.7271,,,0.28195,0.000368056,40,0.38698
18356,1.7295,,,0.312087,0.000367952,40,0.411285
18385,1.7319,,,0.28362,0.000367848,40,0.475014
18414,1.7343,,,0.27839,0.000367744,40,0.551903
18443,1.7367,,,0.304241,0.000367639,40,0.496718
18472,1.7391,,,0.283533,0.000367535,40,0.57368
18501,1.7415,,,0.293623,0.00036743,40,0.507602
18530,1.7438,,,0.320025,0.000367325,40,0.750056
18559,1.7462,,,0.291945,0.00036722,40,0.467351
18588,1.7486,,,0.291423,0.000367114,40,0.413045
18613,1.7555,0.290589,0.29576,,,40,
18617,1.7562,,,0.287701,0.000367009,41,0.398547
18646,1.7586,,,0.286478,0.000366903,41,0.44985
18675,1.7610,,,0.295049,0.000366797,41,0.422909
18704,1.7633,,,0.302426,0.000366692,41,0.508815
18733,1.7657,,,0.300507,0.000366585,41,0.482349
18762,1.7681,,,0.309904,0.000366479,41,0.499399
18791,1.7705,,,0.308641,0.000366373,41,2.96231
18820,1.7729,,,0.318265,0.000366266,41,0.470664
18849,1.7753,,,0.28697,0.00036616,41,0.452309
18878,1.7776,,,0.285126,0.000366053,41,0.500154
18907,1.7800,,,0.29699,0.000365946,41,0.480833
18936,1.7824,,,0.296231,0.000365839,41,0.529154
18965,1.7848,,,0.297551,0.000365731,41,0.48187
18994,1.7872,,,0.292361,0.000365624,41,0.454749
19023,1.7896,,,0.292954,0.000365516,41,0.434235
19052,1.7920,,,0.280936,0.000365409,41,0.603595
19067,1.7980,0.290596,0.294963,,,41,
19081,1.7995,,,0.306747,0.000365301,42,1.06863
19110,1.8019,,,0.290236,0.000365193,42,0.384553
19139,1.8043,,,0.276828,0.000365085,42,0.359661
19168,1.8067,,,0.296331,0.000364976,42,0.470698
19197,1.8090,,,0.312124,0.000364868,42,0.538306
19226,1.8114,,,0.286024,0.000364759,42,0.496769
19255,1.8138,,,0.290598,0.00036465,42,0.389048
19284,1.8162,,,0.301926,0.000364541,42,0.616074
19313,1.8186,,,0.286361,0.000364432,42,0.525144
19342,1.8210,,,0.292122,0.000364323,42,0.451766
19371,1.8234,,,0.29812,0.000364213,42,0.933585
19400,1.8257,,,0.299888,0.000364104,42,0.41781
19429,1.8281,,,0.288583,0.000363994,42,0.429798
19458,1.8305,,,0.300984,0.000363884,42,0.433814
19487,1.8329,,,0.288555,0.000363774,42,0.471756
19516,1.8353,,,0.282066,0.000363664,42,0.339278
19521,1.8405,0.290333,0.294457,,,42,
19545,1.8428,,,0.284326,0.000363554,43,0.353581
19574,1.8453,,,0.306916,0.000363443,43,0.524816
19603,1.8477,,,0.28162,0.000363333,43,0.518143
19632,1.8501,,,0.276372,0.000363222,43,0.382259
19661,1.8524,,,0.289603,0.000363111,43,0.469048
19690,1.8548,,,0.305671,0.000363,43,0.492918
19719,1.8572,,,0.287815,0.000362889,43,0.491848
19748,1.8596,,,0.297674,0.000362777,43,0.42586
19777,1.8620,,,0.305403,0.000362666,43,0.600152
19806,1.8644,,,0.294814,0.000362554,43,0.417015
19835,1.8668,,,0.308449,0.000362442,43,0.637436
19864,1.8692,,,0.284707,0.00036233,43,0.394816
19893,1.8715,,,0.292596,0.000362218,43,0.477205
19922,1.8739,,,0.263932,0.000362106,43,0.512149
19951,1.8763,,,0.296466,0.000361994,43,0.532046
19975,1.8831,0.291435,0.294553,,,43,
19980,1.8839,,,0.299785,0.000361881,44,0.458632
20009,1.8862,,,0.295343,0.000361768,44,0.405603
20038,1.8886,,,0.29971,0.000361656,44,0.423438
20067,1.8910,,,0.302861,0.000361543,44,0.416243
20096,1.8934,,,0.311697,0.000361429,44,0.623719
20125,1.8959,,,0.280142,0.000361316,44,0.486384
20154,1.8983,,,0.296617,0.000361203,44,0.631665
20183,1.9008,,,0.297089,0.000361089,44,0.547715
20212,1.9032,,,0.288641,0.000360975,44,0.400816
20241,1.9057,,,0.316601,0.000360861,44,0.67254
20270,1.9081,,,0.279843,0.000360747,44,0.426279
20299,1.9105,,,0.304669,0.000360633,44,0.527268
20328,1.9129,,,0.279276,0.000360519,44,0.434909
20357,1.9153,,,0.290438,0.000360404,44,0.935168
20386,1.9177,,,0.302892,0.00036029,44,0.542342
20415,1.9201,,,0.314821,0.000360175,44,0.508194
20429,1.9261,0.291897,0.2948,,,44,
20444,1.9277,,,0.287916,0.00036006,45,0.491659
20473,1.9300,,,0.277399,0.000359945,45,0.494693
20502,1.9324,,,0.326094,0.00035983,45,0.559253
20531,1.9348,,,0.290652,0.000359714,45,0.476286
20560,1.9372,,,0.296967,0.000359599,45,0.531394
20589,1.9396,,,0.279129,0.000359483,45,0.485654
20618,1.9420,,,0.304482,0.000359367,45,0.464672
20647,1.9444,,,0.296899,0.000359251,45,0.504162
20676,1.9468,,,0.281086,0.000359135,45,0.446544
20705,1.9491,,,0.276624,0.000359019,45,0.43232
20734,1.9515,,,0.27518,0.000358903,45,0.63671
20763,1.9539,,,0.277968,0.000358786,45,0.674176
20792,1.9563,,,0.294873,0.000358669,45,0.500698
20821,1.9587,,,0.300461,0.000358552,45,0.626235
20850,1.9611,,,0.298652,0.000358435,45,0.43577
20879,1.9634,,,0.299326,0.000358318,45,0.47721
20883,1.9686,0.290268,0.294205,,,45,
20908,1.9710,,,0.295129,0.000358201,46,0.516712
20937,1.9734,,,0.28952,0.000358084,46,0.500389
20966,1.9758,,,0.294503,0.000357966,46,0.525877
20995,1.9782,,,0.310573,0.000357848,46,0.435136
21024,1.9806,,,0.289937,0.000357731,46,0.577015
21053,1.9830,,,0.308268,0.000357613,46,4.57541
21082,1.9853,,,0.289079,0.000357494,46,0.484662
21111,1.9877,,,0.295007,0.000357376,46,0.482027
21140,1.9901,,,0.31818,0.000357258,46,0.537856
21169,1.9925,,,0.269224,0.000357139,46,0.513994
21198,1.9949,,,0.304998,0.00035702,46,0.534853
21227,1.9973,,,0.281343,0.000356902,46,0.491436
21256,1.9997,,,0.294079,0.000356782,46,0.53009
21285,2.0021,,,0.281056,0.000356663,46,0.457646
21314,2.0044,,,0.282996,0.000356544,46,0.444923
21337,2.0111,0.28979,0.293491,,,46,
21343,2.0120,,,0.296538,0.000356425,47,0.475638
21372,2.0144,,,0.310892,0.000356305,47,0.496216
21401,2.0168,,,0.301554,0.000356185,47,0.575616
21430,2.0193,,,0.300679,0.000356065,47,0.484397
21459,2.0217,,,0.290598,0.000355945,47,0.468133
21488,2.0241,,,0.300264,0.000355825,47,0.49609
21517,2.0265,,,0.274921,0.000355705,47,0.488462
21546,2.0288,,,0.305165,0.000355584,47,0.463108
21575,2.0312,,,0.296509,0.000355464,47,0.479055
21604,2.0336,,,0.29825,0.000355343,47,0.495883
21633,2.0360,,,0.287615,0.000355222,47,0.817265
21662,2.0384,,,0.28353,0.000355101,47,0.535759
21691,2.0408,,,0.288158,0.00035498,47,0.580175
21720,2.0432,,,0.287541,0.000354859,47,1.76542
21749,2.0456,,,0.275539,0.000354737,47,0.516792
21778,2.0480,,,0.282286,0.000354616,47,0.544462
21791,2.0539,0.288477,0.292482,,,47,
21807,2.0556,,,0.269032,0.000354494,48,0.513357
21836,2.0580,,,0.285069,0.000354372,48,0.820478
21865,2.0604,,,0.293001,0.00035425,48,0.712875
21894,2.0628,,,0.319321,0.000354128,48,0.512794
21923,2.0652,,,0.299093,0.000354006,48,0.592542
21952,2.0676,,,0.287814,0.000353883,48,0.663502
21981,2.0700,,,0.290615,0.000353761,48,0.628967
22010,2.0724,,,0.31016,0.000353638,48,0.583448
22039,2.0748,,,0.299066,0.000353515,48,0.704754
22068,2.0774,,,0.288207,0.000353392,48,0.512071
22097,2.0798,,,0.301223,0.000353269,48,0.527756
22126,2.0823,,,0.303426,0.000353146,48,0.44054
22155,2.0847,,,0.314261,0.000353022,48,0.565023
22184,2.0871,,,0.286757,0.000352899,48,0.435546
22213,2.0895,,,0.307915,0.000352775,48,0.47238
22242,2.0919,,,0.290166,0.000352651,48,0.518249
22245,2.0970,0.288437,0.29307,,,48,
22271,2.0996,,,0.301841,0.000352527,49,0.435984
22300,2.1020,,,0.303747,0.000352403,49,1.1616
22329,2.1043,,,0.308885,0.000352279,49,0.59189
22358,2.1067,,,0.299401,0.000352154,49,0.556912
22387,2.1091,,,0.307369,0.00035203,49,0.495142
22416,2.1115,,,0.285561,0.000351905,49,0.521286
22445,2.1139,,,0.298457,0.00035178,49,0.53814
22474,2.1162,,,0.278226,0.000351655,49,0.535372
22503,2.1186,,,0.287371,0.00035153,49,0.493791
22532,2.1210,,,0.27735,0.000351405,49,0.536219
22561,2.1234,,,0.312481,0.000351279,49,0.613484
22590,2.1258,,,0.309538,0.000351154,49,0.98019
22619,2.1282,,,0.305116,0.000351028,49,0.67152
22648,2.1305,,,0.275396,0.000350902,49,0.652058
22677,2.1329,,,0.281853,0.000350776,49,2.3801
22699,2.1395,0.291571,0.292455,,,49,
22706,2.1405,,,0.287712,0.00035065,50,0.491407
22735,2.1428,,,0.312624,0.000350524,50,0.56621
22764,2.1452,,,0.282267,0.000350398,50,0.566704
22793,2.1476,,,0.278663,0.000350271,50,0.53443
22822,2.1500,,,0.322263,0.000350145,50,0.560325
22851,2.1524,,,0.291892,0.000350018,50,0.595933
22880,2.1547,,,0.288279,0.000349891,50,1.105
22909,2.1571,,,0.279426,0.000349764,50,0.537969
22938,2.1595,,,0.280953,0.000349637,50,0.586936
22967,2.1619,,,0.28597,0.000349509,50,0.522758
22996,2.1643,,,0.270681,0.000349382,50,0.516508
23025,2.1667,,,0.284695,0.000349254,50,0.454193
23054,2.1691,,,0.31604,0.000349127,50,0.637892
23083,2.1714,,,0.302089,0.000348999,50,0.546709
23112,2.1738,,,0.302635,0.000348871,50,0.472609
23141,2.1762,,,0.304952,0.000348742,50,0.517597
23153,2.1820,0.287342,0.292643,,,50,
23170,2.1838,,,0.282137,0.000348614,51,11.2139
23199,2.1861,,,0.284026,0.000348486,51,0.567948
23228,2.1885,,,0.312641,0.000348357,51,0.591479
23257,2.1909,,,0.28266,0.000348229,51,0.554097
23286,2.1933,,,0.298553,0.0003481,51,0.548894
23315,2.1957,,,0.278091,0.000347971,51,0.482238
23344,2.1980,,,0.299733,0.000347842,51,0.471242
23373,2.2005,,,0.275455,0.000347712,51,0.480721
23402,2.2029,,,0.299403,0.000347583,51,0.485584
23431,2.2052,,,0.288871,0.000347453,51,0.577493
23460,2.2076,,,0.323309,0.000347324,51,0.490171
23489,2.2100,,,0.294808,0.000347194,51,0.636485
23518,2.2124,,,0.281246,0.000347064,51,0.603777
23547,2.2148,,,0.279529,0.000346934,51,0.512018
23576,2.2171,,,0.27948,0.000346804,51,0.572912
23605,2.2195,,,0.282351,0.000346674,51,0.463945
23607,2.2245,0.287445,0.291741,,,51,
23634,2.2272,,,0.289397,0.000346543,52,0.430888
23663,2.2296,,,0.268319,0.000346413,52,0.448918
23692,2.2319,,,0.299761,0.000346282,52,0.567602
23721,2.2343,,,0.298304,0.000346151,52,0.820777
23750,2.2367,,,0.280504,0.00034602,52,0.457122
23779,2.2391,,,0.273264,0.000345889,52,0.443319
23808,2.2415,,,0.29804,0.000345757,52,0.475201
23837,2.2438,,,0.283951,0.000345626,52,0.429984
23866,2.2462,,,0.284259,0.000345495,52,0.414516
23895,2.2486,,,0.286713,0.000345363,52,0.534394
23924,2.2510,,,0.288348,0.000345231,52,0.509902
23953,2.2534,,,0.287096,0.000345099,52,0.517415
23982,2.2558,,,0.290713,0.000344967,52,0.699758
24011,2.2584,,,0.28928,0.000344835,52,0.556455
24040,2.2608,,,0.293844,0.000344703,52,0.808298
24061,2.2673,0.288528,0.291148,,,52,
24069,2.2684,,,0.288227,0.00034457,53,0.514903
24098,2.2708,,,0.282179,0.000344437,53,0.593668
24127,2.2732,,,0.315276,0.000344305,53,0.535659
24156,2.2756,,,0.272952,0.000344172,53,0.460666
24185,2.2780,,,0.299931,0.000344039,53,0.51096
24214,2.2804,,,0.279713,0.000343906,53,0.498787
24243,2.2828,,,0.289506,0.000343772,53,0.468914
24272,2.2852,,,0.294525,0.000343639,53,0.580431
24301,2.2876,,,0.292002,0.000343506,53,0.53422
24330,2.2899,,,0.294337,0.000343372,53,0.462685
24359,2.2923,,,0.301682,0.000343238,53,0.450792
24388,2.2947,,,0.279857,0.000343104,53,0.462393
24417,2.2971,,,0.303889,0.00034297,53,0.517387
24446,2.2995,,,0.306929,0.000342836,53,0.484639
24475,2.3019,,,0.282973,0.000342702,53,0.418264
24504,2.3042,,,0.287689,0.000342567,53,0.458061
24515,2.3100,0.286919,0.290131,,,53,
24533,2.3118,,,0.298622,0.000342433,54,0.449942
24562,2.3142,,,0.280478,0.000342298,54,0.497252
24591,2.3166,,,0.283163,0.000342163,54,0.459848
24620,2.3190,,,0.289401,0.000342028,54,0.514787
24649,2.3214,,,0.291867,0.000341893,54,0.502138
24678,2.3238,,,0.276647,0.000341758,54,0.400108
24707,2.3261,,,0.286482,0.000341622,54,0.500473
24736,2.3285,,,0.291181,0.000341487,54,0.36034
24765,2.3309,,,0.292499,0.000341351,54,0.91923
24794,2.3333,,,0.285075,0.000341215,54,0.534371
24823,2.3357,,,0.309363,0.00034108,54,0.394359
24852,2.3381,,,0.297963,0.000340944,54,0.442287
24881,2.3405,,,0.294971,0.000340807,54,0.482836
24910,2.3429,,,0.290362,0.000340671,54,0.455815
24939,2.3453,,,0.280665,0.000340535,54,0.379914
24968,2.3477,,,0.287021,0.000340398,54,0.368948
24969,2.3527,0.286169,0.28935,,,54,
24997,2.3553,,,0.295481,0.000340261,55,0.701599
25026,2.3577,,,0.300216,0.000340125,55,0.42852
25055,2.3601,,,0.294345,0.000339988,55,0.444285
25084,2.3625,,,0.275114,0.000339851,55,0.358382
25113,2.3649,,,0.313623,0.000339714,55,0.49285
25142,2.3673,,,0.295562,0.000339576,55,0.528899
25171,2.3697,,,0.283337,0.000339439,55,0.459099
25200,2.3721,,,0.295218,0.000339301,55,0.55081
25229,2.3745,,,0.293732,0.000339164,55,0.446603
25258,2.3769,,,0.308974,0.000339026,55,3.21138
25287,2.3793,,,0.28205,0.000338888,55,0.53005
25316,2.3817,,,0.296813,0.00033875,55,0.485029
25345,2.3841,,,0.304652,0.000338612,55,0.457087
25374,2.3865,,,0.296252,0.000338473,55,0.441948
25403,2.3889,,,0.293275,0.000338335,55,0.422867
25423,2.3954,0.286733,0.289485,,,55,
25432,2.3965,,,0.293193,0.000338196,56,0.521032
25461,2.3988,,,0.28919,0.000338057,56,0.428944
25490,2.4012,,,0.274373,0.000337919,56,0.469231
25519,2.4036,,,0.30075,0.00033778,56,1.23973
25548,2.4060,,,0.293847,0.000337641,56,0.459782
25577,2.4084,,,0.289559,0.000337501,56,0.564477
25606,2.4108,,,0.297369,0.000337362,56,0.627475
25635,2.4132,,,0.282928,0.000337223,56,0.439961
25664,2.4156,,,0.290002,0.000337083,56,0.470629
25693,2.4180,,,0.293743,0.000336943,56,0.41123
25722,2.4204,,,0.301597,0.000336803,56,0.398203
25751,2.4228,,,0.295213,0.000336663,56,1.83211
25780,2.4252,,,0.280564,0.000336523,56,0.474397
25809,2.4275,,,0.285148,0.000336383,56,0.563519
25838,2.4299,,,0.286039,0.000336243,56,0.395321
25867,2.4323,,,0.302059,0.000336102,56,0.484257
25877,2.4379,0.286138,0.289767,,,56,
25896,2.4399,,,0.289547,0.000335962,57,0.481544
25925,2.4423,,,0.292774,0.000335821,57,0.468873
25954,2.4447,,,0.280028,0.00033568,57,0.507248
25983,2.4471,,,0.280553,0.000335539,57,0.420107
26012,2.4495,,,0.295183,0.000335398,57,2.10079
26041,2.4519,,,0.271075,0.000335257,57,0.61709
26070,2.4543,,,0.29441,0.000335115,57,0.723523
26099,2.4567,,,0.287171,0.000334974,57,0.499108
26128,2.4591,,,0.277926,0.000334832,57,0.426882
26157,2.4615,,,0.286239,0.000334691,57,0.386938
26186,2.4638,,,0.30749,0.000334549,57,0.495154
26215,2.4662,,,0.294955,0.000334407,57,0.496549
26244,2.4686,,,0.300918,0.000334265,57,0.524208
26273,2.4710,,,0.281317,0.000334122,57,0.470511
26302,2.4733,,,0.281964,0.00033398,57,0.730556
26331,2.4806,0.286142,0.28952,0.282061,0.000333838,57,0.399561
26360,2.4833,,,0.290244,0.000333695,58,0.534927
26389,2.4857,,,0.295483,0.000333552,58,0.744575
26418,2.4880,,,0.298937,0.000333409,58,0.673384
26447,2.4904,,,0.275793,0.000333267,58,0.422787
26476,2.4928,,,0.293466,0.000333123,58,0.591092
26505,2.4952,,,0.283082,0.00033298,58,0.469529
26534,2.4975,,,0.286416,0.000332837,58,0.50938
26563,2.4999,,,0.300631,0.000332693,58,0.46451
26592,2.5023,,,0.292084,0.00033255,58,0.551586
26621,2.5047,,,0.283797,0.000332406,58,0.449526
26650,2.5071,,,0.293388,0.000332262,58,0.440179
26679,2.5095,,,0.273589,0.000332118,58,0.491333
26708,2.5118,,,0.285047,0.000331974,58,0.508986
26737,2.5142,,,0.297771,0.00033183,58,0.448487
26766,2.5166,,,0.280466,0.000331686,58,0.519155
26785,2.5230,0.286807,0.289411,,,58,
26795,2.5241,,,0.298242,0.000331541,59,0.571034
26824,2.5265,,,0.273637,0.000331397,59,0.503724
26853,2.5289,,,0.289097,0.000331252,59,0.522874
26882,2.5313,,,0.315302,0.000331107,59,0.545037
26911,2.5337,,,0.271068,0.000330963,59,0.450432
26940,2.5361,,,0.287587,0.000330818,59,0.437829
26969,2.5385,,,0.290045,0.000330672,59,0.493132
26998,2.5409,,,0.301024,0.000330527,59,0.563036
27027,2.5433,,,0.287179,0.000330382,59,0.462339
27056,2.5457,,,0.275695,0.000330236,59,0.389711
27085,2.5481,,,0.286628,0.000330091,59,0.414734
27114,2.5505,,,0.272655,0.000329945,59,0.456652
27143,2.5529,,,0.291965,0.000329799,59,0.465209
27172,2.5553,,,0.279307,0.000329653,59,0.422992
27201,2.5576,,,0.306573,0.000329507,59,0.535891
27230,2.5600,,,0.278725,0.000329361,59,0.581194
27239,2.5656,0.287107,0.288307,,,59,
27259,2.5676,,,0.286736,0.000329214,60,0.487143
27288,2.5700,,,0.282783,0.000329068,60,0.564858
27317,2.5723,,,0.270253,0.000328921,60,0.431433
27346,2.5747,,,0.273194,0.000328775,60,0.447074
27375,2.5771,,,0.288868,0.000328628,60,0.549627
27404,2.5795,,,0.278385,0.000328481,60,0.394855
27433,2.5819,,,0.275237,0.000328334,60,1.29022
27462,2.5842,,,0.293385,0.000328187,60,0.546551
27491,2.5866,,,0.299157,0.000328039,60,0.652885
27520,2.5890,,,0.29979,0.000327892,60,0.698334
27549,2.5914,,,0.309979,0.000327745,60,1.16136
27578,2.5938,,,0.296332,0.000327597,60,0.77227
27607,2.5962,,,0.296043,0.000327449,60,0.492377
27636,2.5986,,,0.286489,0.000327301,60,0.734959
27665,2.6010,,,0.277956,0.000327153,60,0.402501
27693,2.6081,0.285193,0.287788,,,60,
27694,2.6085,,,0.291196,0.000327005,61,1.34335
27723,2.6109,,,0.281245,0.000326857,61,0.503368
27752,2.6132,,,0.298872,0.000326709,61,0.732753
27781,2.6157,,,0.286066,0.00032656,61,0.414314
27810,2.6182,,,0.291837,0.000326412,61,0.623593
27839,2.6206,,,0.304661,0.000326263,61,0.599214
27868,2.6230,,,0.296393,0.000326114,61,0.532831
27897,2.6254,,,0.283538,0.000325965,61,0.449239
27926,2.6278,,,0.298268,0.000325816,61,0.450444
27955,2.6303,,,0.292302,0.000325667,61,0.61844
27984,2.6326,,,0.305715,0.000325518,61,0.528196
28013,2.6350,,,0.285154,0.000325368,61,0.735757
28042,2.6374,,,0.297819,0.000325219,61,0.42324
28071,2.6398,,,0.291945,0.000325069,61,0.48623
28100,2.6422,,,0.280787,0.000324919,61,0.418286
28129,2.6446,,,0.268593,0.00032477,61,0.469737
28147,2.6509,0.285776,0.287395,,,61,
28158,2.6521,,,0.259966,0.00032462,62,0.411071
28187,2.6545,,,0.262611,0.00032447,62,0.635664
28216,2.6569,,,0.277297,0.000324319,62,0.453293
28245,2.6593,,,0.303158,0.000324169,62,0.611958
28274,2.6616,,,0.278016,0.000324019,62,0.53951
28303,2.6640,,,0.284408,0.000323868,62,0.378926
28332,2.6664,,,0.277599,0.000323717,62,0.431137
28361,2.6688,,,0.275246,0.000323567,62,0.502386
28390,2.6711,,,0.284428,0.000323416,62,0.431899
28419,2.6735,,,0.276099,0.000323265,62,0.403986
28448,2.6759,,,0.297295,0.000323114,62,0.480863
28477,2.6783,,,0.292395,0.000322963,62,0.419352
28506,2.6806,,,0.306712,0.000322811,62,0.497769
28535,2.6830,,,0.280823,0.00032266,62,0.426197
28564,2.6854,,,0.296201,0.000322508,62,0.435798
28593,2.6877,,,0.293321,0.000322357,62,0.548474
28601,2.6933,0.283756,0.287156,,,62,
28622,2.6953,,,0.295908,0.000322205,63,0.513402
28651,2.6977,,,0.274757,0.000322053,63,0.511571
28680,2.7001,,,0.288152,0.000321901,63,0.785526
28709,2.7024,,,0.272812,0.000321749,63,0.57033
28738,2.7048,,,0.282665,0.000321597,63,2.67478
28767,2.7072,,,0.292946,0.000321444,63,0.579078
28796,2.7096,,,0.297929,0.000321292,63,0.508137
28825,2.7119,,,0.281374,0.000321139,63,0.492642
28854,2.7143,,,0.290202,0.000320987,63,0.618062
28883,2.7167,,,0.302276,0.000320834,63,0.66451
28912,2.7191,,,0.293341,0.000320681,63,0.537573
28941,2.7215,,,0.294604,0.000320528,63,0.813791
28970,2.7239,,,0.295465,0.000320375,63,0.408141
28999,2.7263,,,0.276274,0.000320222,63,0.8737
29028,2.7287,,,0.278467,0.000320068,63,1.00298
29055,2.7357,0.284782,0.287221,,,63,
29057,2.7362,,,0.293398,0.000319915,64,0.624959
29086,2.7386,,,0.282129,0.000319761,64,0.810214
29115,2.7410,,,0.281008,0.000319607,64,0.677716
29144,2.7433,,,0.272716,0.000319454,64,0.690083
29173,2.7457,,,0.283948,0.0003193,64,0.433397
29202,2.7481,,,0.313132,0.000319146,64,0.664271
29231,2.7505,,,0.277484,0.000318992,64,0.67937
29260,2.7528,,,0.281805,0.000318838,64,0.639336
29289,2.7552,,,0.266322,0.000318683,64,0.502464
29318,2.7576,,,0.282628,0.000318529,64,0.607444
29347,2.7600,,,0.271633,0.000318374,64,0.592302
29376,2.7623,,,0.302954,0.00031822,64,0.930169
29405,2.7647,,,0.284318,0.000318065,64,0.441763
29434,2.7671,,,0.30079,0.00031791,64,0.536975
29463,2.7695,,,0.278684,0.000317755,64,0.629241
29492,2.7718,,,0.286437,0.0003176,64,0.592811
29509,2.7781,0.283975,0.287249,,,64,
29521,2.7794,,,0.293423,0.000317445,65,0.405304
29550,2.7818,,,0.286462,0.000317289,65,0.73756
29579,2.7842,,,0.281465,0.000317134,65,0.482688
29608,2.7866,,,0.279778,0.000316978,65,3.12475
29637,2.7889,,,0.289068,0.000316823,65,0.658062
29666,2.7913,,,0.288123,0.000316667,65,0.436894
29695,2.7937,,,0.270095,0.000316511,65,0.414228
29724,2.7962,,,0.265037,0.000316355,65,0.405329
29753,2.7987,,,0.296335,0.000316199,65,0.526526
29782,2.8011,,,0.300225,0.000316043,65,0.776886
29811,2.8034,,,0.268587,0.000315887,65,0.840104
29840,2.8059,,,0.283529,0.00031573,65,0.676552
29869,2.8083,,,0.289835,0.000315574,65,0.749418
29898,2.8107,,,0.279347,0.000315417,65,0.580605
29927,2.8131,,,0.282407,0.000315261,65,0.65313
29956,2.8155,,,0.291736,0.000315104,65,0.473932
29963,2.8209,0.283568,0.286022,,,65,
29985,2.8230,,,0.279672,0.000314947,66,0.685151
30014,2.8254,,,0.281241,0.00031479,66,0.585271
30043,2.8278,,,0.281253,0.000314633,66,0.593766
30072,2.8301,,,0.311297,0.000314476,66,0.627374
30101,2.8325,,,0.289187,0.000314318,66,0.553549
30130,2.8349,,,0.298664,0.000314161,66,0.691965
30159,2.8373,,,0.286632,0.000314003,66,0.543501
30188,2.8396,,,0.299572,0.000313846,66,0.673956
30217,2.8420,,,0.288361,0.000313688,66,0.467754
30246,2.8444,,,0.283715,0.00031353,66,0.671722
30275,2.8468,,,0.295914,0.000313372,66,0.732285
30304,2.8491,,,0.295366,0.000313214,66,0.702772
30333,2.8515,,,0.278413,0.000313056,66,0.58386
30362,2.8539,,,0.302362,0.000312898,66,0.496924
30391,2.8563,,,0.281275,0.000312739,66,0.511234
30417,2.8632,0.28361,0.286304,,,66,
30420,2.8639,,,0.281645,0.000312581,67,0.470211
30449,2.8662,,,0.2797,0.000312422,67,0.811256
30478,2.8686,,,0.291756,0.000312263,67,0.507051
30507,2.8710,,,0.260943,0.000312105,67,0.5239
30536,2.8734,,,0.270512,0.000311946,67,0.550419
30565,2.8757,,,0.287887,0.000311787,67,0.556508
30594,2.8781,,,0.294122,0.000311628,67,0.728589
30623,2.8805,,,0.281288,0.000311468,67,0.577142
30652,2.8829,,,0.259579,0.000311309,67,0.405218
30681,2.8852,,,0.29076,0.00031115,67,0.715398
30710,2.8876,,,0.298454,0.00031099,67,0.925181
30739,2.8900,,,0.269797,0.000310831,67,0.867746
30768,2.8924,,,0.279312,0.000310671,67,0.729531
30797,2.8948,,,0.285971,0.000310511,67,0.810023
30826,2.8972,,,0.26782,0.000310351,67,0.810636
30855,2.8995,,,0.281796,0.000310191,67,0.66681
30871,2.9057,0.283036,0.285929,,,67,
30884,2.9071,,,0.278581,0.000310031,68,0.516292
30913,2.9094,,,0.27036,0.000309871,68,0.589075
30942,2.9118,,,0.279811,0.000309711,68,0.656605
30971,2.9142,,,0.275451,0.00030955,68,0.539183
31000,2.9166,,,0.276745,0.00030939,68,0.549288
31029,2.9190,,,0.269753,0.000309229,68,0.757932
31058,2.9214,,,0.280588,0.000309068,68,1.01221
31087,2.9237,,,0.301502,0.000308907,68,0.851103
31116,2.9261,,,0.28146,0.000308747,68,0.775895
31145,2.9285,,,0.277689,0.000308586,68,0.793638
31174,2.9309,,,0.285486,0.000308424,68,0.746484
31203,2.9333,,,0.286408,0.000308263,68,0.661124
31232,2.9357,,,0.306734,0.000308102,68,0.723924
31261,2.9380,,,0.297484,0.00030794,68,0.446158
31290,2.9404,,,0.293229,0.000307779,68,0.826715
31319,2.9428,,,0.275105,0.000307617,68,0.739131
31325,2.9481,0.282749,0.286006,,,68,
31348,2.9503,,,0.287468,0.000307456,69,0.952888
31377,2.9527,,,0.279229,0.000307294,69,0.478555
31406,2.9551,,,0.283676,0.000307132,69,0.49668
31435,2.9575,,,0.283929,0.00030697,69,0.841974
31464,2.9598,,,0.27508,0.000306808,69,0.982429
31493,2.9622,,,0.293343,0.000306646,69,0.889191
31522,2.9646,,,0.284265,0.000306483,69,0.696206
31551,2.9670,,,0.29981,0.000306321,69,0.975422
31580,2.9693,,,0.28424,0.000306158,69,0.480218
31609,2.9718,,,0.279772,0.000305996,69,0.524352
31638,2.9742,,,0.279801,0.000305833,69,0.503989
31667,2.9766,,,0.281417,0.00030567,69,0.521509
31696,2.9791,,,0.274503,0.000305507,69,0.961701
31725,2.9815,,,0.292593,0.000305344,69,0.677162
31754,2.9838,,,0.299376,0.000305181,69,0.699804
31779,2.9907,0.283444,0.285293,,,69,
31783,2.9915,,,0.281116,0.000305018,70,0.574063
31812,2.9939,,,0.291679,0.000304855,70,0.493836
31841,2.9962,,,0.281127,0.000304691,70,0.753581
31870,2.9987,,,0.308242,0.000304528,70,1.16141
31899,3.0010,,,0.304251,0.000304364,70,1.03395
31928,3.0034,,,0.276212,0.000304201,70,0.578052
31957,3.0058,,,0.281921,0.000304037,70,0.53897
31986,3.0082,,,0.292129,0.000303873,70,1.40114
32015,3.0105,,,0.290816,0.000303709,70,0.767323
32044,3.0129,,,0.293426,0.000303545,70,0.764838
32073,3.0153,,,0.289801,0.000303381,70,0.555663
32102,3.0177,,,0.291634,0.000303217,70,0.738531
32131,3.0200,,,0.27652,0.000303052,70,0.699705
32160,3.0224,,,0.296138,0.000302888,70,0.727948
32189,3.0248,,,0.289034,0.000302723,70,0.705083
32218,3.0271,,,0.309641,0.000302559,70,0.535459
32233,3.0332,0.28181,0.284858,,,70,
32247,3.0347,,,0.288999,0.000302394,71,0.708505
32276,3.0370,,,0.287137,0.000302229,71,0.629918
32305,3.0394,,,0.305483,0.000302064,71,0.819311
32334,3.0418,,,0.289324,0.000301899,71,0.99152
32363,3.0442,,,0.287883,0.000301734,71,0.665652
32392,3.0465,,,0.261197,0.000301569,71,0.76512
32421,3.0489,,,0.269133,0.000301404,71,0.587139
32450,3.0513,,,0.313664,0.000301238,71,1.10482
32479,3.0537,,,0.282318,0.000301073,71,0.819325
32508,3.0560,,,0.281916,0.000300907,71,0.75877
32537,3.0584,,,0.274602,0.000300742,71,0.585697
32566,3.0608,,,0.302186,0.000300576,71,0.868529
32595,3.0632,,,0.288754,0.00030041,71,0.56481
32624,3.0655,,,0.283706,0.000300244,71,0.850559
32653,3.0679,,,0.303382,0.000300078,71,0.831735
32682,3.0703,,,0.266922,0.000299912,71,0.590588
32687,3.0756,0.283643,0.285522,,,71,
32711,3.0779,,,0.253985,0.000299746,72,0.608291
32740,3.0802,,,0.274798,0.00029958,72,0.833206
32769,3.0826,,,0.277895,0.000299413,72,0.753102
32798,3.0850,,,0.301082,0.000299247,72,0.660103
32827,3.0874,,,0.275339,0.00029908,72,0.81611
32856,3.0897,,,0.273236,0.000298914,72,0.536039
32885,3.0921,,,0.284906,0.000298747,72,0.51348
32914,3.0945,,,0.278737,0.00029858,72,0.702296
32943,3.0969,,,0.283723,0.000298413,72,1.02895
32972,3.0992,,,0.269452,0.000298246,72,0.761011
33001,3.1016,,,0.284019,0.000298079,72,0.819644
33030,3.1040,,,0.287434,0.000297912,72,0.583948
33059,3.1064,,,0.275231,0.000297744,72,0.696262
33088,3.1088,,,0.287521,0.000297577,72,0.926963
33117,3.1111,,,0.274235,0.00029741,72,0.725002
33141,3.1179,0.284209,0.284707,,,72,
33146,3.1186,,,0.279794,0.000297242,73,1.84254
33175,3.1210,,,0.312077,0.000297074,73,0.514098
33204,3.1234,,,0.278881,0.000296907,73,0.519806
33233,3.1258,,,0.287703,0.000296739,73,0.655526
33262,3.1281,,,0.288969,0.000296571,73,0.697042
33291,3.1305,,,0.275397,0.000296403,73,0.626773
33320,3.1329,,,0.275374,0.000296235,73,0.621459
33349,3.1353,,,0.274847,0.000296067,73,0.690467
33378,3.1376,,,0.270682,0.000295898,73,0.724399
33407,3.1400,,,0.285943,0.00029573,73,0.630332
33436,3.1424,,,0.288978,0.000295562,73,0.763275
33465,3.1448,,,0.272479,0.000295393,73,0.504508
33494,3.1472,,,0.27676,0.000295224,73,0.752022
33523,3.1496,,,0.292177,0.000295056,73,0.771617
33552,3.1519,,,0.279572,0.000294887,73,0.701038
33581,3.1543,,,0.274201,0.000294718,73,1.07077
33595,3.1603,0.282149,0.283703,,,73,
33610,3.1619,,,0.277247,0.000294549,74,0.460976
33639,3.1644,,,0.27727,0.00029438,74,0.492503
33668,3.1668,,,0.281274,0.000294211,74,0.781555
33697,3.1693,,,0.273564,0.000294042,74,0.493381
33726,3.1717,,,0.272834,0.000293872,74,0.773646
33755,3.1740,,,0.294139,0.000293703,74,0.955495
33784,3.1764,,,0.281798,0.000293533,74,2.25254
33813,3.1789,,,0.286555,0.000293364,74,0.807013
33842,3.1812,,,0.280618,0.000293194,74,0.55655
33871,3.1836,,,0.292789,0.000293024,74,0.816714
33900,3.1860,,,0.292163,0.000292855,74,0.652731
33929,3.1884,,,0.27167,0.000292685,74,0.598394
33958,3.1907,,,0.289013,0.000292515,74,0.819621
33987,3.1931,,,0.282438,0.000292345,74,0.510902
34016,3.1955,,,0.2799,0.000292174,74,0.514583
34045,3.1978,,,0.290107,0.000292004,74,0.444794
34049,3.2030,0.281176,0.283158,,,74,
34074,3.2054,,,0.293199,0.000291834,75,0.837383
34103,3.2078,,,0.287289,0.000291663,75,0.793055
34132,3.2102,,,0.26087,0.000291493,75,0.548602
34161,3.2125,,,0.275766,0.000291322,75,0.66305
34190,3.2149,,,0.301695,0.000291151,75,0.984777
34219,3.2173,,,0.25371,0.000290981,75,0.474609
34248,3.2197,,,0.287691,0.00029081,75,0.611176
34277,3.2221,,,0.315793,0.000290639,75,1.76488
34306,3.2244,,,0.284005,0.000290468,75,0.718807
34335,3.2268,,,0.286958,0.000290297,75,0.637823
34364,3.2292,,,0.300425,0.000290126,75,1.05303
34393,3.2316,,,0.271505,0.000289954,75,0.654682
34422,3.2339,,,0.278186,0.000289783,75,0.572563
34451,3.2363,,,0.303355,0.000289612,75,0.650099
34480,3.2388,,,0.29478,0.00028944,75,7.63604
34503,3.2454,0.286108,0.283424,,,75,
34509,3.2463,,,0.281973,0.000289269,76,0.706839
34538,3.2486,,,0.293963,0.000289097,76,0.613863
34567,3.2510,,,0.274053,0.000288925,76,0.639329
34596,3.2534,,,0.289585,0.000288753,76,1.34537
34625,3.2558,,,0.291416,0.000288581,76,0.653812
34654,3.2582,,,0.284097,0.000288409,76,0.75816
34683,3.2605,,,0.276898,0.000288237,76,0.51063
34712,3.2629,,,0.284024,0.000288065,76,0.66596
34741,3.2653,,,0.290125,0.000287893,76,0.651129
34770,3.2677,,,0.280449,0.00028772,76,0.609242
34799,3.2700,,,0.290402,0.000287548,76,0.950704
34828,3.2724,,,0.286427,0.000287376,76,0.684669
34857,3.2748,,,0.273859,0.000287203,76,0.791106
34886,3.2772,,,0.277364,0.00028703,76,0.695933
34915,3.2796,,,0.299152,0.000286858,76,0.725347
34944,3.2819,,,0.300833,0.000286685,76,0.583484
34957,3.2878,0.28093,0.28345,,,76,
34973,3.2895,,,0.290984,0.000286512,77,0.688781
35002,3.2919,,,0.289864,0.000286339,77,0.421324
35031,3.2942,,,0.273484,0.000286166,77,0.641759
35060,3.2966,,,0.295956,0.000285993,77,0.714137
35089,3.2990,,,0.28481,0.00028582,77,0.653146
35118,3.3014,,,0.301713,0.000285646,77,0.649145
35147,3.3037,,,0.287971,0.000285473,77,1.02616
35176,3.3061,,,0.280564,0.000285299,77,0.68263
35205,3.3085,,,0.276021,0.000285126,77,0.822182
35234,3.3109,,,0.281429,0.000284952,77,0.892307
35263,3.3133,,,0.295132,0.000284779,77,0.725956
35292,3.3156,,,0.289293,0.000284605,77,0.471011
35321,3.3180,,,0.286755,0.000284431,77,1.02462
35350,3.3204,,,0.297743,0.000284257,77,0.576817
35379,3.3228,,,0.278571,0.000284083,77,0.684454
35408,3.3251,,,0.275979,0.000283909,77,0.659357
35411,3.3303,0.282055,0.283064,,,77,
35437,3.3328,,,0.281685,0.000283735,78,0.672625
35466,3.3352,,,0.269721,0.000283561,78,0.669249
35495,3.3375,,,0.287623,0.000283386,78,0.747051
35524,3.3400,,,0.277752,0.000283212,78,0.517755
35553,3.3425,,,0.304166,0.000283038,78,0.657664
35582,3.3449,,,0.275175,0.000282863,78,0.933033
35611,3.3474,,,0.272847,0.000282688,78,0.597805
35640,3.3498,,,0.27428,0.000282514,78,0.663485
35669,3.3521,,,0.278853,0.000282339,78,0.597266
35698,3.3545,,,0.290125,0.000282164,78,0.792778
35727,3.3569,,,0.273166,0.000281989,78,0.617743
35756,3.3593,,,0.285612,0.000281814,78,0.672404
35785,3.3617,,,0.286273,0.000281639,78,0.692655
35814,3.3641,,,0.286225,0.000281464,78,0.588736
35843,3.3665,,,0.287562,0.000281289,78,0.521154
35865,3.3731,0.280715,0.282562,,,78,
35872,3.3740,,,0.280898,0.000281114,79,0.751828
35901,3.3764,,,0.28424,0.000280938,79,0.773686
35930,3.3787,,,0.309895,0.000280763,79,0.729411
35959,3.3811,,,0.284704,0.000280587,79,0.523977
35988,3.3835,,,0.286848,0.000280412,79,0.558351
36017,3.3859,,,0.29088,0.000280236,79,0.652038
36046,3.3882,,,0.280715,0.00028006,79,0.557155
36075,3.3906,,,0.283767,0.000279885,79,0.528033
36104,3.3930,,,0.280179,0.000279709,79,0.670627
36133,3.3954,,,0.279182,0.000279533,79,0.700012
36162,3.3977,,,0.283819,0.000279357,79,0.675197
36191,3.4001,,,0.281611,0.000279181,79,0.454779
36220,3.4025,,,0.270977,0.000279004,79,0.658359
36249,3.4049,,,0.289924,0.000278828,79,0.635057
36278,3.4072,,,0.267509,0.000278652,79,0.694468
36307,3.4096,,,0.279002,0.000278476,79,0.697236
36319,3.4154,0.281403,0.282141,,,79,
36336,3.4172,,,0.295926,0.000278299,80,0.986568
36365,3.4196,,,0.275645,0.000278123,80,0.738606
36394,3.4220,,,0.283035,0.000277946,80,0.691274
36423,3.4244,,,0.264894,0.000277769,80,1.00507
36452,3.4268,,,0.286253,0.000277593,80,0.845446
36481,3.4291,,,0.2685,0.000277416,80,0.666445
36510,3.4315,,,0.280349,0.000277239,80,0.73047
36539,3.4339,,,0.287269,0.000277062,80,0.88967
36568,3.4363,,,0.273806,0.000276885,80,0.932909
36597,3.4387,,,0.28557,0.000276708,80,0.549176
36626,3.4410,,,0.279199,0.000276531,80,0.666699
36655,3.4434,,,0.285015,0.000276353,80,0.796251
36684,3.4458,,,0.27449,0.000276176,80,0.779031
36713,3.4482,,,0.286211,0.000275999,80,0.55318
36742,3.4506,,,0.263551,0.000275821,80,0.674801
36771,3.4529,,,0.283621,0.000275644,80,0.464823
36773,3.4580,0.280615,0.282165,,,80,
36800,3.4605,,,0.282605,0.000275466,81,0.838178
36829,3.4629,,,0.282235,0.000275288,81,0.533493
36858,3.4652,,,0.278154,0.000275111,81,0.800506
36887,3.4676,,,0.269632,0.000274933,81,0.807642
36916,3.4700,,,0.266512,0.000274755,81,0.496015
36945,3.4724,,,0.295467,0.000274577,81,0.499239
36974,3.4747,,,0.282351,0.000274399,81,0.611175
37003,3.4771,,,0.296139,0.000274221,81,0.576291
37032,3.4795,,,0.282756,0.000274043,81,0.483096
37061,3.4819,,,0.287267,0.000273865,81,0.671332
37090,3.4842,,,0.307176,0.000273686,81,0.755545
37119,3.4866,,,0.273113,0.000273508,81,0.567053
37148,3.4890,,,0.260884,0.00027333,81,1.48663
37177,3.4914,,,0.277868,0.000273151,81,0.700527
37206,3.4938,,,0.308123,0.000272973,81,0.896336
37227,3.5003,0.280528,0.282059,,,81,
37235,3.5013,,,0.278454,0.000272794,82,0.72898
37264,3.5037,,,0.291004,0.000272615,82,0.710763
37293,3.5060,,,0.275802,0.000272437,82,0.51839
37322,3.5085,,,0.270772,0.000272258,82,0.593805
37351,3.5108,,,0.271684,0.000272079,82,0.729621
37380,3.5132,,,0.296408,0.0002719,82,0.548429
37409,3.5157,,,0.279381,0.000271721,82,0.525162
37438,3.5180,,,0.28342,0.000271542,82,0.529181
37467,3.5205,,,0.302881,0.000271363,82,0.555581
37496,3.5229,,,0.289571,0.000271183,82,0.71299
37525,3.5253,,,0.304196,0.000271004,82,0.887876
37554,3.5278,,,0.28465,0.000270825,82,0.895593
37583,3.5302,,,0.268239,0.000270645,82,0.59849
37612,3.5325,,,0.282516,0.000270466,82,0.573059
37641,3.5349,,,0.278973,0.000270286,82,0.699998
37670,3.5373,,,0.289987,0.000270107,82,0.70465
37681,3.5430,0.279425,0.281563,,,82,
37699,3.5449,,,0.270803,0.000269927,83,0.567175
37728,3.5472,,,0.275761,0.000269747,83,0.602017
37757,3.5496,,,0.298277,0.000269568,83,0.56179
37786,3.5520,,,0.284423,0.000269388,83,0.87518
37815,3.5544,,,0.278955,0.000269208,83,0.543755
37844,3.5568,,,0.282931,0.000269028,83,1.176
37873,3.5592,,,0.286029,0.000268848,83,0.713208
37902,3.5615,,,0.301541,0.000268668,83,1.16707
37931,3.5639,,,0.311878,0.000268488,83,0.843898
37960,3.5663,,,0.272089,0.000268307,83,0.57442
37989,3.5687,,,0.260866,0.000268127,83,0.5046
38018,3.5710,,,0.274964,0.000267947,83,0.896147
38047,3.5734,,,0.268974,0.000267766,83,0.481327
38076,3.5758,,,0.289739,0.000267586,83,0.822466
38105,3.5782,,,0.280465,0.000267405,83,0.776421
38134,3.5805,,,0.280889,0.000267225,83,0.826165
38135,3.5855,0.28005,0.281419,,,83,
38163,3.5881,,,0.283304,0.000267044,84,0.740168
38192,3.5905,,,0.273158,0.000266863,84,0.818513
38221,3.5929,,,0.285855,0.000266682,84,0.710467
38250,3.5953,,,0.29923,0.000266502,84,0.69189
38279,3.5977,,,0.282826,0.000266321,84,0.549832
38308,3.6000,,,0.277359,0.00026614,84,0.477823
38337,3.6024,,,0.282497,0.000265959,84,1.04979
38366,3.6048,,,0.292428,0.000265777,84,0.938062
38395,3.6072,,,0.286498,0.000265596,84,0.758311
38424,3.6095,,,0.281398,0.000265415,84,0.614553
38453,3.6119,,,0.282337,0.000265234,84,0.633645
38482,3.6143,,,0.285346,0.000265052,84,0.747444
38511,3.6167,,,0.288762,0.000264871,84,0.696118
38540,3.6191,,,0.29189,0.00026469,84,0.740633
38569,3.6214,,,0.274377,0.000264508,84,1.35672
38589,3.6279,0.280306,0.281789,,,84,
38598,3.6290,,,0.287716,0.000264327,85,0.716344
38627,3.6313,,,0.279671,0.000264145,85,0.624828
38656,3.6337,,,0.28758,0.000263963,85,0.800488
38685,3.6361,,,0.270243,0.000263781,85,0.486047
38714,3.6385,,,0.293858,0.0002636,85,0.556638
38743,3.6409,,,0.29073,0.000263418,85,0.728131
38772,3.6432,,,0.287506,0.000263236,85,0.880822
38801,3.6456,,,0.280587,0.000263054,85,3.7517
38830,3.6480,,,0.288492,0.000262872,85,1.39209
38859,3.6504,,,0.287768,0.00026269,85,0.680283
38888,3.6527,,,0.2786,0.000262507,85,0.65495
38917,3.6551,,,0.251443,0.000262325,85,0.701223
38946,3.6575,,,0.303973,0.000262143,85,0.935284
38975,3.6599,,,0.282558,0.000261961,85,0.544086
39004,3.6623,,,0.284821,0.000261778,85,0.547423
39033,3.6646,,,0.283767,0.000261596,85,0.492832
39043,3.6703,0.280174,0.280864,,,85,
39062,3.6722,,,0.271582,0.000261413,86,1.53952
39091,3.6746,,,0.271113,0.000261231,86,0.534537
39120,3.6769,,,0.277397,0.000261048,86,0.523869
39149,3.6793,,,0.265669,0.000260865,86,0.596663
39178,3.6817,,,0.294975,0.000260683,86,0.501402
39207,3.6841,,,0.291124,0.0002605,86,0.603085
39236,3.6865,,,0.291507,0.000260317,86,0.584402
39265,3.6889,,,0.278829,0.000260134,86,0.541949
39294,3.6913,,,0.275404,0.000259951,86,0.625776
39323,3.6936,,,0.279042,0.000259768,86,0.593742
39352,3.6961,,,0.290803,0.000259585,86,0.593747
39381,3.6985,,,0.263764,0.000259402,86,0.576194
39410,3.7009,,,0.275142,0.000259219,86,0.591298
39439,3.7034,,,0.288618,0.000259036,86,0.979846
39468,3.7058,,,0.289893,0.000258852,86,0.853744
39497,3.7130,0.279896,0.280812,0.269665,0.000258669,86,0.54786
39526,3.7157,,,0.27801,0.000258486,87,0.878469
39555,3.7181,,,0.272461,0.000258302,87,0.733773
39584,3.7204,,,0.276459,0.000258119,87,0.688227
39613,3.7228,,,0.287034,0.000257935,87,0.806542
39642,3.7253,,,0.276609,0.000257751,87,0.728871
39671,3.7276,,,0.27901,0.000257568,87,0.735536
39700,3.7300,,,0.27917,0.000257384,87,0.742328
39729,3.7324,,,0.276763,0.0002572,87,0.683897
39758,3.7348,,,0.279478,0.000257017,87,0.528898
39787,3.7372,,,0.292762,0.000256833,87,0.541998
39816,3.7395,,,0.279141,0.000256649,87,0.616296
39845,3.7419,,,0.267315,0.000256465,87,0.541042
39874,3.7443,,,0.276388,0.000256281,87,0.603837
39903,3.7467,,,0.286937,0.000256097,87,0.540544
39932,3.7490,,,0.283278,0.000255913,87,0.80092
39951,3.7554,0.279112,0.280596,,,87,
39961,3.7566,,,0.271813,0.000255728,88,0.608635
39990,3.7590,,,0.287015,0.000255544,88,0.537236
40019,3.7614,,,0.283911,0.00025536,88,0.597261
40048,3.7638,,,0.273944,0.000255176,88,0.497153
40077,3.7662,,,0.279454,0.000254991,88,0.596406
40106,3.7686,,,0.292502,0.000254807,88,0.589096
40135,3.7710,,,0.2559,0.000254622,88,0.582729
40164,3.7734,,,0.280806,0.000254438,88,0.58184
40193,3.7757,,,0.287841,0.000254253,88,0.571771
40222,3.7781,,,0.273978,0.000254068,88,0.813368
40251,3.7805,,,0.276773,0.000253884,88,0.811204
40280,3.7829,,,0.273654,0.000253699,88,0.505016
40309,3.7853,,,0.271999,0.000253514,88,0.53958
40338,3.7876,,,0.256193,0.000253329,88,0.482632
40367,3.7900,,,0.290419,0.000253145,88,0.517413
40396,3.7924,,,0.276564,0.00025296,88,0.588023
40405,3.7980,0.279962,0.27968,,,88,
40425,3.7999,,,0.290344,0.000252775,89,1.15927
40454,3.8023,,,0.269936,0.00025259,89,0.57529
40483,3.8047,,,0.289721,0.000252405,89,0.587348
40512,3.8071,,,0.291666,0.000252219,89,0.533018
40541,3.8095,,,0.295671,0.000252034,89,0.546459
40570,3.8118,,,0.298933,0.000251849,89,0.741909
40599,3.8142,,,0.300358,0.000251664,89,1.00977
40628,3.8166,,,0.268466,0.000251478,89,0.784175
40657,3.8190,,,0.282848,0.000251293,89,0.657559
40686,3.8214,,,0.284967,0.000251108,89,0.826125
40715,3.8238,,,0.280076,0.000250922,89,0.696317
40744,3.8262,,,0.26235,0.000250737,89,0.508424
40773,3.8286,,,0.278546,0.000250551,89,1.02741
40802,3.8309,,,0.277767,0.000250365,89,0.67553
40831,3.8333,,,0.274402,0.00025018,89,0.525846
40859,3.8404,0.278456,0.280169,,,89,
40860,3.8409,,,0.273999,0.000249994,90,0.587372
40889,3.8432,,,0.295918,0.000249808,90,0.578347
40918,3.8456,,,0.283885,0.000249623,90,0.745387
40947,3.8480,,,0.275113,0.000249437,90,0.923911
40976,3.8504,,,0.289185,0.000249251,90,0.961114
41005,3.8528,,,0.287562,0.000249065,90,0.658857
41034,3.8551,,,0.280623,0.000248879,90,0.484994
41063,3.8575,,,0.293188,0.000248693,90,0.846961
41092,3.8599,,,0.298142,0.000248507,90,0.561193
41121,3.8623,,,0.289182,0.000248321,90,0.711544
41150,3.8647,,,0.285007,0.000248135,90,0.73308
41179,3.8671,,,0.28295,0.000247949,90,1.02601
41208,3.8695,,,0.281607,0.000247762,90,0.575191
41237,3.8719,,,0.287205,0.000247576,90,0.656803
41266,3.8743,,,0.280643,0.00024739,90,0.73992
41295,3.8767,,,0.291184,0.000247203,90,0.588203
41313,3.8830,0.277691,0.279551,,,90,
41324,3.8843,,,0.279458,0.000247017,91,0.508679
41353,3.8867,,,0.27735,0.000246831,91,0.556241
41382,3.8891,,,0.289641,0.000246644,91,0.911214
41411,3.8914,,,0.285048,0.000246458,91,0.642882
41440,3.8939,,,0.29019,0.000246271,91,0.700498
41469,3.8962,,,0.281276,0.000246084,91,0.842296
41498,3.8986,,,0.24907,0.000245898,91,0.687368
41527,3.9010,,,0.269286,0.000245711,91,1.20299
41556,3.9034,,,0.287625,0.000245524,91,0.773624
41585,3.9058,,,0.271937,0.000245337,91,0.606322
41614,3.9082,,,0.288786,0.000245151,91,0.574299
41643,3.9106,,,0.28096,0.000244964,91,0.727319
41672,3.9129,,,0.281578,0.000244777,91,0.460004
41701,3.9153,,,0.286938,0.00024459,91,0.641052
41730,3.9177,,,0.272972,0.000244403,91,0.528098
41759,3.9200,,,0.284676,0.000244216,91,0.571071
41767,3.9256,0.277895,0.279338,,,91,
41788,3.9276,,,0.280992,0.000244029,92,0.964653
41817,3.9300,,,0.26915,0.000243842,92,0.4798
41846,3.9324,,,0.261198,0.000243654,92,0.588672
41875,3.9347,,,0.259074,0.000243467,92,0.527132
41904,3.9371,,,0.269093,0.00024328,92,0.498185
41933,3.9395,,,0.283351,0.000243093,92,0.82499
41962,3.9419,,,0.288123,0.000242905,92,0.857166
41991,3.9442,,,0.289476,0.000242718,92,0.757618
42020,3.9466,,,0.304568,0.000242531,92,0.61218
42049,3.9490,,,0.293437,0.000242343,92,0.722611
42078,3.9514,,,0.282923,0.000242156,92,0.663755
42107,3.9538,,,0.273597,0.000241968,92,0.673254
42136,3.9562,,,0.266023,0.000241781,92,0.431758
42165,3.9586,,,0.261715,0.000241593,92,0.731177
42194,3.9609,,,0.273585,0.000241405,92,0.558282
42221,3.9679,0.278681,0.278867,,,92,
42223,3.9685,,,0.279816,0.000241218,93,0.677342
42252,3.9709,,,0.272375,0.00024103,93,0.714076
42281,3.9733,,,0.270722,0.000240842,93,0.510217
42310,3.9757,,,0.27328,0.000240655,93,0.532937
42339,3.9780,,,0.273965,0.000240467,93,0.488413
42368,3.9804,,,0.288645,0.000240279,93,0.507435
42397,3.9828,,,0.275808,0.000240091,93,1.15275
42426,3.9852,,,0.270772,0.000239903,93,0.729584
42455,3.9876,,,0.290694,0.000239715,93,0.524138
42484,3.9900,,,0.29869,0.000239527,93,0.851119
42513,3.9924,,,0.279156,0.000239339,93,0.560135
42542,3.9948,,,0.282946,0.000239151,93,1.83613
42571,3.9972,,,0.280119,0.000238963,93,0.674036
42600,3.9996,,,0.273488,0.000238775,93,0.480489
42629,4.0020,,,0.278354,0.000238587,93,0.633454
42658,4.0044,,,0.28549,0.000238398,93,0.881112
42675,4.0106,0.278584,0.2792,,,93,
42687,4.0119,,,0.284905,0.00023821,94,0.609274
42716,4.0143,,,0.287245,0.000238022,94,0.627486
42745,4.0167,,,0.284088,0.000237834,94,0.65382
42774,4.0191,,,0.273757,0.000237645,94,0.713402
42803,4.0215,,,0.296244,0.000237457,94,0.666057
42832,4.0239,,,0.271734,0.000237268,94,0.607185
42861,4.0263,,,0.267788,0.00023708,94,0.917917
42890,4.0287,,,0.281393,0.000236891,94,0.613069
42919,4.0311,,,0.281289,0.000236703,94,0.545888
42948,4.0335,,,0.303146,0.000236514,94,0.648494
42977,4.0359,,,0.273161,0.000236326,94,0.863797
43006,4.0382,,,0.27035,0.000236137,94,0.513272
43035,4.0406,,,0.293009,0.000235948,94,0.690816
43064,4.0430,,,0.268367,0.00023576,94,2.97437
43093,4.0454,,,0.277486,0.000235571,94,0.524381
43122,4.0478,,,0.282867,0.000235382,94,0.8169
43129,4.0533,0.278308,0.279026,,,94,
43151,4.0555,,,0.280548,0.000235193,95,0.485449
43180,4.0579,,,0.288482,0.000235005,95,0.460143
43209,4.0604,,,0.271409,0.000234816,95,0.551767
43238,4.0628,,,0.28452,0.000234627,95,0.706359
43267,4.0652,,,0.271126,0.000234438,95,0.590641
43296,4.0677,,,0.264206,0.000234249,95,0.48054
43325,4.0701,,,0.280458,0.00023406,95,0.495601
43354,4.0725,,,0.26619,0.000233871,95,0.622766
43383,4.0749,,,0.27297,0.000233682,95,0.537995
43412,4.0773,,,0.275925,0.000233493,95,0.640385
43441,4.0797,,,0.264447,0.000233304,95,4.88252
43470,4.0821,,,0.295253,0.000233115,95,0.488553
43499,4.0846,,,0.299302,0.000232925,95,0.585603
43528,4.0870,,,0.283257,0.000232736,95,0.849842
43557,4.0894,,,0.296136,0.000232547,95,0.574658
43583,4.0963,0.277656,0.278552,,,95,
43586,4.0969,,,0.258807,0.000232358,96,0.565634
43615,4.0993,,,0.282907,0.000232168,96,0.658206
43644,4.1017,,,0.276628,0.000231979,96,3.74326
43673,4.1041,,,0.276247,0.00023179,96,0.597909
43702,4.1065,,,0.280988,0.0002316,96,0.852342
43731,4.1089,,,0.278147,0.000231411,96,1.11123
43760,4.1113,,,0.276212,0.000231222,96,0.86434
43789,4.1137,,,0.263542,0.000231032,96,0.560363
43818,4.1161,,,0.26388,0.000230843,96,0.491549
43847,4.1185,,,0.299998,0.000230653,96,0.780846
43876,4.1209,,,0.278643,0.000230464,96,0.620573
43905,4.1233,,,0.285893,0.000230274,96,0.539609
43934,4.1257,,,0.282188,0.000230084,96,0.540799
43963,4.1281,,,0.278526,0.000229895,96,0.879293
43992,4.1305,,,0.302843,0.000229705,96,0.727539
44021,4.1329,,,0.286378,0.000229515,96,0.494148
44037,4.1390,0.277415,0.278402,,,96,
44050,4.1404,,,0.27022,0.000229326,97,0.480196
44079,4.1428,,,0.268859,0.000229136,97,0.492584
44108,4.1452,,,0.278016,0.000228946,97,0.671027
44137,4.1476,,,0.285595,0.000228756,97,0.456394
44166,4.1500,,,0.289786,0.000228567,97,0.777487
44195,4.1524,,,0.294882,0.000228377,97,0.878089
44224,4.1548,,,0.293308,0.000228187,97,0.575421
44253,4.1572,,,0.280335,0.000227997,97,0.487958
44282,4.1596,,,0.271152,0.000227807,97,0.55881
44311,4.1620,,,0.284723,0.000227617,97,0.623668
44340,4.1644,,,0.256911,0.000227427,97,0.560678
44369,4.1668,,,0.295939,0.000227237,97,0.546583
44398,4.1692,,,0.266681,0.000227047,97,0.733615
44427,4.1716,,,0.27008,0.000226857,97,0.625212
44456,4.1740,,,0.252165,0.000226667,97,0.435297
44485,4.1763,,,0.293609,0.000226477,97,0.745744
44491,4.1817,0.27738,0.27811,,,97,
44514,4.1840,,,0.295463,0.000226287,98,0.515464
44543,4.1864,,,0.281534,0.000226096,98,0.57694
44572,4.1888,,,0.291449,0.000225906,98,0.733915
44601,4.1911,,,0.286776,0.000225716,98,0.624807
44630,4.1935,,,0.274795,0.000225526,98,0.516537
44659,4.1959,,,0.273619,0.000225336,98,0.491392
44688,4.1983,,,0.2623,0.000225145,98,0.528668
44717,4.2007,,,0.287706,0.000224955,98,0.682841
44746,4.2031,,,0.282384,0.000224765,98,0.736702
44775,4.2055,,,0.282514,0.000224574,98,0.922769
44804,4.2079,,,0.28946,0.000224384,98,0.828886
44833,4.2103,,,0.252061,0.000224194,98,0.533878
44862,4.2127,,,0.276271,0.000224003,98,0.545073
44891,4.2151,,,0.264167,0.000223813,98,2.9814
44920,4.2175,,,0.283008,0.000223622,98,0.656946
44945,4.2244,0.277911,0.277802,,,98,
44949,4.2251,,,0.272919,0.000223432,99,1.2176
44978,4.2275,,,0.28464,0.000223241,99,0.514264
45007,4.2299,,,0.283074,0.000223051,99,0.53273
45036,4.2323,,,0.27743,0.00022286,99,0.707064
45065,4.2347,,,0.259301,0.00022267,99,0.597252
45094,4.2372,,,0.270835,0.000222479,99,0.739709
45123,4.2396,,,0.275473,0.000222289,99,1.60578
45152,4.2420,,,0.269539,0.000222098,99,0.5001
45181,4.2444,,,0.270226,0.000221907,99,0.505582
45210,4.2469,,,0.268391,0.000221717,99,0.800621
45239,4.2493,,,0.274008,0.000221526,99,0.515048
45268,4.2517,,,0.262735,0.000221335,99,0.621685
45297,4.2541,,,0.258959,0.000221145,99,0.578021
45326,4.2566,,,0.283725,0.000220954,99,0.518273
45355,4.2590,,,0.279593,0.000220763,99,1.6113
45384,4.2614,,,0.276093,0.000220572,99,0.50532
45399,4.2675,0.277548,0.277679,,,99,
45413,4.2693,,,0.261193,0.000220382,100,0.497119
45442,4.2718,,,0.280996,0.000220191,100,0.551667
45471,4.2742,,,0.277655,0.00022,100,0.760907
45500,4.2766,,,0.283497,0.000219809,100,0.795437
45529,4.2790,,,0.274781,0.000219618,100,0.591564
45558,4.2814,,,0.28389,0.000219427,100,0.692034
45587,4.2838,,,0.285488,0.000219236,100,0.653096
45616,4.2862,,,0.266723,0.000219046,100,0.53136
45645,4.2886,,,0.284455,0.000218855,100,0.677965
45674,4.2911,,,0.297901,0.000218664,100,0.827621
45703,4.2935,,,0.277059,0.000218473,100,0.708494
45732,4.2960,,,0.283369,0.000218282,100,0.552258
45761,4.2984,,,0.276772,0.000218091,100,0.570855
45790,4.3008,,,0.276834,0.0002179,100,0.546329
45819,4.3032,,,0.259625,0.000217709,100,0.492852
45848,4.3056,,,0.267891,0.000217518,100,0.641006
45853,4.3110,0.277366,0.277575,,,100,
45877,4.3133,,,0.282427,0.000217326,101,0.645001
45906,4.3157,,,0.295048,0.000217135,101,0.515165
45935,4.3181,,,0.281122,0.000216944,101,0.569501
45964,4.3205,,,0.274948,0.000216753,101,0.666175
45993,4.3229,,,0.268766,0.000216562,101,0.699381
46022,4.3253,,,0.266487,0.000216371,101,0.582768
46051,4.3277,,,0.284916,0.00021618,101,0.903122
46080,4.3302,,,0.29127,0.000215989,101,0.735681
46109,4.3326,,,0.269992,0.000215797,101,0.600293
46138,4.3350,,,0.255585,0.000215606,101,0.439078
46167,4.3374,,,0.286758,0.000215415,101,0.613928
46196,4.3398,,,0.290775,0.000215224,101,0.738725
46225,4.3422,,,0.277323,0.000215032,101,0.692443
46254,4.3446,,,0.27741,0.000214841,101,0.99622
46283,4.3470,,,0.281357,0.00021465,101,0.71789
46307,4.3538,0.276596,0.277087,,,101,
46312,4.3546,,,0.27178,0.000214459,102,0.565458
46341,4.3570,,,0.260105,0.000214267,102,0.481669
46370,4.3594,,,0.275528,0.000214076,102,0.512279
46399,4.3618,,,0.279423,0.000213885,102,0.562584
46428,4.3643,,,0.27143,0.000213693,102,0.603327
46457,4.3667,,,0.279377,0.000213502,102,0.740889
46486,4.3691,,,0.282764,0.000213311,102,0.593673
46515,4.3715,,,0.277316,0.000213119,102,0.652595
46544,4.3739,,,0.287685,0.000212928,102,0.500525
46573,4.3763,,,0.265184,0.000212736,102,0.554168
46602,4.3787,,,0.260252,0.000212545,102,0.476048
46631,4.3811,,,0.265425,0.000212353,102,0.622753
46660,4.3836,,,0.263442,0.000212162,102,0.637979
46689,4.3860,,,0.276689,0.000211971,102,0.603254
46718,4.3884,,,0.27916,0.000211779,102,1.18731
46747,4.3908,,,0.265203,0.000211588,102,0.601482
46761,4.3968,0.276499,0.276837,,,102,
46776,4.3984,,,0.285488,0.000211396,103,0.611846
46805,4.4008,,,0.26792,0.000211205,103,0.436449
46834,4.4032,,,0.298539,0.000211013,103,0.658972
46863,4.4056,,,0.269128,0.000210822,103,0.690547
46892,4.4080,,,0.255644,0.00021063,103,0.385037
46921,4.4105,,,0.268572,0.000210439,103,0.533393
46950,4.4129,,,0.278207,0.000210247,103,0.549662
46979,4.4153,,,0.259474,0.000210055,103,0.458856
47008,4.4178,,,0.27377,0.000209864,103,0.524625
47037,4.4203,,,0.283358,0.000209672,103,0.69741
47066,4.4227,,,0.277886,0.000209481,103,0.763782
47095,4.4251,,,0.285809,0.000209289,103,0.631397
47124,4.4277,,,0.271152,0.000209098,103,0.563321
47153,4.4301,,,0.276503,0.000208906,103,0.640998
47182,4.4325,,,0.301833,0.000208714,103,0.529314
47211,4.4349,,,0.282316,0.000208523,103,0.594723
47215,4.4401,0.276751,0.276686,,,103,
47240,4.4426,,,0.272703,0.000208331,104,0.450419
47269,4.4450,,,0.27322,0.000208139,104,5.9844
47298,4.4475,,,0.283664,0.000207948,104,0.540654
47327,4.4499,,,0.278985,0.000207756,104,0.424169
47356,4.4523,,,0.286561,0.000207564,104,0.749596
47385,4.4547,,,0.278381,0.000207373,104,0.62196
47414,4.4571,,,0.281789,0.000207181,104,0.472991
47443,4.4595,,,0.268628,0.000206989,104,0.544075
47472,4.4620,,,0.256652,0.000206798,104,0.557274
47501,4.4644,,,0.292216,0.000206606,104,0.689359
47530,4.4668,,,0.271052,0.000206414,104,0.531842
47559,4.4692,,,0.272757,0.000206223,104,0.463637
47588,4.4717,,,0.272796,0.000206031,104,0.452601
47617,4.4741,,,0.287832,0.000205839,104,0.930172
47646,4.4765,,,0.273836,0.000205648,104,0.472621
47669,4.4832,0.276117,0.277076,,,104,
47675,4.4841,,,0.278248,0.000205456,105,0.543289
47704,4.4865,,,0.29222,0.000205264,105,0.638289
47733,4.4890,,,0.285121,0.000205072,105,0.532049
47762,4.4914,,,0.275471,0.000204881,105,0.63795
47791,4.4938,,,0.304589,0.000204689,105,0.737012
47820,4.4962,,,0.269539,0.000204497,105,0.484767
47849,4.4986,,,0.256752,0.000204305,105,0.489389
47878,4.5011,,,0.281492,0.000204114,105,0.46406
47907,4.5035,,,0.250757,0.000203922,105,0.524289
47936,4.5059,,,0.280869,0.00020373,105,0.749
47965,4.5083,,,0.261855,0.000203538,105,0.445012
47994,4.5107,,,0.283486,0.000203346,105,0.658488
48023,4.5131,,,0.298459,0.000203155,105,0.556211
48052,4.5156,,,0.281292,0.000202963,105,0.764184
48081,4.5180,,,0.273721,0.000202771,105,0.514424
48110,4.5204,,,0.277728,0.000202579,105,0.721815
48123,4.5263,0.27649,0.275961,,,105,
48139,4.5280,,,0.275686,0.000202388,106,0.547511
48168,4.5304,,,0.28325,0.000202196,106,0.569641
48197,4.5328,,,0.280868,0.000202004,106,0.700634
48226,4.5352,,,0.266902,0.000201812,106,0.502619
48255,4.5377,,,0.272916,0.00020162,106,0.73437
48284,4.5401,,,0.274177,0.000201429,106,0.403023
48313,4.5425,,,0.266134,0.000201237,106,0.458801
48342,4.5449,,,0.27155,0.000201045,106,0.471817
48371,4.5473,,,0.28514,0.000200853,106,0.693891
48400,4.5497,,,0.272649,0.000200661,106,0.664836
48429,4.5521,,,0.252329,0.00020047,106,0.495463
48458,4.5546,,,0.27639,0.000200278,106,0.558471
48487,4.5570,,,0.275943,0.000200086,106,0.684055
48516,4.5594,,,0.266108,0.000199894,106,0.543049
48545,4.5618,,,0.274216,0.000199702,106,0.919424
48574,4.5642,,,0.272695,0.000199511,106,0.778285
48577,4.5693,0.279577,0.276189,,,106,
48603,4.5718,,,0.278557,0.000199319,107,0.664116
48632,4.5742,,,0.271249,0.000199127,107,1.01564
48661,4.5767,,,0.274742,0.000198935,107,0.641196
48690,4.5791,,,0.29124,0.000198743,107,0.644871
48719,4.5815,,,0.256907,0.000198552,107,0.508411
48748,4.5839,,,0.26127,0.00019836,107,0.462251
48777,4.5863,,,0.292867,0.000198168,107,0.518148
48806,4.5887,,,0.26761,0.000197976,107,0.566623
48835,4.5911,,,0.288528,0.000197784,107,0.65539
48864,4.5936,,,0.278731,0.000197593,107,0.42382
48893,4.5960,,,0.27357,0.000197401,107,1.46725
48922,4.5985,,,0.277733,0.000197209,107,0.605514
48951,4.6009,,,0.296675,0.000197017,107,0.603983
48980,4.6034,,,0.27259,0.000196825,107,0.598372
49009,4.6058,,,0.286729,0.000196634,107,0.437446
49031,4.6125,0.276948,0.275528,,,107,
49038,4.6135,,,0.280619,0.000196442,108,0.59468
49067,4.6159,,,0.293244,0.00019625,108,0.633885
49096,4.6183,,,0.266963,0.000196058,108,0.517268
49125,4.6208,,,0.271937,0.000195867,108,0.615799
49154,4.6232,,,0.274602,0.000195675,108,0.828307
49183,4.6256,,,0.265518,0.000195483,108,0.427492
49212,4.6281,,,0.260389,0.000195291,108,0.551386
49241,4.6305,,,0.299514,0.0001951,108,0.56762
49270,4.6329,,,0.266028,0.000194908,108,0.449962
49299,4.6353,,,0.275389,0.000194716,108,0.601931
49328,4.6378,,,0.268251,0.000194524,108,0.540592
49357,4.6402,,,0.26168,0.000194333,108,0.456309
49386,4.6426,,,0.280903,0.000194141,108,0.476577
49415,4.6451,,,0.266028,0.000193949,108,0.519424
49444,4.6475,,,0.295964,0.000193758,108,1.73317
49473,4.6499,,,0.260388,0.000193566,108,0.6977
49485,4.6557,0.275444,0.275554,,,108,
49502,4.6575,,,0.274461,0.000193374,109,0.580638
49531,4.6599,,,0.294315,0.000193182,109,0.872549
49560,4.6623,,,0.289556,0.000192991,109,0.51605
49589,4.6647,,,0.286825,0.000192799,109,0.455213
49618,4.6671,,,0.267988,0.000192607,109,0.465049
49647,4.6695,,,0.263165,0.000192416,109,0.583837
49676,4.6720,,,0.264446,0.000192224,109,0.582993
49705,4.6744,,,0.272249,0.000192032,109,0.49036
49734,4.6768,,,0.268538,0.000191841,109,0.577387
49763,4.6792,,,0.273136,0.000191649,109,0.463586
49792,4.6816,,,0.281275,0.000191457,109,0.871667
49821,4.6840,,,0.270084,0.000191266,109,0.473278
49850,4.6864,,,0.277851,0.000191074,109,0.707645
49879,4.6889,,,0.272551,0.000190883,109,0.523876
49908,4.6913,,,0.258795,0.000190691,109,0.429544
49937,4.6936,,,0.283709,0.000190499,109,0.557558
49939,4.6987,0.275399,0.275238,,,109,
49966,4.7013,,,0.270523,0.000190308,110,0.685798
49995,4.7037,,,0.285297,0.000190116,110,0.573506
50024,4.7061,,,0.272977,0.000189925,110,0.443326
50053,4.7085,,,0.278256,0.000189733,110,0.977436
50082,4.7109,,,0.268264,0.000189542,110,0.600659
50111,4.7133,,,0.268531,0.00018935,110,0.580589
50140,4.7158,,,0.27766,0.000189159,110,0.527468
50169,4.7182,,,0.292156,0.000188967,110,0.585623
50198,4.7206,,,0.26644,0.000188776,110,0.538656
50227,4.7230,,,0.28465,0.000188584,110,0.549995
50256,4.7254,,,0.277148,0.000188393,110,1.24232
50285,4.7278,,,0.282686,0.000188201,110,0.585098
50314,4.7302,,,0.284873,0.00018801,110,0.556524
50343,4.7326,,,0.251457,0.000187818,110,0.666845
50372,4.7351,,,0.282714,0.000187627,110,0.53828
50393,4.7416,0.276421,0.2751,,,110,
50401,4.7426,,,0.262683,0.000187435,111,0.446256
50430,4.7451,,,0.281349,0.000187244,111,0.787871
50459,4.7475,,,0.291778,0.000187052,111,0.558599
50488,4.7499,,,0.277718,0.000186861,111,0.443996
50517,4.7523,,,0.272812,0.00018667,111,0.538669
50546,4.7547,,,0.283937,0.000186478,111,1.38027
50575,4.7571,,,0.279309,0.000186287,111,0.472978
50604,4.7595,,,0.300207,0.000186096,111,0.561891
50633,4.7619,,,0.276735,0.000185904,111,0.564103
50662,4.7644,,,0.283194,0.000185713,111,0.498648
50691,4.7668,,,0.256078,0.000185522,111,0.510208
50720,4.7692,,,0.277036,0.00018533,111,0.925157
50749,4.7716,,,0.285967,0.000185139,111,0.622767
50778,4.7741,,,0.260621,0.000184948,111,1.98795
50807,4.7765,,,0.273018,0.000184757,111,0.568533
50836,4.7789,,,0.274398,0.000184565,111,0.427341
50847,4.7847,0.274916,0.274525,,,111,
50865,4.7865,,,0.281787,0.000184374,112,1.00458
50894,4.7890,,,0.269539,0.000184183,112,0.859926
50923,4.7914,,,0.280506,0.000183992,112,0.572963
50952,4.7939,,,0.260337,0.000183801,112,0.752041
50981,4.7964,,,0.263,0.000183609,112,2.54986
51010,4.7988,,,0.268254,0.000183418,112,0.443404
51039,4.8012,,,0.285373,0.000183227,112,0.881841
51068,4.8036,,,0.274635,0.000183036,112,0.49865
51097,4.8061,,,0.260001,0.000182845,112,0.550947
51126,4.8086,,,0.282638,0.000182654,112,0.464336
51155,4.8110,,,0.282842,0.000182463,112,0.874244
51184,4.8134,,,0.27203,0.000182272,112,0.589868
51213,4.8158,,,0.276202,0.000182081,112,0.589596
51242,4.8183,,,0.278811,0.00018189,112,0.534461
51271,4.8207,,,0.265166,0.000181699,112,1.00809
51300,4.8231,,,0.292673,0.000181508,112,0.57558
51301,4.8280,0.274898,0.274741,,,112,
51329,4.8307,,,0.268638,0.000181317,113,0.644519
51358,4.8332,,,0.284715,0.000181126,113,0.898624
51387,4.8356,,,0.269173,0.000180935,113,0.516133
51416,4.8380,,,0.26556,0.000180744,113,0.708184
51445,4.8404,,,0.253795,0.000180553,113,0.375063
51474,4.8428,,,0.278048,0.000180362,113,0.559074
51503,4.8453,,,0.281743,0.000180171,113,0.781996
51532,4.8477,,,0.284094,0.00017998,113,1.84946
51561,4.8501,,,0.268358,0.000179789,113,0.428289
51590,4.8525,,,0.299379,0.000179599,113,1.48655
51619,4.8549,,,0.265102,0.000179408,113,0.521779
51648,4.8573,,,0.268081,0.000179217,113,0.68934
51677,4.8597,,,0.286908,0.000179026,113,0.627338
51706,4.8622,,,0.29816,0.000178836,113,0.826496
51735,4.8646,,,0.274558,0.000178645,113,0.650296
51755,4.8711,0.274958,0.274599,,,113,
51764,4.8722,,,0.284549,0.000178454,114,0.505009
51793,4.8746,,,0.268912,0.000178264,114,0.554099
51822,4.8770,,,0.281244,0.000178073,114,0.575244
51851,4.8794,,,0.268907,0.000177882,114,0.725799
51880,4.8818,,,0.277329,0.000177692,114,0.770749
51909,4.8842,,,0.286448,0.000177501,114,0.437018
51938,4.8866,,,0.284441,0.00017731,114,0.587729
51967,4.8891,,,0.294696,0.00017712,114,0.449029
51996,4.8915,,,0.286502,0.000176929,114,0.482323
52025,4.8939,,,0.303883,0.000176739,114,0.711108
52054,4.8963,,,0.274524,0.000176548,114,0.571914
52083,4.8987,,,0.259859,0.000176358,114,0.438962
52112,4.9011,,,0.268238,0.000176167,114,0.597829
52141,4.9035,,,0.264539,0.000175977,114,5.41505
52170,4.9060,,,0.275601,0.000175787,114,0.654378
52199,4.9084,,,0.263713,0.000175596,114,0.499553
52209,4.9140,0.276076,0.273769,,,114,
52228,4.9159,,,0.281425,0.000175406,115,0.829435
52257,4.9184,,,0.277411,0.000175216,115,0.397563
52286,4.9208,,,0.283319,0.000175025,115,0.772533
52315,4.9232,,,0.268656,0.000174835,115,0.564023
52344,4.9256,,,0.272687,0.000174645,115,0.834884
52373,4.9280,,,0.265175,0.000174454,115,0.509788
52402,4.9304,,,0.275007,0.000174264,115,0.477641
52431,4.9328,,,0.273278,0.000174074,115,0.494465
52460,4.9352,,,0.284617,0.000173884,115,0.575157
52489,4.9376,,,0.26858,0.000173694,115,0.60981
52518,4.9400,,,0.257781,0.000173504,115,0.461021
52547,4.9425,,,0.281465,0.000173313,115,0.524161
52576,4.9449,,,0.268701,0.000173123,115,0.618044
52605,4.9473,,,0.288161,0.000172933,115,0.490974
52634,4.9497,,,0.262613,0.000172743,115,2.27454
52663,4.9570,0.274499,0.273474,0.275342,0.000172553,115,0.402592
52692,4.9597,,,0.271624,0.000172363,116,0.64574
52721,4.9621,,,0.258025,0.000172173,116,0.519335
52750,4.9646,,,0.263171,0.000171983,116,0.750142
52779,4.9670,,,0.292672,0.000171794,116,0.951677
52808,4.9694,,,0.271358,0.000171604,116,0.516045
52837,4.9718,,,0.261219,0.000171414,116,0.532314
52866,4.9742,,,0.248889,0.000171224,116,0.394539
52895,4.9767,,,0.295345,0.000171034,116,0.529765
52924,4.9791,,,0.291079,0.000170844,116,0.410583
52953,4.9815,,,0.277303,0.000170655,116,0.545513
52982,4.9839,,,0.286194,0.000170465,116,0.495818
53011,4.9864,,,0.272027,0.000170275,116,0.659601
53040,4.9888,,,0.260628,0.000170086,116,0.490847
53069,4.9912,,,0.268389,0.000169896,116,0.875285
53098,4.9936,,,0.286238,0.000169706,116,0.58776
53117,5.0000,0.274618,0.273419,,,116,
53127,5.0012,,,0.282623,0.000169517,117,0.679073
53156,5.0035,,,0.279443,0.000169327,117,0.386515
53185,5.0059,,,0.262242,0.000169138,117,1.77003
53214,5.0083,,,0.283679,0.000168948,117,0.605455
53243,5.0107,,,0.273478,0.000168759,117,0.413284
53272,5.0132,,,0.281807,0.000168569,117,0.493208
53301,5.0156,,,0.279252,0.00016838,117,0.58959
53330,5.0179,,,0.275348,0.000168191,117,0.428672
53359,5.0203,,,0.296177,0.000168001,117,0.356604
53388,5.0227,,,0.280181,0.000167812,117,0.428856
53417,5.0251,,,0.26316,0.000167623,117,0.637954
53446,5.0275,,,0.27311,0.000167433,117,0.476916
53475,5.0299,,,0.265417,0.000167244,117,0.68628
53504,5.0323,,,0.291939,0.000167055,117,0.927664
53533,5.0347,,,0.281652,0.000166866,117,0.411415
53562,5.0370,,,0.28586,0.000166677,117,0.522003
53571,5.0426,0.273855,0.273306,,,117,
53591,5.0446,,,0.281889,0.000166488,118,0.410655
53620,5.0470,,,0.270124,0.000166299,118,0.551728
53649,5.0494,,,0.275145,0.000166109,118,0.650324
53678,5.0518,,,0.27301,0.00016592,118,0.422587
53707,5.0541,,,0.276979,0.000165731,118,0.591257
53736,5.0565,,,0.262372,0.000165543,118,0.574603
53765,5.0589,,,0.273575,0.000165354,118,0.420189
53794,5.0613,,,0.267056,0.000165165,118,0.470059
53823,5.0637,,,0.296735,0.000164976,118,0.639131
53852,5.0661,,,0.279549,0.000164787,118,0.624101
53881,5.0685,,,0.280829,0.000164598,118,0.516029
53910,5.0709,,,0.270397,0.000164409,118,0.419643
53939,5.0733,,,0.277516,0.000164221,118,0.542065
53968,5.0757,,,0.271367,0.000164032,118,0.456268
53997,5.0781,,,0.275098,0.000163843,118,0.473901
54025,5.0852,0.274343,0.272999,,,118,
54026,5.0856,,,0.264802,0.000163655,119,0.43061
54055,5.0880,,,0.265522,0.000163466,119,0.63056
54084,5.0904,,,0.287215,0.000163278,119,0.383715
54113,5.0928,,,0.256287,0.000163089,119,0.419481
54142,5.0952,,,0.272536,0.000162901,119,0.830388
54171,5.0976,,,0.263895,0.000162712,119,0.445446
54200,5.1000,,,0.252003,0.000162524,119,0.525034
54229,5.1024,,,0.263542,0.000162335,119,0.566268
54258,5.1048,,,0.293647,0.000162147,119,0.553332
54287,5.1072,,,0.273122,0.000161959,119,0.997032
54316,5.1096,,,0.265917,0.00016177,119,0.536442
54345,5.1120,,,0.261239,0.000161582,119,0.380134
54374,5.1144,,,0.268792,0.000161394,119,0.410501
54403,5.1168,,,0.259591,0.000161206,119,0.402667
54432,5.1192,,,0.281778,0.000161018,119,0.518197
54461,5.1216,,,0.274957,0.00016083,119,0.489025
54479,5.1279,0.273951,0.273168,,,119,
54490,5.1291,,,0.274314,0.000160641,120,0.770893
54519,5.1315,,,0.269757,0.000160453,120,0.703961
54548,5.1339,,,0.256514,0.000160265,120,0.952219
54577,5.1364,,,0.265346,0.000160077,120,0.471557
54606,5.1388,,,0.264889,0.00015989,120,0.436907
54635,5.1412,,,0.272385,0.000159702,120,0.522462
54664,5.1436,,,0.271723,0.000159514,120,1.25715
54693,5.1460,,,0.267014,0.000159326,120,0.597297
54722,5.1484,,,0.263421,0.000159138,120,0.399335
54751,5.1509,,,0.279824,0.00015895,120,0.649167
54780,5.1533,,,0.272975,0.000158763,120,0.436552
54809,5.1558,,,0.287679,0.000158575,120,0.367307
54838,5.1582,,,0.255403,0.000158387,120,0.445099
54867,5.1606,,,0.276312,0.0001582,120,0.426136
54896,5.1630,,,0.266822,0.000158012,120,0.551896
54925,5.1655,,,0.254583,0.000157825,120,0.358505
54933,5.1710,0.273791,0.272444,,,120,
54954,5.1731,,,0.289533,0.000157637,121,0.470465
54983,5.1755,,,0.2826,0.00015745,121,0.575641
55012,5.1779,,,0.275256,0.000157263,121,0.415567
55041,5.1803,,,0.276559,0.000157075,121,0.540469
55070,5.1827,,,0.266268,0.000156888,121,0.390848
55099,5.1851,,,0.288169,0.000156701,121,0.494844
55128,5.1876,,,0.295054,0.000156513,121,0.61806
55157,5.1900,,,0.261475,0.000156326,121,0.369887
55186,5.1924,,,0.257396,0.000156139,121,0.488229
55215,5.1948,,,0.255927,0.000155952,121,0.660638
55244,5.1972,,,0.270912,0.000155765,121,0.553072
55273,5.1996,,,0.277695,0.000155578,121,1.22954
55302,5.2020,,,0.274101,0.000155391,121,0.392993
55331,5.2044,,,0.270921,0.000155204,121,549.58
55360,5.2068,,,0.288929,0.000155017,121,0.49084
55387,5.2138,0.273568,0.272391,,,121,
55389,5.2143,,,0.283452,0.00015483,122,0.48842
55418,5.2167,,,0.254804,0.000154643,122,0.355335
55447,5.2191,,,0.26705,0.000154456,122,1.11593
55476,5.2215,,,0.265441,0.00015427,122,0.405959
55505,5.2240,,,0.247614,0.000154083,122,0.484397
55534,5.2264,,,0.265921,0.000153896,122,0.443634
55563,5.2288,,,0.275091,0.00015371,122,0.370082
55592,5.2312,,,0.253975,0.000153523,122,0.598817
55621,5.2336,,,0.269711,0.000153337,122,0.471163
55650,5.2360,,,0.270091,0.00015315,122,0.449091
55679,5.2384,,,0.266539,0.000152964,122,0.663068
55708,5.2408,,,0.261851,0.000152777,122,0.447384
55737,5.2432,,,0.257946,0.000152591,122,0.489457
55766,5.2456,,,0.277138,0.000152405,122,0.686135
55795,5.2480,,,0.270116,0.000152218,122,1.01767
55824,5.2504,,,0.257882,0.000152032,122,0.54433
55841,5.2567,0.273558,0.271987,,,122,
55853,5.2580,,,0.268649,0.000151846,123,0.370285
55882,5.2604,,,0.270734,0.00015166,123,0.592122
55911,5.2628,,,0.268713,0.000151474,123,0.44348
55940,5.2652,,,0.27573,0.000151288,123,7.58343
55969,5.2676,,,0.278053,0.000151102,123,0.392435
55998,5.2700,,,0.264027,0.000150916,123,0.40464
56027,5.2724,,,0.284406,0.00015073,123,0.646023
56056,5.2749,,,0.258381,0.000150544,123,0.408117
56085,5.2773,,,0.268925,0.000150358,123,0.339831
56114,5.2797,,,0.267368,0.000150172,123,0.377241
56143,5.2821,,,0.280199,0.000149987,123,0.385949
56172,5.2845,,,0.267922,0.000149801,123,0.388609
56201,5.2869,,,0.29138,0.000149615,123,0.399911
56230,5.2893,,,0.267324,0.00014943,123,0.428375
56259,5.2917,,,0.269776,0.000149244,123,0.316707
56288,5.2941,,,0.253672,0.000149059,123,0.32139
56295,5.2995,0.272887,0.272121,,,123,
56317,5.3017,,,0.281446,0.000148873,124,0.422413
56346,5.3041,,,0.297355,0.000148688,124,0.540583
56375,5.3065,,,0.254174,0.000148502,124,0.485534
56404,5.3089,,,0.268082,0.000148317,124,0.413533
56433,5.3113,,,0.259962,0.000148132,124,0.336222
56462,5.3137,,,0.276958,0.000147947,124,0.359961
56491,5.3162,,,0.275923,0.000147761,124,0.478874
56520,5.3186,,,0.272172,0.000147576,124,0.350399
56549,5.3210,,,0.282261,0.000147391,124,0.339605
56578,5.3235,,,0.253157,0.000147206,124,1.25703
56607,5.3259,,,0.285707,0.000147021,124,0.622936
56636,5.3284,,,0.287391,0.000146836,124,0.745776
56665,5.3308,,,0.279909,0.000146651,124,0.427741
56694,5.3333,,,0.268268,0.000146467,124,0.423038
56723,5.3357,,,0.26474,0.000146282,124,0.373709
56749,5.3427,0.273941,0.271841,,,124,
56752,5.3434,,,0.278642,0.000146097,125,0.378047
56781,5.3458,,,0.270377,0.000145912,125,0.528627
56810,5.3483,,,0.310014,0.000145728,125,0.365477
56839,5.3507,,,0.281567,0.000145543,125,0.49994
56868,5.3531,,,0.271625,0.000145359,125,0.428729
56897,5.3556,,,0.266097,0.000145174,125,0.435867
56926,5.3580,,,0.282499,0.00014499,125,0.466518
56955,5.3604,,,0.281402,0.000144805,125,0.411065
56984,5.3629,,,0.293309,0.000144621,125,0.404774
57013,5.3653,,,0.29142,0.000144437,125,0.849991
57042,5.3677,,,0.280932,0.000144253,125,0.379466
57071,5.3702,,,0.278459,0.000144068,125,1.91963
57100,5.3726,,,0.277578,0.000143884,125,0.374125
57129,5.3750,,,0.273086,0.0001437,125,0.319248
57158,5.3774,,,0.270918,0.000143516,125,0.397656
57187,5.3798,,,0.268356,0.000143332,125,0.359514
57203,5.3860,0.274,0.27163,,,125,
57216,5.3875,,,0.276047,0.000143148,126,0.363374
57245,5.3899,,,0.264492,0.000142964,126,0.360949
57274,5.3923,,,0.280085,0.000142781,126,0.317248
57303,5.3947,,,0.252207,0.000142597,126,0.498977
57332,5.3972,,,0.277995,0.000142413,126,32.6244
57361,5.3996,,,0.276467,0.00014223,126,0.522403
57390,5.4020,,,0.256537,0.000142046,126,0.54525
57419,5.4044,,,0.269923,0.000141862,126,0.433047
57448,5.4068,,,0.26588,0.000141679,126,0.378862
57477,5.4092,,,0.287568,0.000141495,126,0.569847
57506,5.4117,,,0.285275,0.000141312,126,0.344336
57535,5.4141,,,0.269475,0.000141129,126,0.458839
57564,5.4165,,,0.262877,0.000140945,126,0.384398
57593,5.4189,,,0.269819,0.000140762,126,0.403283
57622,5.4213,,,0.271635,0.000140579,126,0.336373
57651,5.4237,,,0.2946,0.000140396,126,0.503319
57657,5.4291,0.272763,0.271714,,,126,
57680,5.4313,,,0.27484,0.000140213,127,0.390879
57709,5.4337,,,0.264459,0.00014003,127,0.666269
57738,5.4361,,,0.265334,0.000139847,127,2.42144
57767,5.4385,,,0.288189,0.000139664,127,0.404123
57796,5.4409,,,0.265915,0.000139481,127,0.444743
57825,5.4433,,,0.286402,0.000139298,127,0.45291
57854,5.4457,,,0.289145,0.000139116,127,0.354044
57883,5.4481,,,0.274588,0.000138933,127,0.495493
57912,5.4505,,,0.267859,0.00013875,127,0.36753
57941,5.4529,,,0.277555,0.000138568,127,1.73428
57970,5.4553,,,0.264947,0.000138385,127,0.400545
57999,5.4577,,,0.256742,0.000138203,127,0.358037
58028,5.4601,,,0.282698,0.000138021,127,0.36635
58057,5.4625,,,0.26246,0.000137838,127,0.364114
58086,5.4649,,,0.277205,0.000137656,127,0.422259
58111,5.4717,0.273269,0.271325,,,127,
58115,5.4724,,,0.269554,0.000137474,128,0.420012
58144,5.4748,,,0.268999,0.000137292,128,0.837125
58173,5.4772,,,0.291804,0.000137109,128,0.477431
58202,5.4796,,,0.27605,0.000136927,128,0.768265
58231,5.4820,,,0.283884,0.000136745,128,0.981514
58260,5.4844,,,0.278887,0.000136563,128,0.306537
58289,5.4868,,,0.276104,0.000136382,128,0.543345
58318,5.4891,,,0.275958,0.0001362,128,2.53951
58347,5.4915,,,0.25084,0.000136018,128,0.692998
58376,5.4939,,,0.278254,0.000135836,128,1.30028
58405,5.4963,,,0.275654,0.000135655,128,0.530541
58434,5.4988,,,0.256792,0.000135473,128,0.384275
58463,5.5012,,,0.275913,0.000135292,128,0.554557
58492,5.5036,,,0.26689,0.00013511,128,0.429634
58521,5.5060,,,0.277772,0.000134929,128,0.607289
58550,5.5084,,,0.274112,0.000134747,128,0.545229
58565,5.5145,0.273162,0.271207,,,128,
58579,5.5160,,,0.260044,0.000134566,129,0.720135
58608,5.5184,,,0.26906,0.000134385,129,0.343523
58637,5.5209,,,0.282183,0.000134204,129,0.39587
58666,5.5233,,,0.266593,0.000134023,129,0.605675
58695,5.5257,,,0.29014,0.000133842,129,0.464522
58724,5.5281,,,0.275223,0.000133661,129,0.535961
58753,5.5305,,,0.280235,0.00013348,129,0.41719
58782,5.5330,,,0.273844,0.000133299,129,0.328853
58811,5.5354,,,0.273332,0.000133118,129,0.336272
58840,5.5378,,,0.271519,0.000132937,129,0.450928
58869,5.5403,,,0.274965,0.000132757,129,0.3946
58898,5.5427,,,0.264475,0.000132576,129,0.417674
58927,5.5451,,,0.264888,0.000132396,129,0.460132
58956,5.5475,,,0.269397,0.000132215,129,5.36917
58985,5.5498,,,0.278981,0.000132035,129,0.682282
59014,5.5522,,,0.287,0.000131854,129,0.375819
59019,5.5575,0.273278,0.270966,,,129,
59043,5.5598,,,0.262583,0.000131674,130,0.51517
59072,5.5622,,,0.252657,0.000131494,130,0.322327
59101,5.5646,,,0.254536,0.000131314,130,2.75475
59130,5.5670,,,0.276364,0.000131134,130,0.37712
59159,5.5694,,,0.268517,0.000130953,130,0.445559
59188,5.5718,,,0.278275,0.000130773,130,0.495704
59217,5.5742,,,0.281083,0.000130594,130,0.378574
59246,5.5765,,,0.263894,0.000130414,130,1.73426
59275,5.5789,,,0.25992,0.000130234,130,0.386003
59304,5.5813,,,0.270617,0.000130054,130,0.374694
59333,5.5837,,,0.286272,0.000129875,130,0.657634
59362,5.5861,,,0.282521,0.000129695,130,0.39434
59391,5.5885,,,0.286664,0.000129515,130,0.442175
59420,5.5909,,,0.279046,0.000129336,130,1.0085
59449,5.5933,,,0.256964,0.000129157,130,0.405942
59473,5.6001,0.272882,0.270689,,,130,
59478,5.6008,,,0.266461,0.000128977,131,0.628031
59507,5.6032,,,0.266105,0.000128798,131,0.529934
59536,5.6056,,,0.265865,0.000128619,131,38.5729
59565,5.6080,,,0.280245,0.00012844,131,0.499267
59594,5.6104,,,0.251775,0.000128261,131,0.594541
59623,5.6128,,,0.266235,0.000128082,131,0.324494
59652,5.6152,,,0.269001,0.000127903,131,0.383592
59681,5.6176,,,0.279753,0.000127724,131,1.38601
59710,5.6200,,,0.275424,0.000127545,131,0.41792
59739,5.6224,,,0.272484,0.000127366,131,0.454788
59768,5.6248,,,0.273189,0.000127188,131,0.406827
59797,5.6272,,,0.282683,0.000127009,131,0.402894
59826,5.6296,,,0.26737,0.00012683,131,0.547744
59855,5.6320,,,0.274888,0.000126652,131,0.418914
59884,5.6344,,,0.270968,0.000126473,131,0.523032
59913,5.6367,,,0.272007,0.000126295,131,0.422313
59927,5.6427,0.272989,0.270644,,,131,
59942,5.6443,,,0.256679,0.000126117,132,0.339467
59971,5.6467,,,0.292256,0.000125939,132,0.492768
60000,5.6491,,,0.279663,0.000125761,132,0.373507
60029,5.6515,,,0.286352,0.000125582,132,0.539069
60058,5.6539,,,0.273293,0.000125404,132,0.427524
60087,5.6563,,,0.286596,0.000125227,132,0.460034
60116,5.6587,,,0.243143,0.000125049,132,0.412957
60145,5.6611,,,0.255416,0.000124871,132,0.316432
60174,5.6635,,,0.266479,0.000124693,132,0.347288
60203,5.6659,,,0.274694,0.000124516,132,0.339105
60232,5.6683,,,0.263142,0.000124338,132,0.353836
60261,5.6707,,,0.26245,0.00012416,132,0.353257
60290,5.6731,,,0.260505,0.000123983,132,0.40561
60319,5.6755,,,0.265141,0.000123806,132,3.20051
60348,5.6779,,,0.280076,0.000123628,132,0.454691
60377,5.6802,,,0.272595,0.000123451,132,0.42802
60381,5.6854,0.272473,0.270389,,,132,
60406,5.6880,,,0.276956,0.000123274,133,0.444746
60435,5.6903,,,0.266287,0.000123097,133,0.37732
60464,5.6928,,,0.285726,0.00012292,133,0.581544
60493,5.6952,,,0.279017,0.000122743,133,0.537773
60522,5.6976,,,0.262217,0.000122566,133,3.30842
60551,5.7001,,,0.275124,0.000122389,133,0.293931
60580,5.7025,,,0.2653,0.000122212,133,0.497471
60609,5.7050,,,0.264757,0.000122036,133,0.419133
60638,5.7074,,,0.257384,0.000121859,133,0.688311
60667,5.7097,,,0.281046,0.000121683,133,0.391469
60696,5.7123,,,0.259947,0.000121506,133,0.93298
60725,5.7147,,,0.267923,0.00012133,133,0.415034
60754,5.7171,,,0.264121,0.000121154,133,0.531341
60783,5.7195,,,0.275865,0.000120977,133,0.316987
60812,5.7219,,,0.253738,0.000120801,133,0.371343
60835,5.7286,0.272591,0.270302,,,133,
60841,5.7295,,,0.270579,0.000120625,134,0.329472
60870,5.7319,,,0.277701,0.000120449,134,0.518125
60899,5.7343,,,0.247862,0.000120273,134,0.387504
60928,5.7367,,,0.262034,0.000120097,134,0.349777
60957,5.7391,,,0.277172,0.000119921,134,0.391112
60986,5.7415,,,0.293416,0.000119746,134,0.426049
61015,5.7439,,,0.277672,0.00011957,134,0.473351
61044,5.7463,,,0.278266,0.000119394,134,0.547362
61073,5.7487,,,0.274337,0.000119219,134,0.476137
61102,5.7511,,,0.287096,0.000119044,134,0.448318
61131,5.7535,,,0.26891,0.000118868,134,0.443103
61160,5.7559,,,0.28503,0.000118693,134,0.52106
61189,5.7583,,,0.26394,0.000118518,134,0.477297
61218,5.7607,,,0.274594,0.000118343,134,0.356931
61247,5.7631,,,0.290808,0.000118168,134,0.484962
61276,5.7655,,,0.282335,0.000117993,134,0.473732
61289,5.7714,0.272734,0.270048,,,134,
61305,5.7731,,,0.284053,0.000117818,135,0.295961
61334,5.7755,,,0.269283,0.000117643,135,0.640153
61363,5.7779,,,0.258788,0.000117468,135,0.362113
61392,5.7803,,,0.275957,0.000117293,135,0.376366
61421,5.7827,,,0.261482,0.000117119,135,0.521539
61450,5.7852,,,0.242419,0.000116944,135,0.407783
61479,5.7876,,,0.251317,0.00011677,135,1.53152
61508,5.7900,,,0.266484,0.000116596,135,0.421532
61537,5.7924,,,0.260357,0.000116421,135,0.339756
61566,5.7948,,,0.243826,0.000116247,135,0.486024
61595,5.7972,,,0.259918,0.000116073,135,0.385
61624,5.7996,,,0.272069,0.000115899,135,0.556095
61653,5.8020,,,0.26767,0.000115725,135,0.375359
61682,5.8045,,,0.253301,0.000115551,135,0.424833
61711,5.8069,,,0.292412,0.000115377,135,0.540333
61740,5.8092,,,0.256444,0.000115203,135,0.437524
61743,5.8144,0.272783,0.26978,,,135,
61769,5.8169,,,0.289807,0.00011503,136,0.417182
61798,5.8193,,,0.259662,0.000114856,136,0.413354
61827,5.8217,,,0.270575,0.000114683,136,0.36259
61856,5.8241,,,0.261609,0.000114509,136,0.425938
61885,5.8265,,,0.263448,0.000114336,136,0.39083
61914,5.8289,,,0.267411,0.000114163,136,0.406044
61943,5.8313,,,0.255771,0.000113989,136,12.9256
61972,5.8337,,,0.255981,0.000113816,136,0.496884
62001,5.8362,,,0.279239,0.000113643,136,0.359517
62030,5.8386,,,0.267568,0.00011347,136,0.407645
62059,5.8410,,,0.274948,0.000113297,136,0.387046
62088,5.8434,,,0.260108,0.000113125,136,0.351782
62117,5.8458,,,0.266569,0.000112952,136,0.346673
62146,5.8482,,,0.263685,0.000112779,136,0.58727
62175,5.8506,,,0.264923,0.000112607,136,0.440553
62197,5.8573,0.273324,0.269851,,,136,
62204,5.8582,,,0.2559,0.000112434,137,0.391838
62233,5.8606,,,0.266498,0.000112262,137,0.441322
62262,5.8631,,,0.262528,0.000112089,137,0.361445
62291,5.8655,,,0.265407,0.000111917,137,0.305289
62320,5.8680,,,0.27476,0.000111745,137,0.461313
62349,5.8705,,,0.285944,0.000111573,137,0.412931
62378,5.8729,,,0.285501,0.000111401,137,0.315028
62407,5.8754,,,0.27979,0.000111229,137,0.377683
62436,5.8778,,,0.271234,0.000111057,137,0.590732
62465,5.8803,,,0.266007,0.000110885,137,0.382041
62494,5.8827,,,0.244375,0.000110714,137,0.723559
62523,5.8851,,,0.271599,0.000110542,137,0.52951
62552,5.8876,,,0.290552,0.000110371,137,0.356289
62581,5.8900,,,0.269025,0.000110199,137,0.354387
62610,5.8925,,,0.281202,0.000110028,137,0.366755
62639,5.8949,,,0.279449,0.000109857,137,14.6782
62651,5.9008,0.272095,0.269606,,,137,
62668,5.9027,,,0.269511,0.000109685,138,0.533296
62697,5.9051,,,0.253897,0.000109514,138,0.399345
62726,5.9075,,,0.257894,0.000109343,138,0.418325
62755,5.9099,,,0.272056,0.000109172,138,0.450922
62784,5.9123,,,0.277222,0.000109002,138,0.355136
62813,5.9147,,,0.260982,0.000108831,138,0.364192
62842,5.9172,,,0.270456,0.00010866,138,0.361216
62871,5.9196,,,0.272815,0.00010849,138,0.342888
62900,5.9220,,,0.273581,0.000108319,138,0.42522
62929,5.9244,,,0.249443,0.000108149,138,0.526708
62958,5.9268,,,0.244503,0.000107978,138,0.327927
62987,5.9292,,,0.291084,0.000107808,138,0.522669
63016,5.9317,,,0.268287,0.000107638,138,0.454356
63045,5.9341,,,0.247929,0.000107468,138,0.385534
63074,5.9365,,,0.281644,0.000107298,138,0.591679
63103,5.9389,,,0.261358,0.000107128,138,0.43941
63105,5.9439,0.271949,0.269592,,,138,
63132,5.9465,,,0.276545,0.000106958,139,0.352501
63161,5.9489,,,0.273251,0.000106788,139,0.568079
63190,5.9514,,,0.262212,0.000106619,139,0.358767
63219,5.9538,,,0.269917,0.000106449,139,1.55061
63248,5.9562,,,0.275631,0.00010628,139,0.345243
63277,5.9587,,,0.268854,0.00010611,139,0.650093
63306,5.9611,,,0.262684,0.000105941,139,0.386631
63335,5.9635,,,0.280955,0.000105772,139,0.40108
63364,5.9660,,,0.278213,0.000105603,139,0.329762
63393,5.9684,,,0.26423,0.000105434,139,0.970008
63422,5.9708,,,0.274269,0.000105265,139,0.325448
63451,5.9733,,,0.285422,0.000105096,139,0.48564
63480,5.9757,,,0.266688,0.000104927,139,111.375
63509,5.9782,,,0.268861,0.000104758,139,0.373998
63538,5.9806,,,0.297117,0.00010459,139,0.369368
63559,5.9872,0.272442,0.269311,,,139,
63567,5.9882,,,0.277083,0.000104421,140,0.36725
63596,5.9906,,,0.276348,0.000104253,140,0.375453
63625,5.9931,,,0.268224,0.000104084,140,0.308824
63654,5.9955,,,0.264338,0.000103916,140,0.460564
63683,5.9979,,,0.27979,0.000103748,140,0.336424
63712,6.0003,,,0.265237,0.00010358,140,0.663901
63741,6.0027,,,0.266996,0.000103412,140,0.373547
63770,6.0051,,,0.26201,0.000103244,140,0.918156
63799,6.0075,,,0.274664,0.000103076,140,0.448171
63828,6.0099,,,0.27264,0.000102908,140,0.444539
63857,6.0123,,,0.272988,0.000102741,140,0.381824
63886,6.0148,,,0.266339,0.000102573,140,0.601597
63915,6.0172,,,0.261813,0.000102406,140,0.557042
63944,6.0196,,,0.270235,0.000102238,140,0.308329
63973,6.0220,,,0.262224,0.000102071,140,0.483415
64002,6.0244,,,0.275302,0.000101904,140,0.450301
64013,6.0302,0.271991,0.269116,,,140,
64031,6.0320,,,0.273066,0.000101737,141,0.302524
64060,6.0344,,,0.262594,0.00010157,141,0.371847
64089,6.0369,,,0.290732,0.000101403,141,1.17638
64118,6.0393,,,0.270824,0.000101236,141,0.32476
64147,6.0417,,,0.260837,0.000101069,141,0.409051
64176,6.0441,,,0.275317,0.000100903,141,0.361397
64205,6.0465,,,0.258136,0.000100736,141,0.321808
64234,6.0490,,,0.277029,0.00010057,141,0.346162
64263,6.0515,,,0.274084,0.000100403,141,0.470777
64292,6.0539,,,0.272815,0.000100237,141,0.337958
64321,6.0563,,,0.274457,0.000100071,141,0.471457
64350,6.0588,,,0.272316,9.99046e-05,141,0.559338
64379,6.0612,,,0.265044,9.97385e-05,141,0.42469
64408,6.0637,,,0.270168,9.95726e-05,141,0.959107
64437,6.0661,,,0.258494,9.94068e-05,141,0.376985
64466,6.0685,,,0.264778,9.92411e-05,141,0.295941
64467,6.0735,0.271893,0.269054,,,141,
64495,6.0761,,,0.257186,9.90754e-05,142,0.356583
64524,6.0785,,,0.272273,9.89099e-05,142,0.462793
64553,6.0810,,,0.275257,9.87444e-05,142,0.694758
64582,6.0835,,,0.271908,9.85791e-05,142,0.415371
64611,6.0859,,,0.257177,9.84138e-05,142,0.412451
64640,6.0883,,,0.28785,9.82487e-05,142,0.699619
64669,6.0907,,,0.278103,9.80836e-05,142,0.34454
64698,6.0931,,,0.277533,9.79186e-05,142,0.416278
64727,6.0955,,,0.271292,9.77537e-05,142,0.348473
64756,6.0980,,,0.240146,9.75889e-05,142,0.42002
64785,6.1004,,,0.287756,9.74242e-05,142,0.418252
64814,6.1028,,,0.252574,9.72596e-05,142,0.3532
64843,6.1052,,,0.261463,9.70951e-05,142,0.379192
64872,6.1076,,,0.253866,9.69307e-05,142,0.297256
64901,6.1100,,,0.271725,9.67663e-05,142,0.376097
64921,6.1165,0.271749,0.268817,,,142,
64930,6.1176,,,0.261655,9.66021e-05,143,0.318207
64959,6.1200,,,0.290603,9.6438e-05,143,0.369681
64988,6.1224,,,0.266782,9.62739e-05,143,0.492215
65017,6.1248,,,0.258372,9.611e-05,143,0.272731
65046,6.1273,,,0.273033,9.59461e-05,143,0.476254
65075,6.1297,,,0.26575,9.57824e-05,143,0.689613
65104,6.1321,,,0.268916,9.56187e-05,143,0.467552
65133,6.1345,,,0.274484,9.54552e-05,143,0.357948
65162,6.1369,,,0.268326,9.52917e-05,143,0.329354
65191,6.1393,,,0.280436,9.51283e-05,143,0.300648
65220,6.1417,,,0.266274,9.49651e-05,143,0.357073
65249,6.1441,,,0.268155,9.48019e-05,143,0.375405
65278,6.1466,,,0.256565,9.46388e-05,143,0.637958
65307,6.1490,,,0.261372,9.44758e-05,143,0.313339
65336,6.1514,,,0.289658,9.4313e-05,143,1.47986
65365,6.1538,,,0.268752,9.41502e-05,143,0.307553
65375,6.1595,0.271377,0.268686,,,143,
65394,6.1614,,,0.252038,9.39875e-05,144,0.390212
65423,6.1638,,,0.2712,9.38249e-05,144,0.350714
65452,6.1662,,,0.279477,9.36624e-05,144,0.321457
65481,6.1686,,,0.270757,9.35e-05,144,0.311856
65510,6.1711,,,0.252561,9.33377e-05,144,0.35463
65539,6.1735,,,0.257628,9.31755e-05,144,0.693062
65568,6.1759,,,0.264408,9.30134e-05,144,0.473294
65597,6.1783,,,0.266218,9.28514e-05,144,0.412629
65626,6.1807,,,0.267876,9.26895e-05,144,0.419815
65655,6.1831,,,0.269253,9.25277e-05,144,0.310185
65684,6.1856,,,0.25966,9.2366e-05,144,0.26848
65713,6.1880,,,0.272263,9.22044e-05,144,0.452759
65742,6.1904,,,0.260357,9.20429e-05,144,0.461472
65771,6.1928,,,0.271373,9.18814e-05,144,0.467953
65800,6.1952,,,0.256993,9.17201e-05,144,0.314404
65829,6.2025,0.271359,0.268625,0.263632,9.15589e-05,144,0.376782
65858,6.2052,,,0.251885,9.13978e-05,145,0.543541
65887,6.2076,,,0.256707,9.12368e-05,145,0.386671
65916,6.2100,,,0.284237,9.10759e-05,145,0.448835
65945,6.2124,,,0.270931,9.09151e-05,145,0.565014
65974,6.2148,,,0.252908,9.07544e-05,145,3.64812
66003,6.2173,,,0.255143,9.05938e-05,145,0.38973
66032,6.2197,,,0.258161,9.04332e-05,145,0.610246
66061,6.2221,,,0.263865,9.02728e-05,145,0.400594
66090,6.2245,,,0.291992,9.01125e-05,145,0.435797
66119,6.2270,,,0.272976,8.99523e-05,145,0.327962
66148,6.2295,,,0.281431,8.97922e-05,145,0.354624
66177,6.2319,,,0.251449,8.96322e-05,145,0.308094
66206,6.2343,,,0.266743,8.94723e-05,145,0.318383
66235,6.2368,,,0.271123,8.93125e-05,145,0.340461
66264,6.2392,,,0.282435,8.91528e-05,145,3.07174
66283,6.2456,0.271581,0.268424,,,145,
66293,6.2468,,,0.274015,8.89932e-05,146,0.351426
66322,6.2493,,,0.257728,8.88337e-05,146,0.321456
66351,6.2517,,,0.263856,8.86743e-05,146,0.300036
66380,6.2541,,,0.258557,8.8515e-05,146,0.294431
66409,6.2565,,,0.259324,8.83558e-05,146,0.280559
66438,6.2590,,,0.255637,8.81968e-05,146,0.510629
66467,6.2614,,,0.260181,8.80378e-05,146,0.356103
66496,6.2639,,,0.26583,8.78789e-05,146,0.370816
66525,6.2663,,,0.281546,8.77201e-05,146,0.357833
66554,6.2688,,,0.261571,8.75614e-05,146,0.779894
66583,6.2712,,,0.271014,8.74029e-05,146,0.308288
66612,6.2736,,,0.273701,8.72444e-05,146,0.941575
66641,6.2760,,,0.248347,8.7086e-05,146,0.336718
66670,6.2784,,,0.246984,8.69278e-05,146,0.556875
66699,6.2809,,,0.287484,8.67696e-05,146,0.32581
66728,6.2832,,,0.259492,8.66116e-05,146,0.406931
66737,6.2888,0.271143,0.268324,,,146,
66757,6.2908,,,0.265342,8.64536e-05,147,0.431659
66786,6.2933,,,0.269228,8.62958e-05,147,0.471508
66815,6.2957,,,0.262363,8.61381e-05,147,1.02541
66844,6.2981,,,0.27966,8.59804e-05,147,0.285636
66873,6.3005,,,0.269731,8.58229e-05,147,0.326401
66902,6.3029,,,0.271374,8.56655e-05,147,0.35257
66931,6.3053,,,0.271082,8.55082e-05,147,0.340585
66960,6.3078,,,0.27139,8.53509e-05,147,0.311941
66989,6.3102,,,0.27481,8.51938e-05,147,0.620068
67018,6.3126,,,0.273432,8.50368e-05,147,0.460875
67047,6.3150,,,0.264296,8.48799e-05,147,0.338878
67076,6.3175,,,0.264256,8.47231e-05,147,0.370031
67105,6.3199,,,0.274101,8.45665e-05,147,0.320376
67134,6.3223,,,0.259214,8.44099e-05,147,0.37149
67163,6.3247,,,0.27406,8.42534e-05,147,0.456178
67191,6.3319,0.271655,0.268229,,,147,
67192,6.3323,,,0.268986,8.4097e-05,148,0.329627
67221,6.3347,,,0.268549,8.39408e-05,148,2.74915
67250,6.3372,,,0.267606,8.37846e-05,148,0.37578
67279,6.3396,,,0.272275,8.36286e-05,148,0.334207
67308,6.3420,,,0.283306,8.34727e-05,148,0.314289
67337,6.3445,,,0.264564,8.33168e-05,148,0.349288
67366,6.3469,,,0.246976,8.31611e-05,148,0.31092
67395,6.3493,,,0.268244,8.30055e-05,148,0.548783
67424,6.3517,,,0.267013,8.285e-05,148,0.331477
67453,6.3541,,,0.246209,8.26946e-05,148,0.346053
67482,6.3566,,,0.259589,8.25393e-05,148,0.417369
67511,6.3590,,,0.258017,8.23841e-05,148,0.342206
67540,6.3614,,,0.270147,8.2229e-05,148,0.698385
67569,6.3639,,,0.256674,8.20741e-05,148,0.442581
67598,6.3663,,,0.265497,8.19192e-05,148,0.332807
67627,6.3687,,,0.266282,8.17644e-05,148,0.341987
67645,6.3751,0.271709,0.26833,,,148,
67656,6.3763,,,0.270929,8.16098e-05,149,0.322101
67685,6.3788,,,0.248231,8.14553e-05,149,1.68233
67714,6.3812,,,0.260243,8.13008e-05,149,0.433761
67743,6.3836,,,0.2728,8.11465e-05,149,0.471368
67772,6.3860,,,0.269654,8.09923e-05,149,0.448107
67801,6.3885,,,0.26326,8.08382e-05,149,0.330376
67830,6.3909,,,0.286729,8.06842e-05,149,0.541997
67859,6.3933,,,0.241342,8.05304e-05,149,0.279069
67888,6.3958,,,0.272902,8.03766e-05,149,0.351388
67917,6.3982,,,0.272049,8.02229e-05,149,0.463427
67946,6.4006,,,0.264522,8.00694e-05,149,0.515976
67975,6.4031,,,0.267593,7.9916e-05,149,0.329847
68004,6.4056,,,0.273569,7.97626e-05,149,0.373475
68033,6.4080,,,0.25609,7.96094e-05,149,0.42928
68062,6.4105,,,0.255173,7.94563e-05,149,0.392702
68091,6.4129,,,0.265185,7.93033e-05,149,0.347554
68099,6.4185,0.270981,0.267688,,,149,
68120,6.4205,,,0.239539,7.91504e-05,150,0.30926
68149,6.4230,,,0.262562,7.89977e-05,150,0.412316
68178,6.4255,,,0.280761,7.8845e-05,150,0.325168
68207,6.4279,,,0.270494,7.86925e-05,150,0.351201
68236,6.4304,,,0.261433,7.854e-05,150,0.384569
68265,6.4329,,,0.253001,7.83877e-05,150,0.349385
68294,6.4353,,,0.258167,7.82355e-05,150,0.426035
68323,6.4377,,,0.26646,7.80834e-05,150,0.330331
68352,6.4401,,,0.257966,7.79314e-05,150,0.32666
68381,6.4426,,,0.269112,7.77795e-05,150,0.49228
68410,6.4451,,,0.258019,7.76277e-05,150,0.402635
68439,6.4476,,,0.257319,7.74761e-05,150,0.308737
68468,6.4500,,,0.277699,7.73245e-05,150,0.323749
68497,6.4524,,,0.267668,7.71731e-05,150,0.313512
68526,6.4549,,,0.280298,7.70218e-05,150,0.627518
68553,6.4619,0.271481,0.267595,,,150,
68555,6.4625,,,0.270784,7.68706e-05,151,0.366974
68584,6.4649,,,0.279609,7.67195e-05,151,1.56868
68613,6.4673,,,0.268293,7.65685e-05,151,0.496011
68642,6.4698,,,0.25809,7.64177e-05,151,0.301459
68671,6.4722,,,0.264606,7.62669e-05,151,0.466168
68700,6.4746,,,0.279622,7.61163e-05,151,2.55236
68729,6.4771,,,0.283303,7.59658e-05,151,0.325036
68758,6.4795,,,0.25248,7.58154e-05,151,0.330641
68787,6.4819,,,0.283327,7.56651e-05,151,0.459094
68816,6.4844,,,0.267869,7.55149e-05,151,0.243516
68845,6.4868,,,0.263964,7.53648e-05,151,0.391507
68874,6.4893,,,0.280906,7.52149e-05,151,0.375862
68903,6.4917,,,0.261708,7.50651e-05,151,0.34562
68932,6.4941,,,0.261582,7.49153e-05,151,10.442
68961,6.4966,,,0.262957,7.47657e-05,151,0.348148
68990,6.4990,,,0.294619,7.46162e-05,151,0.367387
69007,6.5053,0.270999,0.267528,,,151,
69019,6.5066,,,0.253881,7.44669e-05,152,0.350787
69048,6.5091,,,0.26816,7.43176e-05,152,0.39885
69077,6.5115,,,0.284017,7.41685e-05,152,4.62889
69106,6.5140,,,0.273414,7.40195e-05,152,0.257186
69135,6.5164,,,0.280003,7.38705e-05,152,1.03954
69164,6.5188,,,0.281261,7.37217e-05,152,0.634718
69193,6.5213,,,0.261031,7.35731e-05,152,0.285696
69222,6.5237,,,0.268957,7.34245e-05,152,2.0659
69251,6.5261,,,0.248899,7.32761e-05,152,0.343382
69280,6.5285,,,0.256568,7.31277e-05,152,0.275328
69309,6.5310,,,0.25486,7.29795e-05,152,0.317496
69338,6.5334,,,0.275697,7.28314e-05,152,0.505007
69367,6.5358,,,0.267146,7.26834e-05,152,0.423518
69396,6.5383,,,0.277019,7.25356e-05,152,0.289774
69425,6.5407,,,0.277491,7.23878e-05,152,0.296735
69454,6.5431,,,0.265878,7.22402e-05,152,0.33727
69461,6.5486,0.270549,0.267603,,,152,
69483,6.5508,,,0.260073,7.20927e-05,153,0.338994
69512,6.5532,,,0.27529,7.19453e-05,153,0.447231
69541,6.5556,,,0.282405,7.1798e-05,153,0.307729
69570,6.5581,,,0.26505,7.16509e-05,153,0.480288
69599,6.5605,,,0.255357,7.15038e-05,153,0.348754
69628,6.5629,,,0.25511,7.13569e-05,153,0.410224
69657,6.5653,,,0.272844,7.12101e-05,153,0.532158
69686,6.5678,,,0.259202,7.10634e-05,153,1.67552
69715,6.5702,,,0.257606,7.09169e-05,153,2.1875
69744,6.5726,,,0.261498,7.07704e-05,153,0.327728
69773,6.5751,,,0.259382,7.06241e-05,153,0.379467
69802,6.5775,,,0.282382,7.04779e-05,153,0.368675
69831,6.5800,,,0.267919,7.03318e-05,153,0.315533
69860,6.5824,,,0.266686,7.01858e-05,153,0.400905
69889,6.5848,,,0.260984,7.004e-05,153,0.792314
69915,6.5919,0.270916,0.267105,,,153,
69918,6.5926,,,0.282892,6.98943e-05,154,0.338132
69947,6.5951,,,0.259532,6.97487e-05,154,0.375618
69976,6.5975,,,0.268541,6.96032e-05,154,0.327125
70005,6.5999,,,0.289356,6.94578e-05,154,0.324927
70034,6.6024,,,0.277947,6.93125e-05,154,0.329093
70063,6.6049,,,0.263809,6.91674e-05,154,0.441802
70092,6.6073,,,0.267823,6.90224e-05,154,0.321119
70121,6.6097,,,0.271903,6.88775e-05,154,0.365128
70150,6.6122,,,0.268961,6.87327e-05,154,0.401228
70179,6.6147,,,0.261248,6.85881e-05,154,0.328229
70208,6.6171,,,0.26795,6.84436e-05,154,0.363549
70237,6.6196,,,0.266542,6.82992e-05,154,0.353537
70266,6.6220,,,0.256632,6.81549e-05,154,0.381817
70295,6.6244,,,0.264491,6.80107e-05,154,0.320604
70324,6.6269,,,0.264458,6.78667e-05,154,1.12693
70353,6.6294,,,0.256796,6.77227e-05,154,0.343633
70369,6.6357,0.270918,0.267313,,,154,
70382,6.6371,,,0.285296,6.75789e-05,155,0.382629
70411,6.6395,,,0.272686,6.74353e-05,155,0.346552
70440,6.6419,,,0.263535,6.72917e-05,155,0.310529
70469,6.6444,,,0.266497,6.71483e-05,155,0.361017
70498,6.6468,,,0.267102,6.7005e-05,155,0.421742
70527,6.6492,,,0.256386,6.68618e-05,155,0.28757
70556,6.6516,,,0.285511,6.67187e-05,155,0.352818
70585,6.6540,,,0.274552,6.65758e-05,155,0.314047
70614,6.6564,,,0.263995,6.64329e-05,155,0.914212
70643,6.6588,,,0.253483,6.62902e-05,155,0.522945
70672,6.6612,,,0.256719,6.61477e-05,155,0.47984
70701,6.6637,,,0.258632,6.60052e-05,155,0.468765
70730,6.6661,,,0.267303,6.58629e-05,155,0.439591
70759,6.6685,,,0.27502,6.57207e-05,155,0.309027
70788,6.6709,,,0.248423,6.55786e-05,155,0.489349
70817,6.6733,,,0.278763,6.54366e-05,155,0.29543
70823,6.6787,0.2704,0.267186,,,155,
70846,6.6809,,,0.263156,6.52948e-05,156,0.343864
70875,6.6833,,,0.262139,6.51531e-05,156,0.713579
70904,6.6857,,,0.265177,6.50115e-05,156,0.273377
70933,6.6881,,,0.279925,6.487e-05,156,0.439757
70962,6.6905,,,0.262266,6.47287e-05,156,0.413378
70991,6.6929,,,0.250422,6.45875e-05,156,1.11903
71020,6.6954,,,0.27879,6.44464e-05,156,0.281302
71049,6.6978,,,0.263363,6.43054e-05,156,0.316635
71078,6.7002,,,0.270404,6.41646e-05,156,0.32021
71107,6.7026,,,0.260727,6.40239e-05,156,0.323777
71136,6.7050,,,0.258951,6.38833e-05,156,6.25048
71165,6.7074,,,0.245182,6.37428e-05,156,0.339031
71194,6.7098,,,0.27502,6.36025e-05,156,0.308743
71223,6.7122,,,0.251182,6.34623e-05,156,0.32569
71252,6.7147,,,0.261194,6.33222e-05,156,0.281908
71277,6.7215,0.270208,0.266886,,,156,
71281,6.7222,,,0.269479,6.31822e-05,157,0.368857
71310,6.7246,,,0.282054,6.30424e-05,157,0.351137
71339,6.7271,,,0.266657,6.29027e-05,157,0.513012
71368,6.7295,,,0.271225,6.27631e-05,157,3.83137
71397,6.7319,,,0.253409,6.26236e-05,157,0.427165
71426,6.7343,,,0.263588,6.24843e-05,157,0.408527
71455,6.7367,,,0.269964,6.23451e-05,157,0.448432
71484,6.7391,,,0.257354,6.2206e-05,157,0.28877
71513,6.7415,,,0.250358,6.2067e-05,157,0.500364
71542,6.7439,,,0.295752,6.19282e-05,157,2.16914
71571,6.7464,,,0.252092,6.17895e-05,157,0.548564
71600,6.7488,,,0.26989,6.16509e-05,157,0.250542
71629,6.7512,,,0.253428,6.15125e-05,157,0.303538
71658,6.7536,,,0.262597,6.13742e-05,157,0.954284
71687,6.7560,,,0.272241,6.1236e-05,157,0.367869
71716,6.7584,,,0.282109,6.10979e-05,157,0.375185
71731,6.7645,0.270462,0.266984,,,157,
71745,6.7661,,,0.251179,6.096e-05,158,3.58265
71774,6.7685,,,0.276974,6.08222e-05,158,0.350763
71803,6.7709,,,0.256628,6.06845e-05,158,0.363279
71832,6.7733,,,0.260556,6.0547e-05,158,0.312491
71861,6.7758,,,0.255533,6.04095e-05,158,0.435031
71890,6.7782,,,0.255699,6.02722e-05,158,0.295582
71919,6.7807,,,0.277142,6.01351e-05,158,0.40749
71948,6.7831,,,0.2625,5.9998e-05,158,0.269687
71977,6.7855,,,0.278531,5.98611e-05,158,0.762825
72006,6.7880,,,0.273025,5.97244e-05,158,0.284808
72035,6.7904,,,0.251963,5.95877e-05,158,0.252601
72064,6.7928,,,0.272809,5.94512e-05,158,0.534591
72093,6.7952,,,0.281407,5.93148e-05,158,0.308885
72122,6.7977,,,0.261626,5.91785e-05,158,0.561874
72151,6.8002,,,0.252437,5.90424e-05,158,0.344458
72180,6.8025,,,0.261058,5.89064e-05,158,0.291253
72185,6.8078,0.270398,0.266543,,,158,
72209,6.8101,,,0.270323,5.87705e-05,159,0.304281
72238,6.8126,,,0.300231,5.86348e-05,159,0.354014
72267,6.8151,,,0.275353,5.84992e-05,159,0.348023
72296,6.8175,,,0.253697,5.83637e-05,159,0.330069
72325,6.8199,,,0.274113,5.82283e-05,159,0.261674
72354,6.8223,,,0.270918,5.80931e-05,159,0.353322
72383,6.8247,,,0.274711,5.7958e-05,159,0.489981
72412,6.8271,,,0.273461,5.7823e-05,159,0.386722
72441,6.8296,,,0.274769,5.76882e-05,159,0.2894
72470,6.8320,,,0.284685,5.75535e-05,159,0.427252
72499,6.8344,,,0.248783,5.74189e-05,159,0.316875
72528,6.8368,,,0.262892,5.72845e-05,159,0.28363
72557,6.8392,,,0.269261,5.71502e-05,159,0.276113
72586,6.8416,,,0.279061,5.7016e-05,159,0.29319
72615,6.8440,,,0.264347,5.6882e-05,159,0.36126
72639,6.8508,0.270378,0.266556,,,159,
72644,6.8516,,,0.254496,5.67481e-05,160,1.03809
72673,6.8540,,,0.278587,5.66143e-05,160,0.264445
72702,6.8564,,,0.276444,5.64806e-05,160,0.347995
72731,6.8588,,,0.259375,5.63471e-05,160,0.478938
72760,6.8613,,,0.258048,5.62137e-05,160,0.376798
72789,6.8637,,,0.254674,5.60805e-05,160,0.295782
72818,6.8661,,,0.266438,5.59474e-05,160,0.453492
72847,6.8685,,,0.279537,5.58144e-05,160,0.416482
72876,6.8709,,,0.275519,5.56815e-05,160,0.290665
72905,6.8734,,,0.251411,5.55488e-05,160,0.307511
72934,6.8758,,,0.272825,5.54162e-05,160,0.29517
72963,6.8782,,,0.276003,5.52838e-05,160,0.302339
72992,6.8806,,,0.281038,5.51514e-05,160,0.349969
73021,6.8831,,,0.284972,5.50192e-05,160,0.490836
73050,6.8855,,,0.262217,5.48872e-05,160,0.318457
73079,6.8879,,,0.283535,5.47553e-05,160,0.322921
73093,6.8939,0.270257,0.266347,,,160,
73108,6.8955,,,0.257443,5.46235e-05,161,0.309605
73137,6.8979,,,0.250313,5.44918e-05,161,0.310775
73166,6.9003,,,0.280603,5.43603e-05,161,0.343601
73195,6.9027,,,0.260476,5.42289e-05,161,0.280542
73224,6.9052,,,0.261809,5.40977e-05,161,0.29171
73253,6.9076,,,0.278965,5.39665e-05,161,0.34138
73282,6.9100,,,0.281026,5.38356e-05,161,0.295762
73311,6.9124,,,0.271177,5.37047e-05,161,0.367041
73340,6.9149,,,0.284665,5.3574e-05,161,0.29014
73369,6.9173,,,0.271841,5.34434e-05,161,0.379734
73398,6.9197,,,0.248453,5.3313e-05,161,0.31892
73427,6.9221,,,0.27642,5.31826e-05,161,0.727789
73456,6.9246,,,0.27375,5.30525e-05,161,0.299765
73485,6.9270,,,0.275079,5.29224e-05,161,0.254047
73514,6.9294,,,0.29591,5.27925e-05,161,0.552904
73543,6.9318,,,0.250411,5.26627e-05,161,0.323773
73547,6.9370,0.270177,0.266513,,,161,
73572,6.9395,,,0.252865,5.25331e-05,162,0.345185
73601,6.9419,,,0.258857,5.24036e-05,162,0.305866
73630,6.9443,,,0.260445,5.22742e-05,162,0.264161
73659,6.9468,,,0.260829,5.2145e-05,162,0.276256
73688,6.9492,,,0.246909,5.20159e-05,162,0.320874
73717,6.9516,,,0.25224,5.1887e-05,162,0.301593
73746,6.9541,,,0.270627,5.17582e-05,162,0.811439
73775,6.9565,,,0.278447,5.16295e-05,162,0.368828
73804,6.9590,,,0.244849,5.15009e-05,162,0.307717
73833,6.9614,,,0.260928,5.13725e-05,162,0.370486
73862,6.9638,,,0.26012,5.12442e-05,162,0.264702
73891,6.9662,,,0.283263,5.11161e-05,162,0.277938
73920,6.9687,,,0.255017,5.09881e-05,162,0.310007
73949,6.9711,,,0.28779,5.08602e-05,162,0.356157
73978,6.9735,,,0.289092,5.07325e-05,162,0.322501
74001,6.9802,0.270096,0.266308,,,162,
74007,6.9810,,,0.264549,5.06049e-05,163,0.492031
74036,6.9835,,,0.249568,5.04775e-05,163,0.327028
74065,6.9859,,,0.265098,5.03502e-05,163,0.341781
74094,6.9884,,,0.270564,5.0223e-05,163,0.340138
74123,6.9908,,,0.288431,5.00959e-05,163,0.406843
74152,6.9932,,,0.274677,4.9969e-05,163,0.424998
74181,6.9957,,,0.269288,4.98423e-05,163,0.260554
74210,6.9981,,,0.259574,4.97157e-05,163,1.15413
74239,7.0005,,,0.267528,4.95892e-05,163,0.293424
74268,7.0029,,,0.25034,4.94628e-05,163,0.519136
74297,7.0053,,,0.269362,4.93366e-05,163,0.440263
74326,7.0078,,,0.260274,4.92105e-05,163,0.261697
74355,7.0102,,,0.253527,4.90846e-05,163,0.416368
74384,7.0126,,,0.251658,4.89588e-05,163,0.307442
74413,7.0150,,,0.256348,4.88332e-05,163,0.257344
74442,7.0174,,,0.263259,4.87076e-05,163,0.440887
74455,7.0233,0.26988,0.26638,,,163,
74471,7.0249,,,0.251904,4.85823e-05,164,0.362446
74500,7.0274,,,0.256627,4.8457e-05,164,0.806009
74529,7.0298,,,0.258445,4.83319e-05,164,0.389875
74558,7.0322,,,0.26387,4.8207e-05,164,0.274708
74587,7.0346,,,0.25744,4.80822e-05,164,0.335507
74616,7.0370,,,0.2785,4.79575e-05,164,0.24491
74645,7.0394,,,0.26238,4.78329e-05,164,0.275175
74674,7.0418,,,0.28064,4.77085e-05,164,0.285257
74703,7.0443,,,0.267083,4.75843e-05,164,0.371736
74732,7.0467,,,0.253315,4.74602e-05,164,0.262047
74761,7.0491,,,0.27177,4.73362e-05,164,0.398534
74790,7.0515,,,0.270451,4.72123e-05,164,0.617747
74819,7.0539,,,0.247246,4.70886e-05,164,0.265489
74848,7.0563,,,0.293766,4.69651e-05,164,0.308267
74877,7.0588,,,0.263399,4.68417e-05,164,0.480936
74906,7.0611,,,0.26755,4.67184e-05,164,0.396473
74909,7.0663,0.270044,0.266558,,,164,
74935,7.0688,,,0.266651,4.65953e-05,165,0.275056
74964,7.0712,,,0.274749,4.64723e-05,165,0.456439
74993,7.0736,,,0.271041,4.63494e-05,165,0.473854
75022,7.0760,,,0.265995,4.62267e-05,165,0.309497
75051,7.0784,,,0.2721,4.61041e-05,165,0.385397
75080,7.0808,,,0.270167,4.59817e-05,165,0.28136
75109,7.0832,,,0.269279,4.58594e-05,165,0.294941
75138,7.0856,,,0.257634,4.57373e-05,165,0.32077
75167,7.0881,,,0.271839,4.56153e-05,165,0.369421
75196,7.0905,,,0.26811,4.54934e-05,165,0.540556
75225,7.0929,,,0.267202,4.53717e-05,165,0.306278
75254,7.0953,,,0.2589,4.52501e-05,165,0.353572
75283,7.0977,,,0.245309,4.51287e-05,165,0.52584
75312,7.1001,,,0.25116,4.50074e-05,165,0.259245
75341,7.1026,,,0.265183,4.48862e-05,165,0.281275
75363,7.1092,0.26971,0.265906,,,165,
75370,7.1101,,,0.243424,4.47652e-05,166,0.361037
75399,7.1126,,,0.270147,4.46444e-05,166,0.294347
75428,7.1150,,,0.265291,4.45236e-05,166,0.277369
75457,7.1174,,,0.26397,4.44031e-05,166,1.20618
75486,7.1199,,,0.264985,4.42826e-05,166,0.328753
75515,7.1223,,,0.272432,4.41623e-05,166,0.57805
75544,7.1247,,,0.248309,4.40422e-05,166,0.261932
75573,7.1271,,,0.265649,4.39222e-05,166,0.366832
75602,7.1295,,,0.25984,4.38023e-05,166,0.477836
75631,7.1320,,,0.291413,4.36826e-05,166,0.278721
75660,7.1344,,,0.260172,4.3563e-05,166,0.256764
75689,7.1368,,,0.263995,4.34436e-05,166,0.236858
75718,7.1393,,,0.281551,4.33243e-05,166,0.227621
75747,7.1417,,,0.266883,4.32052e-05,166,0.298422
75776,7.1442,,,0.263159,4.30862e-05,166,0.296908
75805,7.1466,,,0.28625,4.29673e-05,166,0.490898
75817,7.1524,0.269939,0.265751,,,166,
75834,7.1542,,,0.263386,4.28486e-05,167,0.337064
75863,7.1566,,,0.274288,4.27301e-05,167,0.512006
75892,7.1591,,,0.272992,4.26116e-05,167,0.282384
75921,7.1615,,,0.265884,4.24934e-05,167,2.26852
75950,7.1639,,,0.274853,4.23752e-05,167,0.484452
75979,7.1664,,,0.280347,4.22572e-05,167,0.436778
76008,7.1688,,,0.269542,4.21394e-05,167,0.36666
76037,7.1712,,,0.258671,4.20217e-05,167,0.435811
76066,7.1736,,,0.274816,4.19042e-05,167,0.327413
76095,7.1761,,,0.244068,4.17868e-05,167,1.32501
76124,7.1785,,,0.277406,4.16695e-05,167,0.348946
76153,7.1809,,,0.267599,4.15524e-05,167,0.355341
76182,7.1834,,,0.264922,4.14354e-05,167,0.357013
76211,7.1858,,,0.270742,4.13186e-05,167,0.321245
76240,7.1882,,,0.281201,4.12019e-05,167,0.38027
76269,7.1906,,,0.265811,4.10854e-05,167,0.296944
76271,7.1956,0.270202,0.26635,,,167,
76298,7.1982,,,0.269134,4.0969e-05,168,0.343716
76327,7.2006,,,0.267521,4.08528e-05,168,1.04815
76356,7.2030,,,0.26232,4.07367e-05,168,1.04215
76385,7.2054,,,0.260219,4.06207e-05,168,0.272572
76414,7.2078,,,0.278651,4.05049e-05,168,0.426216
76443,7.2102,,,0.27196,4.03893e-05,168,0.473332
76472,7.2126,,,0.268796,4.02738e-05,168,0.251759
76501,7.2151,,,0.259972,4.01584e-05,168,0.245806
76530,7.2175,,,0.277801,4.00432e-05,168,0.359124
76559,7.2199,,,0.258343,3.99282e-05,168,0.250508
76588,7.2223,,,0.267181,3.98132e-05,168,0.405807
76617,7.2247,,,0.266782,3.96985e-05,168,0.240879
76646,7.2271,,,0.267842,3.95838e-05,168,0.383868
76675,7.2296,,,0.278588,3.94694e-05,168,0.319539
76704,7.2320,,,0.263312,3.9355e-05,168,0.282361
76725,7.2385,0.269453,0.265636,,,168,
76733,7.2395,,,0.260818,3.92409e-05,169,0.368053
76762,7.2420,,,0.256965,3.91268e-05,169,0.256031
76791,7.2444,,,0.246652,3.9013e-05,169,0.363122
76820,7.2468,,,0.287785,3.88992e-05,169,0.30704
76849,7.2492,,,0.264569,3.87856e-05,169,0.315886
76878,7.2516,,,0.289232,3.86722e-05,169,0.368257
76907,7.2540,,,0.261809,3.85589e-05,169,1.75686
76936,7.2565,,,0.242904,3.84458e-05,169,0.290767
76965,7.2589,,,0.262395,3.83328e-05,169,0.280064
76994,7.2613,,,0.267533,3.82199e-05,169,1.63744
77023,7.2637,,,0.285969,3.81072e-05,169,0.276749
77052,7.2662,,,0.264894,3.79947e-05,169,0.251484
77081,7.2686,,,0.254298,3.78823e-05,169,0.323715
77110,7.2710,,,0.281119,3.777e-05,169,0.240481
77139,7.2734,,,0.243478,3.76579e-05,169,0.342784
77168,7.2758,,,0.271321,3.7546e-05,169,0.42844
77179,7.2816,0.269653,0.265453,,,169,
77197,7.2835,,,0.271893,3.74342e-05,170,0.28206
77226,7.2859,,,0.27874,3.73225e-05,170,0.530054
77255,7.2883,,,0.27647,3.7211e-05,170,0.547438
77284,7.2907,,,0.254963,3.70997e-05,170,0.315555
77313,7.2931,,,0.257854,3.69885e-05,170,0.356783
77342,7.2955,,,0.257572,3.68774e-05,170,0.51241
77371,7.2979,,,0.256964,3.67665e-05,170,1.19623
77400,7.3003,,,0.273356,3.66558e-05,170,0.325973
77429,7.3027,,,0.258293,3.65452e-05,170,0.550899
77458,7.3051,,,0.279956,3.64347e-05,170,0.338481
77487,7.3075,,,0.252129,3.63244e-05,170,0.828451
77516,7.3099,,,0.25733,3.62143e-05,170,0.23864
77545,7.3123,,,0.259246,3.61043e-05,170,0.406643
77574,7.3147,,,0.280208,3.59944e-05,170,0.290406
77603,7.3171,,,0.259889,3.58847e-05,170,0.409894
77632,7.3194,,,0.258581,3.57752e-05,170,0.800104
77633,7.3244,0.269566,0.265184,,,170,
77661,7.3271,,,0.265925,3.56658e-05,171,0.291459
77690,7.3295,,,0.271556,3.55565e-05,171,0.41294
77719,7.3319,,,0.276113,3.54475e-05,171,0.263686
77748,7.3343,,,0.264651,3.53385e-05,171,0.270046
77777,7.3367,,,0.27161,3.52297e-05,171,0.31466
77806,7.3391,,,0.257466,3.51211e-05,171,0.251418
77835,7.3415,,,0.274357,3.50126e-05,171,1.47659
77864,7.3441,,,0.264256,3.49043e-05,171,0.247366
77893,7.3465,,,0.274151,3.47961e-05,171,0.253108
77922,7.3489,,,0.249029,3.4688e-05,171,0.252133
77951,7.3513,,,0.271892,3.45802e-05,171,0.283432
77980,7.3537,,,0.26072,3.44724e-05,171,0.247603
78009,7.3561,,,0.261608,3.43649e-05,171,0.233544
78038,7.3585,,,0.271374,3.42574e-05,171,0.326522
78067,7.3609,,,0.274202,3.41502e-05,171,0.546209
78087,7.3674,0.269513,0.265547,,,171,
78096,7.3685,,,0.247262,3.40431e-05,172,0.912073
78125,7.3709,,,0.246149,3.39361e-05,172,0.249738
78154,7.3733,,,0.248824,3.38293e-05,172,0.242615
78183,7.3757,,,0.268508,3.37226e-05,172,0.287694
78212,7.3781,,,0.265484,3.36161e-05,172,0.263721
78241,7.3805,,,0.269532,3.35098e-05,172,0.335195
78270,7.3829,,,0.258643,3.34036e-05,172,0.299925
78299,7.3853,,,0.255746,3.32975e-05,172,5.14207
78328,7.3877,,,0.261258,3.31916e-05,172,0.281721
78357,7.3901,,,0.255865,3.30859e-05,172,0.575486
78386,7.3925,,,0.272912,3.29803e-05,172,0.262797
78415,7.3949,,,0.264281,3.28749e-05,172,0.747766
78444,7.3973,,,0.279239,3.27696e-05,172,0.278556
78473,7.3997,,,0.263573,3.26644e-05,172,0.441641
78502,7.4021,,,0.270556,3.25595e-05,172,0.285271
78531,7.4044,,,0.296133,3.24547e-05,172,0.250035
78541,7.4101,0.269402,0.265628,,,172,
78560,7.4120,,,0.269851,3.235e-05,173,0.276939
78589,7.4144,,,0.268101,3.22455e-05,173,0.259089
78618,7.4168,,,0.273065,3.21411e-05,173,0.404474
78647,7.4192,,,0.25359,3.20369e-05,173,0.346362
78676,7.4216,,,0.261998,3.19329e-05,173,0.41806
78705,7.4240,,,0.267766,3.1829e-05,173,2.04441
78734,7.4264,,,0.25205,3.17252e-05,173,0.277362
78763,7.4288,,,0.25838,3.16217e-05,173,0.354304
78792,7.4312,,,0.26344,3.15182e-05,173,0.291969
78821,7.4336,,,0.264445,3.1415e-05,173,0.240641
78850,7.4360,,,0.279852,3.13118e-05,173,0.272672
78879,7.4384,,,0.280718,3.12089e-05,173,0.369562
78908,7.4408,,,0.2722,3.11061e-05,173,0.255076
78937,7.4432,,,0.263079,3.10034e-05,173,0.27796
78966,7.4456,,,0.267896,3.09009e-05,173,0.666268
78995,7.4528,0.269636,0.265217,0.264113,3.07986e-05,173,0.26527
79024,7.4555,,,0.257875,3.06964e-05,174,0.266751
79053,7.4579,,,0.282812,3.05944e-05,174,0.860626
79082,7.4603,,,0.256471,3.04925e-05,174,0.330468
79111,7.4627,,,0.249127,3.03908e-05,174,0.417273
79140,7.4652,,,0.26062,3.02892e-05,174,2.86694
79169,7.4676,,,0.281789,3.01878e-05,174,0.403162
79198,7.4699,,,0.255219,3.00866e-05,174,0.288155
79227,7.4723,,,0.276644,2.99855e-05,174,0.306505
79256,7.4747,,,0.272363,2.98845e-05,174,0.631917
79285,7.4771,,,0.252418,2.97837e-05,174,0.288366
79314,7.4795,,,0.275246,2.96831e-05,174,0.232314
79343,7.4819,,,0.253629,2.95826e-05,174,0.245105
79372,7.4843,,,0.273503,2.94823e-05,174,0.424247
79401,7.4867,,,0.257913,2.93822e-05,174,0.2499
79430,7.4891,,,0.2631,2.92822e-05,174,0.289002
79449,7.4955,0.269285,0.265191,,,174,
79459,7.4967,,,0.256449,2.91823e-05,175,0.327712
79488,7.4991,,,0.269709,2.90827e-05,175,0.28276
79517,7.5015,,,0.275979,2.89831e-05,175,0.272415
79546,7.5039,,,0.253052,2.88838e-05,175,0.36581
79575,7.5064,,,0.262296,2.87846e-05,175,0.338556
79604,7.5087,,,0.258385,2.86855e-05,175,0.286062
79633,7.5111,,,0.265916,2.85866e-05,175,0.353435
79662,7.5135,,,0.258606,2.84879e-05,175,1.79423
79691,7.5160,,,0.267107,2.83893e-05,175,0.308799
79720,7.5184,,,0.252055,2.82909e-05,175,0.331565
79749,7.5208,,,0.292145,2.81926e-05,175,0.473749
79778,7.5232,,,0.257805,2.80945e-05,175,0.249867
79807,7.5256,,,0.267387,2.79965e-05,175,0.295335
79836,7.5281,,,0.284057,2.78987e-05,175,0.247877
79865,7.5305,,,0.277688,2.78011e-05,175,0.317602
79894,7.5328,,,0.263407,2.77036e-05,175,0.222911
79903,7.5384,0.26944,0.264899,,,175,
79923,7.5405,,,0.258487,2.76063e-05,176,0.245746
79952,7.5429,,,0.243727,2.75092e-05,176,0.220749
79981,7.5453,,,0.272835,2.74122e-05,176,0.3121
80010,7.5477,,,0.26893,2.73153e-05,176,0.248365
80039,7.5501,,,0.260133,2.72186e-05,176,0.302018
80068,7.5525,,,0.262989,2.71221e-05,176,0.337273
80097,7.5549,,,0.272399,2.70258e-05,176,2.77063
80126,7.5573,,,0.27633,2.69296e-05,176,0.324674
80155,7.5597,,,0.251667,2.68335e-05,176,0.2182
80184,7.5621,,,0.265875,2.67376e-05,176,0.25796
80213,7.5645,,,0.276197,2.66419e-05,176,0.288661
80242,7.5669,,,0.264139,2.65463e-05,176,0.248927
80271,7.5693,,,0.274094,2.64509e-05,176,0.337736
80300,7.5717,,,0.26336,2.63557e-05,176,0.254951
80329,7.5741,,,0.272921,2.62606e-05,176,0.359165
80357,7.5812,0.269278,0.265259,,,176,
80358,7.5817,,,0.26088,2.61657e-05,177,0.23345
80387,7.5841,,,0.249366,2.60709e-05,177,0.620757
80416,7.5865,,,0.252907,2.59763e-05,177,0.257379
80445,7.5889,,,0.256027,2.58818e-05,177,0.297979
80474,7.5913,,,0.269179,2.57875e-05,177,0.305531
80503,7.5937,,,0.262664,2.56934e-05,177,0.36795
80532,7.5961,,,0.273351,2.55995e-05,177,0.36227
80561,7.5985,,,0.260745,2.55056e-05,177,0.30035
80590,7.6009,,,0.246611,2.5412e-05,177,0.40064
80619,7.6033,,,0.249244,2.53185e-05,177,0.246715
80648,7.6057,,,0.267129,2.52252e-05,177,0.265184
80677,7.6081,,,0.270103,2.5132e-05,177,0.277618
80706,7.6105,,,0.274269,2.5039e-05,177,0.272482
80735,7.6129,,,0.261855,2.49462e-05,177,0.29272
80764,7.6152,,,0.255279,2.48535e-05,177,0.263846
80793,7.6176,,,0.282501,2.4761e-05,177,0.315927
80811,7.6239,0.269383,0.265019,,,177,
80822,7.6252,,,0.272366,2.46686e-05,178,0.416854
80851,7.6276,,,0.284744,2.45764e-05,178,0.276995
80880,7.6300,,,0.257592,2.44844e-05,178,0.247159
80909,7.6324,,,0.25331,2.43925e-05,178,0.221611
80938,7.6348,,,0.281445,2.43008e-05,178,0.244175
80967,7.6372,,,0.280595,2.42092e-05,178,0.284555
80996,7.6396,,,0.258921,2.41178e-05,178,0.457714
81025,7.6420,,,0.274447,2.40266e-05,178,0.257579
81054,7.6444,,,0.247747,2.39355e-05,178,0.265305
81083,7.6468,,,0.266607,2.38446e-05,178,0.248957
81112,7.6493,,,0.25463,2.37539e-05,178,0.247447
81141,7.6517,,,0.27338,2.36633e-05,178,0.521618
81170,7.6541,,,0.277693,2.35729e-05,178,1.14729
81199,7.6565,,,0.267568,2.34826e-05,178,0.249718
81228,7.6589,,,0.257987,2.33925e-05,178,0.460004
81257,7.6612,,,0.25589,2.33026e-05,178,0.56493
81265,7.6667,0.269367,0.265009,,,178,
81286,7.6688,,,0.251209,2.32128e-05,179,0.240618
81315,7.6712,,,0.265293,2.31232e-05,179,0.247896
81344,7.6737,,,0.266258,2.30338e-05,179,0.54523
81373,7.6760,,,0.269597,2.29445e-05,179,0.21499
81402,7.6784,,,0.263048,2.28554e-05,179,0.470441
81431,7.6808,,,0.270503,2.27664e-05,179,1.03284
81460,7.6832,,,0.276333,2.26776e-05,179,0.327266
81489,7.6856,,,0.255785,2.2589e-05,179,0.203655
81518,7.6881,,,0.267741,2.25005e-05,179,0.229549
81547,7.6905,,,0.29169,2.24122e-05,179,0.239809
81576,7.6929,,,0.256126,2.23241e-05,179,0.244782
81605,7.6953,,,0.269598,2.22361e-05,179,0.301578
81634,7.6977,,,0.265965,2.21483e-05,179,0.278221
81663,7.7001,,,0.257999,2.20607e-05,179,0.326631
81692,7.7025,,,0.25676,2.19732e-05,179,0.276521
81719,7.7095,0.269211,0.264509,,,179,
81721,7.7101,,,0.264212,2.18859e-05,180,0.265942
81750,7.7126,,,0.256824,2.17987e-05,180,0.279858
81779,7.7150,,,0.287637,2.17117e-05,180,0.298502
81808,7.7173,,,0.264268,2.16249e-05,180,0.364741
81837,7.7198,,,0.261641,2.15382e-05,180,0.370149
81866,7.7222,,,0.262934,2.14517e-05,180,0.376358
81895,7.7246,,,0.285824,2.13654e-05,180,0.443445
81924,7.7270,,,0.275646,2.12792e-05,180,0.541743
81953,7.7294,,,0.259126,2.11932e-05,180,0.503356
81982,7.7318,,,0.274873,2.11073e-05,180,0.266629
82011,7.7342,,,0.286414,2.10217e-05,180,0.321884
82040,7.7366,,,0.259682,2.09361e-05,180,0.323775
82069,7.7390,,,0.262896,2.08508e-05,180,0.352382
82098,7.7414,,,0.260471,2.07656e-05,180,0.235231
82127,7.7438,,,0.24884,2.06806e-05,180,0.260244
82156,7.7462,,,0.274284,2.05957e-05,180,0.309073
82173,7.7524,0.269032,0.264509,,,180,
82185,7.7538,,,0.25742,2.0511e-05,181,0.379911
82214,7.7561,,,0.272368,2.04265e-05,181,2.41286
82243,7.7585,,,0.261782,2.03421e-05,181,1.49558
82272,7.7609,,,0.26325,2.02579e-05,181,0.274647
82301,7.7633,,,0.27478,2.01739e-05,181,0.332659
82330,7.7657,,,0.262233,2.009e-05,181,0.227363
82359,7.7681,,,0.264994,2.00063e-05,181,0.397795
82388,7.7705,,,0.269588,1.99228e-05,181,0.224695
82417,7.7729,,,0.253164,1.98394e-05,181,0.487056
82446,7.7753,,,0.257073,1.97562e-05,181,0.254363
82475,7.7777,,,0.270002,1.96732e-05,181,0.544252
82504,7.7801,,,0.266915,1.95903e-05,181,0.250433
82533,7.7825,,,0.271644,1.95076e-05,181,0.25996
82562,7.7849,,,0.259325,1.94251e-05,181,0.241307
82591,7.7873,,,0.261056,1.93427e-05,181,0.24028
82620,7.7897,,,0.251503,1.92605e-05,181,0.334874
82627,7.7951,0.268987,0.264619,,,181,
82649,7.7973,,,0.255577,1.91785e-05,182,0.2687
82678,7.7997,,,0.272049,1.90966e-05,182,0.313423
82707,7.8021,,,0.257337,1.90149e-05,182,0.304523
82736,7.8045,,,0.266096,1.89333e-05,182,0.223676
82765,7.8069,,,0.270824,1.8852e-05,182,0.246682
82794,7.8093,,,0.257033,1.87708e-05,182,0.25126
82823,7.8117,,,0.257478,1.86897e-05,182,0.203464
82852,7.8142,,,0.268423,1.86088e-05,182,0.213372
82881,7.8166,,,0.271788,1.85281e-05,182,0.22495
82910,7.8190,,,0.269658,1.84476e-05,182,0.400979
82939,7.8214,,,0.273937,1.83672e-05,182,0.22828
82968,7.8238,,,0.273167,1.8287e-05,182,0.319999
82997,7.8263,,,0.271927,1.8207e-05,182,0.270363
83026,7.8287,,,0.270694,1.81271e-05,182,0.771338
83055,7.8311,,,0.253077,1.80474e-05,182,0.254512
83081,7.8381,0.269305,0.264503,,,182,
83084,7.8387,,,0.258102,1.79678e-05,183,1.24435
83113,7.8411,,,0.261054,1.78885e-05,183,0.361129
83142,7.8435,,,0.263826,1.78093e-05,183,0.222921
83171,7.8459,,,0.263851,1.77302e-05,183,0.237104
83200,7.8483,,,0.268677,1.76514e-05,183,0.26687
83229,7.8507,,,0.263117,1.75727e-05,183,0.383789
83258,7.8532,,,0.262115,1.74941e-05,183,10.8767
83287,7.8556,,,0.254259,1.74158e-05,183,0.236511
83316,7.8580,,,0.263955,1.73376e-05,183,0.281766
83345,7.8605,,,0.260019,1.72595e-05,183,0.482487
83374,7.8629,,,0.271221,1.71817e-05,183,0.258053
83403,7.8654,,,0.269487,1.7104e-05,183,0.425706
83432,7.8678,,,0.284427,1.70265e-05,183,0.216244
83461,7.8702,,,0.253077,1.69491e-05,183,0.242949
83490,7.8726,,,0.255263,1.68719e-05,183,0.201834
83519,7.8751,,,0.286565,1.67949e-05,183,0.201262
83535,7.8812,0.268953,0.264601,,,183,
83548,7.8826,,,0.253613,1.6718e-05,184,0.348871
83577,7.8850,,,0.256216,1.66414e-05,184,0.255899
83606,7.8874,,,0.257783,1.65648e-05,184,0.207723
83635,7.8898,,,0.266166,1.64885e-05,184,0.214843
83664,7.8923,,,0.260672,1.64123e-05,184,0.182187
83693,7.8947,,,0.259935,1.63363e-05,184,0.292797
83722,7.8971,,,0.28386,1.62605e-05,184,0.233203
83751,7.8995,,,0.273803,1.61848e-05,184,0.234668
83780,7.9019,,,0.256898,1.61093e-05,184,0.257304
83809,7.9044,,,0.266865,1.6034e-05,184,0.332747
83838,7.9068,,,0.26405,1.59588e-05,184,0.282825
83867,7.9092,,,0.265503,1.58838e-05,184,0.196631
83896,7.9116,,,0.258843,1.5809e-05,184,0.301478
83925,7.9140,,,0.2656,1.57343e-05,184,0.191105
83954,7.9164,,,0.247385,1.56599e-05,184,0.413773
83983,7.9188,,,0.282339,1.55855e-05,184,0.245274
83989,7.9241,0.269031,0.264555,,,184,
84012,7.9264,,,0.256875,1.55114e-05,185,0.326255
84041,7.9288,,,0.26104,1.54374e-05,185,0.24687
84070,7.9312,,,0.268612,1.53636e-05,185,0.24331
84099,7.9336,,,0.258972,1.529e-05,185,0.26546
84128,7.9360,,,0.227673,1.52165e-05,185,0.196959
84157,7.9384,,,0.279941,1.51432e-05,185,0.18283
84186,7.9408,,,0.266582,1.50701e-05,185,0.245577
84215,7.9432,,,0.277917,1.49971e-05,185,0.266904
84244,7.9456,,,0.276219,1.49243e-05,185,0.281117
84273,7.9480,,,0.248048,1.48517e-05,185,0.213531
84302,7.9504,,,0.272962,1.47793e-05,185,0.302817
84331,7.9528,,,0.2766,1.4707e-05,185,0.237221
84360,7.9552,,,0.271682,1.46349e-05,185,0.344025
84389,7.9576,,,0.256301,1.4563e-05,185,0.208027
84418,7.9600,,,0.27752,1.44912e-05,185,0.257358
84443,7.9668,0.269016,0.264549,,,185,
84447,7.9675,,,0.263852,1.44196e-05,186,0.366047
84476,7.9699,,,0.248717,1.43482e-05,186,0.230632
84505,7.9723,,,0.274382,1.42769e-05,186,0.266876
84534,7.9747,,,0.258882,1.42058e-05,186,0.807333
84563,7.9772,,,0.279786,1.41349e-05,186,0.214968
84592,7.9796,,,0.250477,1.40642e-05,186,0.283056
84621,7.9820,,,0.263305,1.39936e-05,186,0.2129
84650,7.9844,,,0.251898,1.39232e-05,186,0.282427
84679,7.9868,,,0.271435,1.3853e-05,186,0.259522
84708,7.9892,,,0.245383,1.37829e-05,186,0.289126
84737,7.9916,,,0.283126,1.37131e-05,186,0.851393
84766,7.9940,,,0.278843,1.36433e-05,186,0.375875
84795,7.9965,,,0.262152,1.35738e-05,186,0.216793
84824,7.9989,,,0.288244,1.35044e-05,186,0.287481
84853,8.0013,,,0.284358,1.34352e-05,186,0.237341
84882,8.0037,,,0.271485,1.33662e-05,186,0.223288
84897,8.0098,0.268926,0.264248,,,186,
84911,8.0113,,,0.276647,1.32973e-05,187,0.23407
84940,8.0137,,,0.256685,1.32287e-05,187,0.227353
84969,8.0161,,,0.249581,1.31602e-05,187,0.506964
84998,8.0185,,,0.264314,1.30918e-05,187,0.432201
85027,8.0210,,,0.243287,1.30236e-05,187,0.31259
85056,8.0234,,,0.262888,1.29557e-05,187,0.214808
85085,8.0258,,,0.263439,1.28878e-05,187,1.76242
85114,8.0282,,,0.282283,1.28202e-05,187,0.293834
85143,8.0306,,,0.252914,1.27527e-05,187,0.433095
85172,8.0330,,,0.248937,1.26854e-05,187,0.293493
85201,8.0354,,,0.250925,1.26183e-05,187,0.84991
85230,8.0378,,,0.253212,1.25513e-05,187,0.278388
85259,8.0403,,,0.270503,1.24845e-05,187,0.196613
85288,8.0427,,,0.27954,1.24179e-05,187,0.227345
85317,8.0451,,,0.265553,1.23514e-05,187,0.85695
85346,8.0476,,,0.255224,1.22852e-05,187,0.251857
85351,8.0529,0.268966,0.264294,,,187,
85375,8.0552,,,0.254007,1.22191e-05,188,0.438079
85404,8.0576,,,0.256084,1.21531e-05,188,0.216207
85433,8.0601,,,0.266907,1.20874e-05,188,0.208542
85462,8.0625,,,0.260675,1.20218e-05,188,0.345693
85491,8.0649,,,0.259977,1.19564e-05,188,0.247311
85520,8.0673,,,0.280942,1.18912e-05,188,0.231329
85549,8.0697,,,0.261911,1.18261e-05,188,0.930347
85578,8.0722,,,0.266055,1.17612e-05,188,0.216912
85607,8.0746,,,0.260531,1.16965e-05,188,0.298529
85636,8.0770,,,0.251702,1.16319e-05,188,0.256753
85665,8.0795,,,0.270666,1.15676e-05,188,2.07392
85694,8.0819,,,0.277169,1.15034e-05,188,0.22949
85723,8.0843,,,0.259761,1.14393e-05,188,0.1895
85752,8.0868,,,0.271485,1.13755e-05,188,0.390066
85781,8.0892,,,0.266399,1.13118e-05,188,0.219907
85805,8.0960,0.269029,0.264201,,,188,
85810,8.0968,,,0.268571,1.12483e-05,189,0.240291
85839,8.0992,,,0.263767,1.1185e-05,189,0.211735
85868,8.1016,,,0.261185,1.11218e-05,189,0.458957
85897,8.1040,,,0.267243,1.10588e-05,189,0.243852
85926,8.1065,,,0.24394,1.0996e-05,189,1.15325
85955,8.1089,,,0.236487,1.09334e-05,189,0.228535
85984,8.1113,,,0.264371,1.08709e-05,189,0.302475
86013,8.1137,,,0.263684,1.08087e-05,189,0.299241
86042,8.1161,,,0.25374,1.07465e-05,189,0.209861
86071,8.1185,,,0.271745,1.06846e-05,189,0.231065
86100,8.1210,,,0.252165,1.06228e-05,189,4.18525
86129,8.1234,,,0.256215,1.05612e-05,189,0.271508
86158,8.1258,,,0.272108,1.04998e-05,189,0.209448
86187,8.1282,,,0.277349,1.04386e-05,189,0.399187
86216,8.1306,,,0.263509,1.03775e-05,189,0.218936
86245,8.1330,,,0.260266,1.03166e-05,189,1.50689
86259,8.1390,0.269091,0.264062,,,189,
86274,8.1406,,,0.275286,1.02559e-05,190,0.196147
86303,8.1430,,,0.254035,1.01954e-05,190,0.210474
86332,8.1455,,,0.248108,1.0135e-05,190,0.233178
86361,8.1479,,,0.268907,1.00748e-05,190,0.193829
86390,8.1503,,,0.254886,1.00148e-05,190,0.265885
86419,8.1527,,,0.260195,9.95493e-06,190,0.344123
86448,8.1551,,,0.268935,9.89526e-06,190,0.283656
86477,8.1576,,,0.276252,9.83576e-06,190,0.302233
86506,8.1600,,,0.27548,9.77644e-06,190,0.221107
86535,8.1624,,,0.268597,9.71729e-06,190,0.223852
86564,8.1648,,,0.260961,9.65832e-06,190,0.190343
86593,8.1673,,,0.285647,9.59952e-06,190,1.94305
86622,8.1697,,,0.280483,9.5409e-06,190,0.228527
86651,8.1722,,,0.251159,9.48246e-06,190,0.315504
86680,8.1746,,,0.259895,9.42418e-06,190,0.187439
86709,8.1770,,,0.270713,9.36609e-06,190,0.190813
86713,8.1822,0.268911,0.264339,,,190,
86738,8.1846,,,0.261672,9.30817e-06,191,0.184463
86767,8.1870,,,0.266314,9.25042e-06,191,0.184075
86796,8.1894,,,0.252117,9.19285e-06,191,0.231502
86825,8.1918,,,0.266332,9.13546e-06,191,0.217269
86854,8.1942,,,0.270069,9.07824e-06,191,0.194399
86883,8.1966,,,0.260386,9.0212e-06,191,0.172682
86912,8.1990,,,0.275563,8.96433e-06,191,0.223822
86941,8.2014,,,0.263053,8.90764e-06,191,0.229306
86970,8.2037,,,0.262347,8.85112e-06,191,0.382274
86999,8.2061,,,0.275594,8.79478e-06,191,0.359589
87028,8.2085,,,0.244844,8.73862e-06,191,0.383535
87057,8.2109,,,0.26549,8.68263e-06,191,0.283223
87086,8.2133,,,0.268985,8.62682e-06,191,0.201378
87115,8.2157,,,0.268953,8.57118e-06,191,0.185535
87144,8.2181,,,0.259667,8.51572e-06,191,0.16294
87167,8.2248,0.268869,0.264212,,,191,
87173,8.2257,,,0.260702,8.46044e-06,192,0.290723
87202,8.2281,,,0.264022,8.40533e-06,192,0.190389
87231,8.2305,,,0.259412,8.3504e-06,192,0.237772
87260,8.2330,,,0.236929,8.29564e-06,192,0.373399
87289,8.2354,,,0.270631,8.24106e-06,192,0.210549
87318,8.2378,,,0.255678,8.18666e-06,192,0.216719
87347,8.2402,,,0.269027,8.13243e-06,192,0.190334
87376,8.2426,,,0.254007,8.07838e-06,192,0.213499
87405,8.2450,,,0.254711,8.02451e-06,192,0.166322
87434,8.2474,,,0.252916,7.97081e-06,192,0.179644
87463,8.2498,,,0.250933,7.91729e-06,192,0.209532
87492,8.2523,,,0.262159,7.86395e-06,192,0.410261
87521,8.2547,,,0.249977,7.81078e-06,192,0.273817
87550,8.2571,,,0.257587,7.75779e-06,192,0.182561
87579,8.2595,,,0.263299,7.70498e-06,192,0.183209
87608,8.2619,,,0.252708,7.65234e-06,192,0.210052
87621,8.2678,0.268907,0.26407,,,192,
87637,8.2695,,,0.270782,7.59988e-06,193,0.237933
87666,8.2719,,,0.271098,7.5476e-06,193,0.200297
87695,8.2743,,,0.264012,7.49549e-06,193,0.226056
87724,8.2767,,,0.259315,7.44357e-06,193,0.219602
87753,8.2791,,,0.245481,7.39181e-06,193,0.202216
87782,8.2816,,,0.257898,7.34024e-06,193,0.196592
87811,8.2840,,,0.279017,7.28884e-06,193,0.575344
87840,8.2864,,,0.270396,7.23762e-06,193,0.325482
87869,8.2888,,,0.257455,7.18658e-06,193,0.183283
87898,8.2912,,,0.295072,7.13571e-06,193,0.325507
87927,8.2936,,,0.254921,7.08503e-06,193,0.218332
87956,8.2960,,,0.275411,7.03452e-06,193,0.488096
87985,8.2984,,,0.257589,6.98418e-06,193,0.208517
88014,8.3008,,,0.257937,6.93403e-06,193,0.171757
88043,8.3032,,,0.27817,6.88405e-06,193,0.647288
88072,8.3055,,,0.259272,6.83425e-06,193,0.178479
88075,8.3106,0.26894,0.264033,,,193,
88101,8.3131,,,0.261116,6.78463e-06,194,0.185496
88130,8.3155,,,0.266681,6.73518e-06,194,0.180302
88159,8.3179,,,0.270794,6.68591e-06,194,0.217365
88188,8.3203,,,0.291361,6.63682e-06,194,0.588081
88217,8.3227,,,0.266915,6.58791e-06,194,0.492903
88246,8.3251,,,0.283904,6.53918e-06,194,0.224982
88275,8.3275,,,0.248101,6.49062e-06,194,0.208577
88304,8.3299,,,0.266015,6.44224e-06,194,0.164942
88333,8.3322,,,0.264312,6.39405e-06,194,0.212195
88362,8.3346,,,0.260432,6.34602e-06,194,0.280467
88391,8.3370,,,0.26366,6.29818e-06,194,0.196128
88420,8.3394,,,0.248309,6.25051e-06,194,0.225951
88449,8.3418,,,0.268921,6.20303e-06,194,0.283229
88478,8.3442,,,0.260429,6.15572e-06,194,0.237764
88507,8.3466,,,0.250635,6.10859e-06,194,0.165999
88529,8.3532,0.268848,0.264218,,,194,
88536,8.3542,,,0.263194,6.06163e-06,195,0.258646
88565,8.3566,,,0.264939,6.01486e-06,195,0.21046
88594,8.3590,,,0.261355,5.96826e-06,195,0.230894
88623,8.3614,,,0.267406,5.92185e-06,195,0.18123
88652,8.3638,,,0.256307,5.87561e-06,195,0.212657
88681,8.3662,,,0.265512,5.82955e-06,195,0.235164
88710,8.3686,,,0.257258,5.78367e-06,195,1.19945
88739,8.3710,,,0.263973,5.73796e-06,195,0.243882
88768,8.3733,,,0.265527,5.69244e-06,195,0.208159
88797,8.3757,,,0.248671,5.64709e-06,195,0.211052
88826,8.3781,,,0.253315,5.60193e-06,195,0.169775
88855,8.3805,,,0.264053,5.55694e-06,195,0.189209
88884,8.3829,,,0.256979,5.51213e-06,195,0.164481
88913,8.3853,,,0.253414,5.4675e-06,195,0.191552
88942,8.3877,,,0.274344,5.42305e-06,195,0.334267
88971,8.3901,,,0.270967,5.37877e-06,195,4.02203
88983,8.3959,0.268967,0.264047,,,195,
89000,8.3977,,,0.268874,5.33468e-06,196,0.210305
89029,8.4001,,,0.258119,5.29077e-06,196,0.237159
89058,8.4025,,,0.266433,5.24703e-06,196,0.284397
89087,8.4049,,,0.268192,5.20347e-06,196,0.216189
89116,8.4073,,,0.267512,5.1601e-06,196,0.209953
89145,8.4097,,,0.27397,5.1169e-06,196,0.345984
89174,8.4121,,,0.255169,5.07388e-06,196,0.257479
89203,8.4146,,,0.288867,5.03104e-06,196,0.222204
89232,8.4170,,,0.266892,4.98838e-06,196,0.162337
89261,8.4194,,,0.276038,4.9459e-06,196,0.292215
89290,8.4217,,,0.259773,4.9036e-06,196,0.176188
89319,8.4242,,,0.268766,4.86148e-06,196,0.26788
89348,8.4266,,,0.247029,4.81953e-06,196,0.159889
89377,8.4290,,,0.254499,4.77777e-06,196,0.220358
89406,8.4314,,,0.274435,4.73619e-06,196,4.81809
89435,8.4338,,,0.23629,4.69478e-06,196,0.230135
89437,8.4389,0.268844,0.264,,,196,
89464,8.4414,,,0.266422,4.65356e-06,197,0.267282
89493,8.4438,,,0.253468,4.61251e-06,197,0.291578
89522,8.4463,,,0.27109,4.57165e-06,197,0.391313
89551,8.4487,,,0.25316,4.53096e-06,197,0.231207
89580,8.4511,,,0.264794,4.49046e-06,197,0.16997
89609,8.4535,,,0.262361,4.45013e-06,197,0.177832
89638,8.4559,,,0.266791,4.40999e-06,197,0.198073
89667,8.4583,,,0.26032,4.37002e-06,197,0.17125
89696,8.4607,,,0.26143,4.33024e-06,197,0.698489
89725,8.4632,,,0.271884,4.29063e-06,197,0.170978
89754,8.4656,,,0.259809,4.2512e-06,197,0.31397
89783,8.4680,,,0.279372,4.21196e-06,197,36.6095
89812,8.4704,,,0.267081,4.17289e-06,197,0.208339
89841,8.4728,,,0.26612,4.13401e-06,197,0.210544
89870,8.4752,,,0.259196,4.0953e-06,197,0.243863
89891,8.4817,0.268944,0.264116,,,197,
89899,8.4828,,,0.266337,4.05677e-06,198,0.187604
89928,8.4852,,,0.258823,4.01843e-06,198,0.219076
89957,8.4876,,,0.259174,3.98026e-06,198,0.464653
89986,8.4900,,,0.26044,3.94228e-06,198,0.180869
90015,8.4924,,,0.259423,3.90448e-06,198,0.190123
90044,8.4948,,,0.258102,3.86685e-06,198,0.251133
90073,8.4972,,,0.274427,3.82941e-06,198,1.198
90102,8.4996,,,0.256386,3.79214e-06,198,0.335868
90131,8.5020,,,0.262576,3.75506e-06,198,0.194456
90160,8.5044,,,0.265395,3.71816e-06,198,0.169606
90189,8.5068,,,0.258556,3.68144e-06,198,0.677293
90218,8.5092,,,0.257761,3.6449e-06,198,0.180945
90247,8.5116,,,0.256601,3.60854e-06,198,0.203153
90276,8.5140,,,0.261493,3.57236e-06,198,0.202534
90305,8.5165,,,0.284638,3.53636e-06,198,0.210454
90334,8.5188,,,0.270097,3.50054e-06,198,0.189966
90345,8.5246,0.268725,0.264103,,,198,
90363,8.5265,,,0.252508,3.4649e-06,199,0.218453
90392,8.5289,,,0.254885,3.42944e-06,199,0.19771
90421,8.5313,,,0.270549,3.39417e-06,199,0.165254
90450,8.5338,,,0.256294,3.35907e-06,199,0.228011
90479,8.5362,,,0.269274,3.32416e-06,199,0.211114
90508,8.5386,,,0.260466,3.28942e-06,199,0.197741
90537,8.5410,,,0.263368,3.25487e-06,199,0.238113
90566,8.5434,,,0.260917,3.2205e-06,199,0.195584
90595,8.5458,,,0.271437,3.18631e-06,199,0.174801
90624,8.5482,,,0.267483,3.1523e-06,199,0.166186
90653,8.5507,,,0.272699,3.11847e-06,199,0.270539
90682,8.5531,,,0.237152,3.08482e-06,199,0.169649
90711,8.5555,,,0.271995,3.05135e-06,199,0.170138
90740,8.5579,,,0.264645,3.01807e-06,199,0.294844
90769,8.5603,,,0.258189,2.98496e-06,199,0.265664
90798,8.5627,,,0.248678,2.95204e-06,199,0.406921
90799,8.5677,0.268806,0.26413,,,199,
90827,8.5707,,,0.281369,2.9193e-06,200,0.204194
90856,8.5731,,,0.257256,2.88674e-06,200,0.179195
90885,8.5755,,,0.272373,2.85436e-06,200,0.174399
90914,8.5779,,,0.270545,2.82216e-06,200,0.160363
90943,8.5803,,,0.273103,2.79014e-06,200,0.195876
90972,8.5827,,,0.261487,2.7583e-06,200,0.211595
91001,8.5851,,,0.254714,2.72665e-06,200,0.196228
91030,8.5874,,,0.260824,2.69518e-06,200,0.580901
91059,8.5899,,,0.274135,2.66389e-06,200,0.162668
91088,8.5924,,,0.259772,2.63278e-06,200,0.188548
91117,8.5948,,,0.274891,2.60185e-06,200,0.659679
91146,8.5972,,,0.259146,2.5711e-06,200,0.2846
91175,8.5996,,,0.255328,2.54054e-06,200,0.219308
91204,8.6020,,,0.267982,2.51015e-06,200,0.132559
91233,8.6044,,,0.2787,2.47995e-06,200,0.404758
91253,8.6110,0.268777,0.263682,,,200,
91262,8.6121,,,0.258346,2.44993e-06,201,0.409664
91291,8.6145,,,0.253438,2.42009e-06,201,0.177771
91320,8.6169,,,0.264236,2.39044e-06,201,0.353126
91349,8.6193,,,0.273954,2.36096e-06,201,0.201227
91378,8.6217,,,0.251852,2.33167e-06,201,0.444635
91407,8.6241,,,0.253854,2.30256e-06,201,0.215344
91436,8.6266,,,0.298432,2.27363e-06,201,0.369023
91465,8.6290,,,0.264317,2.24488e-06,201,0.147459
91494,8.6314,,,0.260038,2.21631e-06,201,0.176813
91523,8.6337,,,0.263005,2.18793e-06,201,0.200539
91552,8.6361,,,0.277473,2.15973e-06,201,0.651332
91581,8.6386,,,0.252188,2.13171e-06,201,0.186825
91610,8.6410,,,0.261633,2.10387e-06,201,0.194839
91639,8.6434,,,0.264417,2.07621e-06,201,0.167535
91668,8.6458,,,0.268983,2.04874e-06,201,0.184943
91697,8.6481,,,0.267243,2.02145e-06,201,0.176342
91707,8.6538,0.268768,0.263698,,,201,
91726,8.6557,,,0.275451,1.99434e-06,202,0.185714
91755,8.6581,,,0.263816,1.96741e-06,202,0.157958
91784,8.6605,,,0.274573,1.94066e-06,202,0.290307
91813,8.6629,,,0.257878,1.9141e-06,202,0.191292
91842,8.6653,,,0.263115,1.88772e-06,202,0.189387
91871,8.6677,,,0.265622,1.86152e-06,202,0.150112
91900,8.6701,,,0.254585,1.8355e-06,202,0.297957
91929,8.6724,,,0.278754,1.80967e-06,202,0.245606
91958,8.6748,,,0.277198,1.78401e-06,202,0.172275
91987,8.6772,,,0.249903,1.75854e-06,202,0.156277
92016,8.6796,,,0.263381,1.73326e-06,202,0.229912
92045,8.6820,,,0.2588,1.70815e-06,202,0.503456
92074,8.6844,,,0.276924,1.68323e-06,202,0.213006
92103,8.6868,,,0.267259,1.65849e-06,202,0.235389
92132,8.6892,,,0.255154,1.63393e-06,202,0.16193
92161,8.6964,0.268776,0.263608,0.258928,1.60955e-06,202,0.209928
92190,8.6992,,,0.25491,1.58536e-06,203,0.511753
92219,8.7016,,,0.277137,1.56135e-06,203,0.239161
92248,8.7039,,,0.254929,1.53752e-06,203,0.149323
92277,8.7063,,,0.275467,1.51387e-06,203,6.74568
92306,8.7087,,,0.268488,1.49041e-06,203,0.1917
92335,8.7111,,,0.270112,1.46713e-06,203,0.153722
92364,8.7135,,,0.252087,1.44403e-06,203,0.565033
92393,8.7159,,,0.247235,1.42112e-06,203,0.164662
92422,8.7183,,,0.24814,1.39838e-06,203,0.168934
92451,8.7207,,,0.253594,1.37583e-06,203,0.375712
92480,8.7231,,,0.247285,1.35347e-06,203,0.141774
92509,8.7255,,,0.25048,1.33128e-06,203,0.373591
92538,8.7279,,,0.259276,1.30928e-06,203,0.190805
92567,8.7303,,,0.260566,1.28746e-06,203,0.216722
92596,8.7326,,,0.260757,1.26582e-06,203,0.362769
92615,8.7390,0.268707,0.263718,,,203,
92625,8.7402,,,0.267915,1.24437e-06,204,0.182778
92654,8.7426,,,0.251064,1.2231e-06,204,0.352659
92683,8.7450,,,0.267064,1.20201e-06,204,0.141579
92712,8.7474,,,0.241325,1.1811e-06,204,0.17686
92741,8.7498,,,0.268284,1.16038e-06,204,0.569477
92770,8.7522,,,0.278004,1.13984e-06,204,0.174578
92799,8.7545,,,0.269224,1.11949e-06,204,0.235697
92828,8.7569,,,0.267533,1.09931e-06,204,0.152417
92857,8.7593,,,0.275416,1.07932e-06,204,4.17835
92886,8.7617,,,0.2667,1.05951e-06,204,0.304768
92915,8.7641,,,0.276151,1.03989e-06,204,0.178906
92944,8.7665,,,0.276314,1.02044e-06,204,0.456562
92973,8.7690,,,0.249852,1.00119e-06,204,1.82941
93002,8.7714,,,0.2754,9.8211e-07,204,0.148851
93031,8.7738,,,0.25797,9.63217e-07,204,8.91008
93060,8.7762,,,0.286233,9.44507e-07,204,0.256843
93069,8.7818,0.268763,0.26372,,,204,
93089,8.7838,,,0.264069,9.2598e-07,205,0.164511
93118,8.7862,,,0.242734,9.07636e-07,205,0.192682
93147,8.7887,,,0.273945,8.89475e-07,205,0.151586
93176,8.7911,,,0.262651,8.71498e-07,205,0.241151
93205,8.7936,,,0.265708,8.53703e-07,205,0.275225
93234,8.7960,,,0.251532,8.36092e-07,205,0.182852
93263,8.7983,,,0.260835,8.18664e-07,205,0.246592
93292,8.8007,,,0.247236,8.01419e-07,205,0.172288
93321,8.8032,,,0.264303,7.84357e-07,205,0.340652
93350,8.8056,,,0.260873,7.67479e-07,205,0.218703
93379,8.8080,,,0.263186,7.50783e-07,205,0.204215
93408,8.8104,,,0.257154,7.34271e-07,205,0.206061
93437,8.8128,,,0.276153,7.17943e-07,205,0.709636
93466,8.8152,,,0.248729,7.01797e-07,205,0.147935
93495,8.8177,,,0.253724,6.85835e-07,205,0.205058
93523,8.8248,0.268796,0.263863,,,205,
93524,8.8252,,,0.262021,6.70056e-07,206,0.199789
93553,8.8276,,,0.263232,6.54461e-07,206,1.04696
93582,8.8300,,,0.26064,6.39048e-07,206,0.15599
93611,8.8324,,,0.257294,6.23819e-07,206,0.193183
93640,8.8348,,,0.273956,6.08774e-07,206,0.224152
93669,8.8372,,,0.262174,5.93912e-07,206,0.186656
93698,8.8396,,,0.287838,5.79233e-07,206,3.98717
93727,8.8420,,,0.273876,5.64738e-07,206,0.200114
93756,8.8445,,,0.248416,5.50426e-07,206,0.315606
93785,8.8469,,,0.261497,5.36298e-07,206,0.634167
93814,8.8493,,,0.264666,5.22353e-07,206,0.268675
93843,8.8517,,,0.269879,5.08591e-07,206,0.155357
93872,8.8541,,,0.269176,4.95013e-07,206,0.194996
93901,8.8565,,,0.265928,4.81618e-07,206,0.154305
93930,8.8589,,,0.281111,4.68407e-07,206,16.0129
93959,8.8613,,,0.242633,4.5538e-07,206,0.837482
93977,8.8676,0.268766,0.263643,,,206,
93988,8.8688,,,0.266419,4.42536e-07,207,0.162678
94017,8.8713,,,0.270382,4.29875e-07,207,0.214301
94046,8.8737,,,0.26583,4.17398e-07,207,0.272734
94075,8.8761,,,0.270013,4.05105e-07,207,0.671397
94104,8.8785,,,0.270733,3.92995e-07,207,0.587262
94133,8.8809,,,0.262205,3.81069e-07,207,0.13283
94162,8.8833,,,0.246713,3.69326e-07,207,0.201006
94191,8.8858,,,0.268882,3.57767e-07,207,0.174125
94220,8.8882,,,0.282279,3.46391e-07,207,0.191713
94249,8.8906,,,0.270804,3.352e-07,207,0.221946
94278,8.8930,,,0.251878,3.24191e-07,207,0.149653
94307,8.8954,,,0.254389,3.13367e-07,207,0.39523
94336,8.8978,,,0.283319,3.02726e-07,207,0.157513
94365,8.9002,,,0.263985,2.92269e-07,207,0.152513
94394,8.9026,,,0.260595,2.81995e-07,207,0.156427
94423,8.9050,,,0.281546,2.71905e-07,207,0.195081
94431,8.9105,0.268778,0.263554,,,207,
94452,8.9126,,,0.273781,2.61999e-07,208,0.174138
94481,8.9150,,,0.276766,2.52276e-07,208,0.190216
94510,8.9174,,,0.265756,2.42738e-07,208,0.318085
94539,8.9198,,,0.25791,2.33383e-07,208,0.271421
94568,8.9222,,,0.261517,2.24211e-07,208,1.14326
94597,8.9247,,,0.266164,2.15224e-07,208,0.204346
94626,8.9271,,,0.230811,2.0642e-07,208,1.04591
94655,8.9295,,,0.261103,1.978e-07,208,0.311033
94684,8.9319,,,0.258104,1.89363e-07,208,0.14418
94713,8.9343,,,0.270454,1.81111e-07,208,0.282063
94742,8.9368,,,0.273034,1.73042e-07,208,0.156858
94771,8.9392,,,0.273071,1.65157e-07,208,0.165766
94800,8.9416,,,0.261614,1.57456e-07,208,0.175449
94829,8.9441,,,0.256258,1.49938e-07,208,0.163087
94858,8.9465,,,0.255146,1.42604e-07,208,0.157907
94885,8.9536,0.268774,0.263831,,,208,
94887,8.9542,,,0.263774,1.35455e-07,209,0.170471
94916,8.9566,,,0.287337,1.28489e-07,209,0.23166
94945,8.9591,,,0.280288,1.21706e-07,209,0.171213
94974,8.9615,,,0.263303,1.15108e-07,209,0.134657
95003,8.9640,,,0.299422,1.08693e-07,209,0.193246
95032,8.9664,,,0.246052,1.02463e-07,209,0.135647
95061,8.9689,,,0.270995,9.64159e-08,209,0.132974
95090,8.9713,,,0.259438,9.05529e-08,209,0.161506
95119,8.9738,,,0.27614,8.48738e-08,209,0.169807
95148,8.9763,,,0.27621,7.93785e-08,209,0.162335
95177,8.9787,,,0.26239,7.40671e-08,209,0.171209
95206,8.9812,,,0.249675,6.89396e-08,209,0.237209
95235,8.9836,,,0.247497,6.39959e-08,209,0.169063
95264,8.9860,,,0.277855,5.92361e-08,209,0.181502
95293,8.9885,,,0.259768,5.46602e-08,209,0.329685
95322,8.9910,,,0.268447,5.02682e-08,209,1.13313
95339,8.9972,0.268768,0.263673,,,209,
95351,8.9986,,,0.259844,4.60601e-08,210,0.269347
95380,9.0010,,,0.259468,4.20359e-08,210,0.196815
95409,9.0035,,,0.26521,3.81956e-08,210,0.193188
95438,9.0060,,,0.255301,3.45392e-08,210,0.320836
95467,9.0084,,,0.258302,3.10667e-08,210,0.57718
95496,9.0108,,,0.262414,2.77782e-08,210,0.16408
95525,9.0133,,,0.239854,2.46735e-08,210,0.178012
95554,9.0157,,,0.28516,2.17528e-08,210,0.149776
95583,9.0182,,,0.267352,1.90159e-08,210,0.227842
95612,9.0206,,,0.278877,1.6463e-08,210,0.421887
95641,9.0230,,,0.268745,1.40941e-08,210,0.260171
95670,9.0255,,,0.264516,1.1909e-08,210,0.128419
95699,9.0279,,,0.259491,9.90791e-09,210,0.167548
95728,9.0303,,,0.260406,8.09072e-09,210,0.403354
95757,9.0328,,,0.271126,6.45747e-09,210,0.335982
95786,9.0352,,,0.277652,5.00816e-09,210,0.41561
95793,9.0407,0.268765,0.263687,,,210,
95815,9.0428,,,0.272661,3.74278e-09,211,0.178577
95844,9.0453,,,0.272076,2.66134e-09,211,0.640091
95873,9.0478,,,0.250618,1.76384e-09,211,0.204084
95902,9.0502,,,0.275436,1.05028e-09,211,0.172746
95931,9.0527,,,0.268986,5.20656e-10,211,0.382519
95960,9.0551,,,0.249145,1.74974e-10,211,0.22896
95989,9.0575,,,0.258689,1.32324e-11,211,0.1197
95999,9.0586,,0.263056,,,211,
