step,hours,val_loss,train_loss_epoch,train_loss_step,lr-AdamW,epoch,gradient_2norm
28,0.0001,,,1.21494,1.12e-05,0,0.962104
57,0.0017,,,1.00782,2.28e-05,0,0.534739
86,0.0033,,,0.947922,3.44e-05,0,0.446309
115,0.0050,,,0.864978,4.6e-05,0,0.38398
144,0.0066,,,0.734838,5.76e-05,0,0.55791
173,0.0083,,,0.631237,6.92e-05,0,1.11185
202,0.0099,,,0.549392,8.08e-05,0,1.31912
231,0.0115,,,0.49632,9.24e-05,0,0.404084
260,0.0132,,,0.481757,0.000104,0,0.498287
289,0.0148,,,0.43505,0.0001156,0,0.500647
318,0.0165,,,0.417024,0.0001272,0,0.340707
347,0.0181,,,0.38726,0.0001388,0,0.30001
376,0.0197,,,0.412463,0.0001504,0,0.311247
405,0.0214,,,0.410331,0.000162,0,0.659039
434,0.0230,,,0.354672,0.0001736,0,0.583762
453,0.0275,0.358492,0.636585,,,0,
463,0.0284,,,0.356845,0.0001852,1,0.456648
492,0.0301,,,0.368014,0.0001968,1,0.50509
521,0.0317,,,0.371229,0.0002084,1,0.507725
550,0.0333,,,0.337079,0.00022,1,0.581841
579,0.0349,,,0.368322,0.0002316,1,0.491801
608,0.0366,,,0.357905,0.0002432,1,0.307545
637,0.0382,,,0.329526,0.0002548,1,0.414983
666,0.0398,,,0.339618,0.0002664,1,0.436365
695,0.0414,,,0.344385,0.000278,1,0.375562
724,0.0430,,,0.334306,0.0002896,1,0.413223
753,0.0446,,,0.349337,0.0003012,1,0.411823
782,0.0462,,,0.365255,0.0003128,1,0.378334
811,0.0478,,,0.335099,0.0003244,1,0.419855
840,0.0494,,,0.334748,0.000336,1,0.38973
869,0.0510,,,0.326185,0.0003476,1,0.297427
898,0.0526,,,0.331793,0.0003592,1,0.336812
907,0.0565,0.325016,0.345489,,,1,
927,0.0580,,,0.327952,0.0003708,2,0.329116
956,0.0596,,,0.317594,0.0003824,2,0.269883
985,0.0612,,,0.324663,0.000394,2,0.258885
1014,0.0628,,,0.328618,0.0004,2,0.323442
1043,0.0644,,,0.326177,0.0004,2,0.256333
1072,0.0660,,,0.320462,0.0004,2,0.260918
1101,0.0676,,,0.337797,0.000399999,2,0.379104
1130,0.0692,,,0.304944,0.000399998,2,0.276259
1159,0.0708,,,0.317001,0.000399998,2,0.293074
1188,0.0724,,,0.304365,0.000399997,2,0.253243
1217,0.0740,,,0.317358,0.000399996,2,0.223655
1246,0.0756,,,0.308638,0.000399994,2,0.292911
1275,0.0772,,,0.327402,0.000399993,2,0.438324
1304,0.0788,,,0.311149,0.000399992,2,0.266538
1333,0.0804,,,0.324051,0.00039999,2,0.287995
1361,0.0854,0.306978,0.320343,,,2,
1362,0.0859,,,0.307536,0.000399988,3,0.257811
1391,0.0875,,,0.318378,0.000399986,3,0.184689
1420,0.0891,,,0.318227,0.000399984,3,0.381716
1449,0.0908,,,0.296101,0.000399982,3,0.205396
1478,0.0924,,,0.320611,0.000399979,3,0.298861
1507,0.0941,,,0.310383,0.000399977,3,0.32242
1536,0.0957,,,0.304556,0.000399974,3,0.19005
1565,0.0974,,,0.314924,0.000399971,3,0.242145
1594,0.0990,,,0.31996,0.000399968,3,0.263808
1623,0.1007,,,0.301613,0.000399965,3,0.263266
1652,0.1024,,,0.309702,0.000399961,3,0.294625
1681,0.1040,,,0.304372,0.000399958,3,0.214346
1710,0.1056,,,0.303927,0.000399954,3,0.261547
1739,0.1072,,,0.301379,0.00039995,3,0.256703
1768,0.1088,,,0.315233,0.000399946,3,0.31393
1797,0.1104,,,0.318189,0.000399942,3,0.188455
1815,0.1148,0.302128,0.310732,,,3,
1826,0.1158,,,0.326651,0.000399938,4,0.307834
1855,0.1174,,,0.305946,0.000399933,4,0.23028
1884,0.1190,,,0.299089,0.000399929,4,0.210161
1913,0.1206,,,0.310775,0.000399924,4,0.250865
1942,0.1222,,,0.304562,0.000399919,4,0.219338
1971,0.1238,,,0.300777,0.000399914,4,0.225589
2000,0.1254,,,0.310922,0.000399909,4,0.245076
2029,0.1270,,,0.290481,0.000399903,4,0.202986
2058,0.1286,,,0.29601,0.000399898,4,0.343596
2087,0.1302,,,0.317059,0.000399892,4,0.176369
2116,0.1318,,,0.301772,0.000399886,4,0.193611
2145,0.1334,,,0.306924,0.00039988,4,0.290648
2174,0.1350,,,0.312389,0.000399874,4,0.194625
2203,0.1366,,,0.294545,0.000399868,4,0.161066
2232,0.1382,,,0.302397,0.000399862,4,0.232984
2261,0.1397,,,0.293155,0.000399855,4,0.22614
2269,0.1436,0.300649,0.305925,,,4,
2290,0.1452,,,0.291494,0.000399848,5,0.242067
2319,0.1468,,,0.291482,0.000399841,5,0.213642
2348,0.1484,,,0.319651,0.000399834,5,0.2986
2377,0.1500,,,0.30978,0.000399827,5,0.279548
2406,0.1516,,,0.29524,0.00039982,5,0.186689
2435,0.1532,,,0.32204,0.000399812,5,0.489345
2464,0.1548,,,0.317134,0.000399804,5,0.27956
2493,0.1564,,,0.313752,0.000399797,5,0.235644
2522,0.1580,,,0.32374,0.000399789,5,0.196357
2551,0.1596,,,0.312195,0.000399781,5,0.284017
2580,0.1612,,,0.314228,0.000399772,5,0.270054
2609,0.1628,,,0.328117,0.000399764,5,0.166055
2638,0.1644,,,0.325948,0.000399755,5,0.155664
2667,0.1660,,,0.327126,0.000399746,5,0.181707
2696,0.1676,,,0.315255,0.000399738,5,0.191514
2723,0.1724,0.317668,0.315972,,,5,
2725,0.1730,,,0.32916,0.000399729,6,0.209391
2754,0.1746,,,0.345425,0.000399719,6,0.369377
2783,0.1762,,,0.322699,0.00039971,6,0.338648
2812,0.1778,,,0.316698,0.0003997,6,0.171702
2841,0.1794,,,0.301026,0.000399691,6,0.186606
2870,0.1810,,,0.335556,0.000399681,6,0.280909
2899,0.1826,,,0.331615,0.000399671,6,0.221894
2928,0.1842,,,0.340549,0.000399661,6,0.253165
2957,0.1858,,,0.346673,0.000399651,6,0.221185
2986,0.1874,,,0.335828,0.00039964,6,0.241163
3015,0.1890,,,0.340389,0.00039963,6,0.157581
3044,0.1906,,,0.355002,0.000399619,6,0.380915
3073,0.1922,,,0.341054,0.000399608,6,0.381711
3102,0.1938,,,0.311753,0.000399597,6,0.234047
3131,0.1954,,,0.345145,0.000399586,6,0.264841
3160,0.1970,,,0.299568,0.000399574,6,0.290861
3177,0.2013,0.31475,0.326211,,,6,
3189,0.2024,,,0.341558,0.000399563,7,0.363279
3218,0.2040,,,0.308442,0.000399551,7,0.205689
3247,0.2056,,,0.307269,0.000399539,7,0.20705
3276,0.2072,,,0.314445,0.000399527,7,0.176162
3305,0.2088,,,0.322191,0.000399515,7,0.150849
3334,0.2104,,,0.308865,0.000399503,7,0.196594
3363,0.2120,,,0.321441,0.000399491,7,0.285206
3392,0.2136,,,0.331457,0.000399478,7,0.200308
3421,0.2152,,,0.344434,0.000399465,7,0.158562
3450,0.2168,,,0.348339,0.000399453,7,0.174918
3479,0.2184,,,0.309238,0.000399439,7,0.202697
3508,0.2200,,,0.322192,0.000399426,7,0.135485
3537,0.2216,,,0.307809,0.000399413,7,0.1384
3566,0.2232,,,0.324149,0.000399399,7,0.246554
3595,0.2248,,,0.299998,0.000399386,7,0.162391
3624,0.2263,,,0.300234,0.000399372,7,0.208326
3631,0.2301,0.315479,0.319873,,,7,
3653,0.2317,,,0.315234,0.000399358,8,0.176091
3682,0.2333,,,0.320241,0.000399344,8,0.435343
3711,0.2350,,,0.326946,0.00039933,8,0.212331
3740,0.2366,,,0.318621,0.000399315,8,0.1408
3769,0.2382,,,0.327605,0.000399301,8,0.153856
3798,0.2398,,,0.337747,0.000399286,8,0.176675
3827,0.2414,,,0.331344,0.000399271,8,0.311079
3856,0.2430,,,0.312673,0.000399256,8,0.177381
3885,0.2446,,,0.317175,0.000399241,8,0.315753
3914,0.2462,,,0.311752,0.000399226,8,0.191058
3943,0.2478,,,0.324108,0.00039921,8,0.209502
3972,0.2494,,,0.314908,0.000399195,8,0.568613
4001,0.2510,,,0.332301,0.000399179,8,0.224769
4030,0.2526,,,0.338619,0.000399163,8,0.176356
4059,0.2542,,,0.358745,0.000399147,8,0.28084
4085,0.2590,0.338088,0.319913,,,8,
4088,0.2596,,,0.360551,0.00039913,9,2.69081
4117,0.2612,,,0.322703,0.000399114,9,1.00736
4146,0.2628,,,0.317603,0.000399098,9,0.345181
4175,0.2644,,,0.321383,0.000399081,9,0.232732
4204,0.2660,,,0.32473,0.000399064,9,1.07879
4233,0.2676,,,0.36317,0.000399047,9,2.25375
4262,0.2692,,,0.342043,0.00039903,9,0.907317
4291,0.2708,,,0.339457,0.000399013,9,0.364067
4320,0.2724,,,0.329129,0.000398995,9,0.512333
4349,0.2740,,,0.334829,0.000398977,9,0.529552
4378,0.2756,,,0.353035,0.00039896,9,0.294493
4407,0.2772,,,0.370875,0.000398942,9,0.648596
4436,0.2788,,,0.337646,0.000398924,9,0.711598
4465,0.2804,,,0.359477,0.000398905,9,1.14193
4494,0.2820,,,0.326215,0.000398887,9,1.98057
4523,0.2836,,,0.342741,0.000398869,9,1.20678
4539,0.2879,0.356884,0.340053,,,9,
4552,0.2890,,,0.359035,0.00039885,10,7.49787
4581,0.2906,,,0.358283,0.000398831,10,8.46698
4610,0.2922,,,0.353874,0.000398812,10,120.459
4639,0.2939,,,0.381805,0.000398793,10,22.9298
4668,0.2955,,,0.369887,0.000398774,10,16.5853
4697,0.2973,,,0.369229,0.000398754,10,32.1946
4726,0.2990,,,0.35783,0.000398734,10,7.67803
4755,0.3006,,,0.370039,0.000398715,10,6.03989
4784,0.3022,,,0.349624,0.000398695,10,24.4088
4813,0.3039,,,0.347023,0.000398675,10,7.71349
4842,0.3055,,,0.451366,0.000398655,10,6.93518
4871,0.3071,,,0.387595,0.000398634,10,216.82
4900,0.3087,,,0.375223,0.000398614,10,576.186
4929,0.3103,,,0.379647,0.000398593,10,11.6979
4958,0.3119,,,0.362081,0.000398572,10,80.2297
4987,0.3135,,,0.372179,0.000398551,10,11.6536
4993,0.3173,0.372856,0.370172,,,10,
5016,0.3189,,,0.355021,0.00039853,11,738.811
5045,0.3205,,,0.357609,0.000398509,11,33.3593
5074,0.3222,,,0.339363,0.000398487,11,50.138
5103,0.3238,,,0.351971,0.000398466,11,9.92928
5132,0.3254,,,0.339268,0.000398444,11,24.8398
5161,0.3270,,,0.352272,0.000398422,11,99.2727
5190,0.3286,,,0.375074,0.0003984,11,24.0685
5219,0.3302,,,0.366345,0.000398378,11,17.7109
5248,0.3318,,,0.375947,0.000398356,11,41.0546
5277,0.3335,,,0.359935,0.000398333,11,15.1369
5306,0.3351,,,0.444576,0.00039831,11,208.874
5335,0.3367,,,0.379645,0.000398288,11,497.509
5364,0.3383,,,0.376829,0.000398265,11,174.524
5393,0.3399,,,0.337942,0.000398242,11,396.893
5422,0.3415,,,0.374915,0.000398218,11,15.8233
5447,0.3463,0.366082,0.366789,,,11,
5451,0.3470,,,0.360568,0.000398195,12,554.222
5480,0.3486,,,0.382682,0.000398171,12,268.543
5509,0.3502,,,0.361366,0.000398148,12,70.4112
5538,0.3518,,,0.347433,0.000398124,12,168.139
5567,0.3534,,,0.371673,0.0003981,12,148.365
5596,0.3550,,,0.370694,0.000398076,12,218.403
5625,0.3569,,,0.375073,0.000398051,12,29.4517
5654,0.3585,,,0.36428,0.000398027,12,83.4594
5683,0.3601,,,0.364424,0.000398002,12,374.65
5712,0.3617,,,0.364222,0.000397977,12,74.8198
5741,0.3634,,,0.366823,0.000397952,12,978.391
5770,0.3650,,,0.373407,0.000397927,12,50.3058
5799,0.3666,,,0.355525,0.000397902,12,73.8962
5828,0.3682,,,0.376995,0.000397877,12,908.395
5857,0.3699,,,1.18882,0.000397851,12,28.3033
5886,0.3715,,,0.552144,0.000397826,12,4.86602
5901,0.3757,0.710761,0.408906,,,12,
5915,0.3769,,,0.643041,0.0003978,13,11.7114
5944,0.3785,,,0.442023,0.000397774,13,3.7882
5973,0.3801,,,0.458613,0.000397748,13,1.33981
6002,0.3818,,,0.448251,0.000397721,13,3.13121
6031,0.3834,,,0.470957,0.000397695,13,139.59
6060,0.3850,,,0.372525,0.000397668,13,7.81557
6089,0.3866,,,0.545812,0.000397641,13,187.114
6118,0.3883,,,0.395565,0.000397615,13,19.9318
6147,0.3899,,,0.419874,0.000397588,13,1.49479
6176,0.3915,,,0.375073,0.00039756,13,11.2935
6205,0.3931,,,0.359057,0.000397533,13,11.7324
6234,0.3948,,,0.358845,0.000397505,13,49.304
6263,0.3964,,,0.379433,0.000397478,13,1.58409
6292,0.3980,,,0.367407,0.00039745,13,1.43767
6321,0.3996,,,0.360571,0.000397422,13,22.5312
6350,0.4012,,,0.354804,0.000397394,13,12.6963
6355,0.4050,0.351944,0.418389,,,13,
6379,0.4067,,,0.358433,0.000397366,14,97.765
6408,0.4083,,,0.384593,0.000397337,14,11.9905
6437,0.4100,,,0.366855,0.000397309,14,100.98
6466,0.4116,,,0.329553,0.00039728,14,178.619
6495,0.4132,,,0.333008,0.000397251,14,145.284
6524,0.4149,,,0.319451,0.000397222,14,12.7828
6553,0.4165,,,0.353487,0.000397193,14,450.744
6582,0.4181,,,0.338542,0.000397164,14,42.974
6611,0.4197,,,0.343223,0.000397134,14,39.2686
6640,0.4214,,,0.325521,0.000397104,14,55.142
6669,0.4230,,,0.344748,0.000397075,14,203.172
6698,0.4246,,,0.333179,0.000397045,14,494.429
6727,0.4262,,,0.337856,0.000397015,14,538.664
6756,0.4279,,,0.340785,0.000396984,14,877.349
6785,0.4295,,,0.336537,0.000396954,14,14.271
6809,0.4343,0.339327,0.352231,,,14,
6814,0.4349,,,0.358563,0.000396923,15,111.866
6843,0.4366,,,0.371655,0.000396893,15,42.4263
6872,0.4382,,,0.355452,0.000396862,15,77.9107
6901,0.4398,,,0.341017,0.000396831,15,19.9337
6930,0.4414,,,0.346177,0.0003968,15,39.4674
6959,0.4431,,,0.340841,0.000396768,15,9.16792
6988,0.4447,,,0.361942,0.000396737,15,178.635
7017,0.4463,,,0.386653,0.000396705,15,8.71722
7046,0.4480,,,0.351698,0.000396674,15,7.52451
7075,0.4496,,,0.325845,0.000396642,15,1321.98
7104,0.4512,,,0.342826,0.00039661,15,4700.45
7133,0.4528,,,0.355199,0.000396578,15,24.3558
7162,0.4544,,,0.363721,0.000396545,15,14.8048
7191,0.4560,,,0.346563,0.000396513,15,28.7127
7220,0.4576,,,0.406959,0.00039648,15,130.977
7249,0.4592,,,0.360757,0.000396447,15,91.9301
7263,0.4634,0.344428,0.356091,,,15,
7278,0.4646,,,0.378912,0.000396414,16,346.848
7307,0.4662,,,0.35124,0.000396381,16,91.341
7336,0.4678,,,0.372716,0.000396348,16,34.878
7365,0.4694,,,0.583935,0.000396315,16,237.682
7394,0.4710,,,0.3657,0.000396281,16,146.067
7423,0.4726,,,0.371396,0.000396247,16,39.7681
7452,0.4742,,,0.332752,0.000396213,16,8.81486
7481,0.4758,,,0.375116,0.000396179,16,236.588
7510,0.4774,,,0.34748,0.000396145,16,2017.02
7539,0.4791,,,0.357203,0.000396111,16,6674.61
7568,0.4807,,,0.335385,0.000396077,16,191.062
7597,0.4823,,,0.358822,0.000396042,16,128.348
7626,0.4839,,,0.33747,0.000396007,16,990.251
7655,0.4855,,,0.368898,0.000395972,16,104.921
7684,0.4871,,,0.368534,0.000395937,16,1022.5
7713,0.4887,,,0.366553,0.000395902,16,2711.74
7717,0.4923,0.354943,0.376461,,,16,
7742,0.4941,,,0.343653,0.000395867,17,267.149
7771,0.4958,,,0.3532,0.000395831,17,5583.86
7800,0.4974,,,0.388488,0.000395795,17,122.216
7829,0.4991,,,0.354299,0.00039576,17,226.929
7858,0.5007,,,0.368268,0.000395724,17,4686.54
7887,0.5024,,,0.353605,0.000395688,17,717.724
7916,0.5041,,,0.375892,0.000395651,17,10733
7945,0.5057,,,0.372738,0.000395615,17,481.562
7974,0.5073,,,0.361115,0.000395578,17,286.965
8003,0.5089,,,0.367835,0.000395542,17,77.6379
8032,0.5105,,,0.377004,0.000395505,17,571.969
8061,0.5121,,,0.360139,0.000395468,17,9217.92
8090,0.5137,,,0.397605,0.000395431,17,3317.03
8119,0.5154,,,0.361052,0.000395393,17,451.921
8148,0.5170,,,0.36489,0.000395356,17,653.464
8171,0.5216,0.364057,0.367491,,,17,
8177,0.5223,,,0.349998,0.000395318,18,512.095
8206,0.5239,,,0.368532,0.00039528,18,7933.4
8235,0.5256,,,0.399736,0.000395242,18,2375.8
8264,0.5272,,,0.413174,0.000395204,18,11016.5
8293,0.5288,,,0.386423,0.000395166,18,802.602
8322,0.5304,,,0.384455,0.000395128,18,476.262
8351,0.5320,,,0.383285,0.000395089,18,100517
8380,0.5336,,,0.384302,0.000395051,18,7224.33
8409,0.5352,,,0.392411,0.000395012,18,1485.1
8438,0.5368,,,0.372421,0.000394973,18,2468.12
8467,0.5384,,,0.376807,0.000394934,18,31071.8
8496,0.5400,,,0.35779,0.000394895,18,4373.34
8525,0.5416,,,0.370139,0.000394855,18,5929.68
8554,0.5432,,,0.386044,0.000394816,18,3083.17
8583,0.5448,,,0.388729,0.000394776,18,4972
8612,0.5463,,,0.372347,0.000394736,18,5.51465e+07
8625,0.5505,0.377051,0.37816,,,18,
8641,0.5518,,,0.351203,0.000394696,19,353851
8670,0.5534,,,0.352803,0.000394656,19,10137.8
8699,0.5550,,,0.375296,0.000394616,19,3261.83
8728,0.5566,,,0.360444,0.000394575,19,93195.3
8757,0.5582,,,0.359998,0.000394534,19,3435.68
8786,0.5598,,,0.369465,0.000394494,19,3400.69
8815,0.5614,,,0.367984,0.000394453,19,17391
8844,0.5630,,,0.371377,0.000394412,19,7596.49
8873,0.5646,,,0.366796,0.000394371,19,1031.01
8902,0.5662,,,0.370066,0.000394329,19,6010.93
8931,0.5678,,,0.388355,0.000394288,19,1768.89
8960,0.5694,,,0.397019,0.000394246,19,1398.6
8989,0.5710,,,0.383396,0.000394204,19,355.677
9018,0.5726,,,0.381412,0.000394162,19,3427.52
9047,0.5742,,,0.371487,0.00039412,19,233.505
9076,0.5757,,,0.396657,0.000394078,19,8302.1
9079,0.5793,0.381082,0.380457,,,19,
9105,0.5812,,,0.379543,0.000394036,20,141168
9134,0.5828,,,0.380409,0.000393993,20,1376.56
9163,0.5844,,,0.378228,0.00039395,20,6212.97
9192,0.5860,,,0.381901,0.000393908,20,952.647
9221,0.5876,,,0.403178,0.000393865,20,8369.57
9250,0.5892,,,0.38595,0.000393821,20,6567.85
9279,0.5908,,,0.404999,0.000393778,20,1651.58
9308,0.5924,,,0.407501,0.000393735,20,8238.85
9337,0.5940,,,0.404242,0.000393691,20,3846.92
9366,0.5956,,,0.388426,0.000393647,20,19121.5
9395,0.5972,,,0.399828,0.000393603,20,10872.9
9424,0.5988,,,0.394553,0.000393559,20,15778
9453,0.6004,,,0.38723,0.000393515,20,79392.2
9482,0.6020,,,0.402675,0.000393471,20,18223.6
9511,0.6036,,,0.412083,0.000393426,20,829.8
9533,0.6083,0.402011,0.391744,,,20,
9540,0.6090,,,0.395548,0.000393382,21,8572.61
9569,0.6107,,,0.40083,0.000393337,21,3586.55
9598,0.6123,,,0.40637,0.000393292,21,2641.99
9627,0.6139,,,0.425804,0.000393247,21,27868.5
9656,0.6155,,,0.389924,0.000393202,21,4623.08
9685,0.6171,,,0.390283,0.000393156,21,68545.9
9714,0.6187,,,0.42625,0.000393111,21,4257.09
9743,0.6203,,,0.401888,0.000393065,21,64281.9
9772,0.6220,,,0.387289,0.000393019,21,26506.9
9801,0.6236,,,0.396704,0.000392974,21,5999.24
9830,0.6252,,,0.415129,0.000392927,21,2442.8
9859,0.6268,,,0.411467,0.000392881,21,39109.6
9888,0.6284,,,0.398634,0.000392835,21,787.589
9917,0.6300,,,0.3967,0.000392788,21,7482.22
9946,0.6316,,,0.401475,0.000392742,21,7132.87
9975,0.6332,,,0.409936,0.000392695,21,45415.6
9987,0.6373,0.410612,0.408657,,,21,
10004,0.6386,,,0.413785,0.000392648,22,9145.98
10033,0.6402,,,0.429648,0.000392601,22,194501
10062,0.6419,,,0.409211,0.000392553,22,2.41923e+06
10091,0.6435,,,0.414815,0.000392506,22,5106.35
10120,0.6451,,,0.393875,0.000392458,22,1159.33
10149,0.6467,,,0.409797,0.00039241,22,1198.38
10178,0.6483,,,0.416906,0.000392363,22,1242.02
10207,0.6500,,,0.442908,0.000392315,22,17153.9
10236,0.6516,,,0.394854,0.000392266,22,72778.6
10265,0.6532,,,0.424058,0.000392218,22,2594.3
10294,0.6548,,,0.412746,0.00039217,22,137347
10323,0.6564,,,0.433717,0.000392121,22,4109.27
10352,0.6581,,,0.382738,0.000392072,22,101862
10381,0.6597,,,0.400981,0.000392023,22,11017.2
10410,0.6613,,,0.4081,0.000391974,22,1670.21
10439,0.6629,,,0.410895,0.000391925,22,2618.11
10441,0.6664,0.408085,0.413584,,,22,
10468,0.6684,,,0.439015,0.000391876,23,3216.21
10497,0.6700,,,0.41784,0.000391826,23,7049.36
10526,0.6716,,,0.413184,0.000391777,23,11132.6
10555,0.6732,,,0.420542,0.000391727,23,878187
10584,0.6749,,,0.414988,0.000391677,23,20466.7
10613,0.6765,,,0.438565,0.000391627,23,20121
10642,0.6781,,,0.409756,0.000391576,23,5208.08
10671,0.6797,,,0.413787,0.000391526,23,14611
10700,0.6814,,,0.413834,0.000391476,23,85401.2
10729,0.6830,,,0.41019,0.000391425,23,3.55043e+06
10758,0.6846,,,0.395046,0.000391374,23,3189.52
10787,0.6862,,,0.419792,0.000391323,23,14901.8
10816,0.6879,,,0.399788,0.000391272,23,1624.42
10845,0.6895,,,0.456468,0.000391221,23,1816.59
10874,0.6911,,,0.397558,0.000391169,23,6172.38
10895,0.6957,0.400705,0.408632,,,23,
10903,0.6966,,,0.393271,0.000391118,24,164990
10932,0.6982,,,0.387582,0.000391066,24,2337.33
10961,0.6999,,,0.41414,0.000391014,24,27853.5
10990,0.7015,,,0.39229,0.000390962,24,16910.3
11019,0.7032,,,0.396891,0.00039091,24,5401.43
11048,0.7049,,,0.392101,0.000390858,24,10745.1
11077,0.7066,,,0.378721,0.000390805,24,50444.1
11106,0.7083,,,0.419263,0.000390753,24,14257.7
11135,0.7100,,,0.41606,0.0003907,24,234747
11164,0.7116,,,0.396248,0.000390647,24,12458
11193,0.7133,,,0.40453,0.000390594,24,8850.67
11222,0.7149,,,0.402545,0.000390541,24,11779.4
11251,0.7165,,,0.41568,0.000390488,24,23681.2
11280,0.7182,,,0.400255,0.000390434,24,14730.7
11309,0.7198,,,0.405166,0.00039038,24,18397.9
11338,0.7214,,,0.401233,0.000390327,24,519713
11349,0.7254,0.401676,0.404432,,,24,
11367,0.7268,,,0.397819,0.000390273,25,35020.5
11396,0.7284,,,0.40538,0.000390219,25,918.017
11425,0.7301,,,0.396205,0.000390165,25,2491.3
11454,0.7317,,,0.402215,0.00039011,25,9186.44
11483,0.7333,,,0.402425,0.000390056,25,998.801
11512,0.7349,,,0.401895,0.000390001,25,15505
11541,0.7366,,,0.427089,0.000389946,25,1449.17
11570,0.7382,,,0.417322,0.000389891,25,14645.5
11599,0.7398,,,0.417501,0.000389836,25,5437.58
11628,0.7415,,,0.398383,0.000389781,25,37869.7
11657,0.7431,,,0.413517,0.000389726,25,61970.3
11686,0.7447,,,0.42138,0.00038967,25,16842.9
11715,0.7463,,,0.432508,0.000389615,25,27971.3
11744,0.7480,,,0.400641,0.000389559,25,94152.9
11773,0.7496,,,0.418165,0.000389503,25,15358.3
11802,0.7511,,,0.422135,0.000389447,25,489452
11803,0.7547,0.418465,0.410553,,,25,
11831,0.7566,,,0.428911,0.000389391,26,8933.92
11860,0.7582,,,0.413455,0.000389334,26,1.59794e+06
11889,0.7598,,,0.404531,0.000389278,26,1.2064e+06
11918,0.7614,,,0.402491,0.000389221,26,662049
11947,0.7630,,,0.40601,0.000389164,26,3.1706e+06
11976,0.7646,,,0.429007,0.000389107,26,40804
12005,0.7662,,,0.419074,0.00038905,26,26023.8
12034,0.7678,,,0.448013,0.000388993,26,45662.7
12063,0.7694,,,0.423006,0.000388935,26,69068.9
12092,0.7710,,,0.457896,0.000388878,26,20169.9
12121,0.7726,,,0.438569,0.00038882,26,5510.3
12150,0.7742,,,0.441546,0.000388762,26,50144.2
12179,0.7758,,,0.443678,0.000388704,26,137921
12208,0.7774,,,0.429275,0.000388646,26,33831.7
12237,0.7790,,,0.430134,0.000388588,26,347214
12257,0.7834,0.434458,0.428176,,,26,
12266,0.7843,,,0.466682,0.00038853,27,258217
12295,0.7859,,,0.439442,0.000388471,27,3.683e+06
12324,0.7875,,,0.453693,0.000388412,27,574732
12353,0.7891,,,0.439021,0.000388354,27,73133.6
12382,0.7907,,,0.408604,0.000388295,27,167448
12411,0.7923,,,0.428429,0.000388235,27,155409
12440,0.7939,,,0.423443,0.000388176,27,34072.3
12469,0.7955,,,0.439012,0.000388117,27,4.27922e+07
12498,0.7971,,,0.470355,0.000388057,27,118068
12527,0.7987,,,0.44296,0.000387997,27,338988
12556,0.8003,,,0.436555,0.000387938,27,437093
12585,0.8019,,,0.458228,0.000387878,27,758076
12614,0.8035,,,0.446066,0.000387817,27,2.46386e+06
12643,0.8051,,,0.45271,0.000387757,27,775301
12672,0.8067,,,0.475589,0.000387697,27,1.25818e+07
12701,0.8083,,,0.476771,0.000387636,27,1.91321e+06
12711,0.8123,0.459815,0.45052,,,27,
12730,0.8137,,,0.468497,0.000387575,28,1.50315e+06
12759,0.8153,,,0.458897,0.000387515,28,224298
12788,0.8169,,,0.483553,0.000387454,28,8.14379e+06
12817,0.8185,,,0.479503,0.000387392,28,251683
12846,0.8201,,,0.452167,0.000387331,28,74114.9
12875,0.8217,,,0.480877,0.00038727,28,41730.7
12904,0.8233,,,0.474659,0.000387208,28,1.97428e+06
12933,0.8249,,,0.509878,0.000387146,28,487360
12962,0.8265,,,0.482517,0.000387085,28,480721
12991,0.8281,,,0.519391,0.000387023,28,112126
13020,0.8297,,,0.511963,0.00038696,28,342654
13049,0.8313,,,0.534154,0.000386898,28,842518
13078,0.8329,,,0.50929,0.000386836,28,2.06376e+06
13107,0.8345,,,0.50205,0.000386773,28,1.89964e+06
13136,0.8361,,,0.520095,0.00038671,28,4.90767e+06
13165,0.8411,0.515667,0.497503,0.485517,0.000386647,28,1.2985e+06
13194,0.8431,,,0.515071,0.000386584,29,598669
13223,0.8447,,,0.51222,0.000386521,29,970805
13252,0.8463,,,0.514374,0.000386458,29,729368
13281,0.8479,,,0.536268,0.000386395,29,1.56485e+06
13310,0.8495,,,0.527637,0.000386331,29,3.45384e+06
13339,0.8511,,,0.501504,0.000386267,29,1.96055e+06
13368,0.8527,,,0.476062,0.000386203,29,362053
13397,0.8543,,,0.5032,0.000386139,29,2.2994e+06
13426,0.8559,,,0.492541,0.000386075,29,366590
13455,0.8575,,,0.52378,0.000386011,29,3.33836e+06
13484,0.8591,,,0.509661,0.000385946,29,664065
13513,0.8607,,,0.498387,0.000385882,29,834504
13542,0.8623,,,0.492012,0.000385817,29,121104
13571,0.8639,,,0.523176,0.000385752,29,95930.4
13600,0.8655,,,0.506815,0.000385687,29,4.83184e+06
13619,0.8700,0.505079,0.510173,,,29,
13629,0.8710,,,0.521002,0.000385622,30,180125
13658,0.8726,,,0.500429,0.000385557,30,297882
13687,0.8742,,,0.520338,0.000385491,30,7.27066e+06
13716,0.8758,,,0.5068,0.000385426,30,388543
13745,0.8774,,,0.489055,0.00038536,30,143381
13774,0.8790,,,0.505009,0.000385294,30,938468
13803,0.8806,,,0.505026,0.000385228,30,431824
13832,0.8822,,,0.493229,0.000385162,30,1.296e+06
13861,0.8838,,,0.513742,0.000385096,30,6.83778e+06
13890,0.8854,,,0.494491,0.000385029,30,403595
13919,0.8870,,,0.484913,0.000384963,30,6.18965e+06
13948,0.8886,,,0.542514,0.000384896,30,3.66499e+06
13977,0.8902,,,0.513974,0.000384829,30,670177
14006,0.8918,,,0.516869,0.000384762,30,2.30002e+07
14035,0.8934,,,0.512987,0.000384695,30,1.55499e+06
14064,0.8950,,,0.502383,0.000384628,30,646350
14073,0.8989,0.507719,0.5098,,,30,
14093,0.9004,,,0.514423,0.00038456,31,569266
14122,0.9021,,,0.485925,0.000384493,31,500177
14151,0.9038,,,0.488956,0.000384425,31,61825.6
14180,0.9054,,,0.496559,0.000384357,31,47275.5
14209,0.9070,,,0.494265,0.000384289,31,31580.3
14238,0.9087,,,0.493916,0.000384221,31,394569
14267,0.9103,,,0.486993,0.000384153,31,14986.6
14296,0.9119,,,0.494109,0.000384084,31,363312
14325,0.9135,,,0.524651,0.000384016,31,35446.5
14354,0.9152,,,0.482105,0.000383947,31,37951.1
14383,0.9169,,,0.514337,0.000383878,31,589845
14412,0.9185,,,0.490305,0.000383809,31,147851
14441,0.9201,,,0.459546,0.00038374,31,2.85297e+06
14470,0.9217,,,0.504911,0.000383671,31,551193
14499,0.9233,,,0.465461,0.000383601,31,11153.5
14527,0.9283,0.467803,0.487588,,,31,
14528,0.9287,,,0.47176,0.000383532,32,227553
14557,0.9303,,,0.468316,0.000383462,32,605038
14586,0.9319,,,0.45894,0.000383392,32,319249
14615,0.9336,,,0.459866,0.000383322,32,99093.9
14644,0.9352,,,0.446317,0.000383252,32,190157
14673,0.9368,,,0.49852,0.000383182,32,68116
14702,0.9384,,,0.469134,0.000383111,32,152707
14731,0.9400,,,0.476301,0.000383041,32,64013.2
14760,0.9417,,,0.465389,0.00038297,32,94629.3
14789,0.9433,,,0.476953,0.000382899,32,112045
14818,0.9449,,,0.451536,0.000382828,32,252600
14847,0.9465,,,0.466777,0.000382757,32,58463.1
14876,0.9481,,,0.449576,0.000382686,32,511307
14905,0.9497,,,0.44711,0.000382615,32,12893.8
14934,0.9513,,,0.47218,0.000382543,32,318706
14963,0.9530,,,0.449792,0.000382472,32,796992
14981,0.9573,0.442666,0.457246,,,32,
14992,0.9583,,,0.436506,0.0003824,33,127754
15021,0.9600,,,0.455558,0.000382328,33,115220
15050,0.9616,,,0.442967,0.000382256,33,5.6349e+06
15079,0.9632,,,0.449603,0.000382184,33,553270
15108,0.9648,,,0.446479,0.000382111,33,203401
15137,0.9664,,,0.428889,0.000382039,33,182948
15166,0.9681,,,0.470091,0.000381966,33,2.27565e+06
15195,0.9697,,,0.442795,0.000381893,33,164899
15224,0.9713,,,0.462422,0.00038182,33,2.83337e+07
15253,0.9729,,,0.446358,0.000381747,33,80352.2
15282,0.9746,,,0.490191,0.000381674,33,1.71472e+06
15311,0.9762,,,0.440941,0.000381601,33,2.97785e+07
15340,0.9778,,,0.464924,0.000381527,33,301160
15369,0.9794,,,0.502807,0.000381454,33,3.75436e+06
15398,0.9810,,,0.486942,0.00038138,33,22644.8
15427,0.9826,,,0.479771,0.000381306,33,350879
15435,0.9865,0.473459,0.458639,,,33,
15456,0.9881,,,0.487085,0.000381232,34,95436.4
15485,0.9897,,,0.483631,0.000381158,34,3.67291e+06
15514,0.9913,,,0.468147,0.000381084,34,297191
15543,0.9930,,,0.472254,0.000381009,34,116666
15572,0.9946,,,0.461945,0.000380935,34,1.83504e+07
15601,0.9962,,,0.474984,0.00038086,34,222349
15630,0.9978,,,0.470799,0.000380785,34,6.88676e+06
15659,0.9995,,,0.49947,0.00038071,34,3.41599e+07
15688,1.0011,,,0.44693,0.000380635,34,3.8036e+06
15717,1.0027,,,0.464269,0.00038056,34,467063
15746,1.0043,,,0.489544,0.000380484,34,688636
15775,1.0060,,,0.459545,0.000380409,34,1.74673e+06
15804,1.0076,,,0.46147,0.000380333,34,943873
15833,1.0092,,,0.490122,0.000380257,34,1.10896e+07
15862,1.0108,,,0.482287,0.000380181,34,62497.2
15889,1.0158,0.475574,0.478182,,,34,
15891,1.0161,,,0.453343,0.000380105,35,360736
15920,1.0177,,,0.451982,0.000380029,35,278534
15949,1.0193,,,0.482345,0.000379952,35,286872
15978,1.0209,,,0.48008,0.000379876,35,633149
16007,1.0226,,,0.491877,0.000379799,35,703955
16036,1.0242,,,0.480526,0.000379722,35,119661
16065,1.0258,,,0.499507,0.000379645,35,49061.9
16094,1.0274,,,0.483814,0.000379568,35,335918
16123,1.0291,,,0.442992,0.000379491,35,3.24431e+07
16152,1.0307,,,0.477496,0.000379414,35,815676
16181,1.0323,,,0.459935,0.000379336,35,51117.7
16210,1.0339,,,0.456478,0.000379259,35,619574
16239,1.0356,,,0.46999,0.000379181,35,124708
16268,1.0372,,,0.476909,0.000379103,35,642295
16297,1.0388,,,0.46009,0.000379025,35,587932
16326,1.0404,,,0.446108,0.000378947,35,135080
16343,1.0448,0.450829,0.470202,,,35,
16355,1.0459,,,0.447563,0.000378868,36,107463
16384,1.0475,,,0.424856,0.00037879,36,98502.7
16413,1.0491,,,0.426084,0.000378711,36,22118.5
16442,1.0507,,,0.447923,0.000378633,36,99452.1
16471,1.0524,,,0.451299,0.000378554,36,81758.2
16500,1.0540,,,0.49738,0.000378475,36,199972
16529,1.0556,,,0.445849,0.000378396,36,1.35769e+06
16558,1.0573,,,0.43987,0.000378316,36,65134.1
16587,1.0589,,,0.430207,0.000378237,36,163304
16616,1.0605,,,0.420306,0.000378157,36,412987
16645,1.0621,,,0.419873,0.000378078,36,8714.38
16674,1.0638,,,0.409097,0.000377998,36,66270.3
16703,1.0654,,,0.431677,0.000377918,36,294482
16732,1.0670,,,0.449276,0.000377838,36,5.03059e+06
16761,1.0687,,,0.42306,0.000377758,36,133278
16790,1.0703,,,0.417603,0.000377677,36,856562
16797,1.0741,0.425321,0.44378,,,36,
16819,1.0757,,,0.45126,0.000377597,37,250791
16848,1.0774,,,0.417704,0.000377516,37,72631
16877,1.0790,,,0.422564,0.000377435,37,1.68491e+06
16906,1.0806,,,0.436642,0.000377354,37,45108.6
16935,1.0822,,,0.419029,0.000377273,37,45214
16964,1.0838,,,0.418689,0.000377192,37,4.88038e+07
16993,1.0854,,,0.409942,0.000377111,37,957513
17022,1.0870,,,0.415225,0.000377029,37,313667
17051,1.0886,,,0.425422,0.000376948,37,1.42043e+06
17080,1.0902,,,0.448228,0.000376866,37,69276.7
17109,1.0918,,,0.406872,0.000376784,37,247200
17138,1.0934,,,0.413692,0.000376702,37,60171.8
17167,1.0950,,,0.422767,0.00037662,37,34703
17196,1.0966,,,0.429946,0.000376538,37,97756.7
17225,1.0982,,,0.403387,0.000376455,37,705672
17251,1.1031,0.4191,0.423745,,,37,
17254,1.1036,,,0.427395,0.000376373,38,4.74475e+06
17283,1.1052,,,0.434853,0.00037629,38,1.2652e+08
17312,1.1069,,,0.448432,0.000376207,38,1.13716e+06
17341,1.1086,,,0.425368,0.000376124,38,1.65864e+06
17370,1.1102,,,0.424392,0.000376041,38,251722
17399,1.1118,,,0.4254,0.000375958,38,4.94167e+06
17428,1.1134,,,0.414643,0.000375875,38,2.70506e+06
17457,1.1152,,,0.409829,0.000375791,38,444944
17486,1.1168,,,0.420459,0.000375708,38,643222
17515,1.1184,,,0.425863,0.000375624,38,4.7494e+08
17544,1.1200,,,0.421362,0.00037554,38,1.25215e+06
17573,1.1216,,,0.420903,0.000375456,38,261955
17602,1.1232,,,0.418999,0.000375372,38,234684
17631,1.1248,,,0.417683,0.000375288,38,114807
17660,1.1264,,,0.428535,0.000375203,38,225143
17689,1.1280,,,0.421551,0.000375119,38,3.99088e+06
17705,1.1322,0.427511,0.426261,,,38,
17718,1.1334,,,0.454274,0.000375034,39,463320
17747,1.1350,,,0.435264,0.000374949,39,84412.1
17776,1.1366,,,0.431539,0.000374864,39,1.29414e+07
17805,1.1382,,,0.446232,0.000374779,39,318124
17834,1.1398,,,0.413,0.000374694,39,1.973e+06
17863,1.1414,,,0.446899,0.000374608,39,181730
17892,1.1431,,,0.424633,0.000374523,39,175884
17921,1.1447,,,0.435952,0.000374437,39,8.24415e+06
17950,1.1463,,,0.44515,0.000374351,39,3.65458e+06
17979,1.1479,,,0.447738,0.000374266,39,235808
18008,1.1495,,,0.420018,0.000374179,39,666113
18037,1.1511,,,0.423032,0.000374093,39,1.97774e+06
18066,1.1527,,,0.412164,0.000374007,39,1.97027e+06
18095,1.1543,,,0.437753,0.000373921,39,8.80185e+06
18124,1.1559,,,0.420465,0.000373834,39,3.99518e+06
18153,1.1575,,,0.444794,0.000373747,39,1.26373e+08
18159,1.1612,0.422807,0.42845,,,39,
18182,1.1629,,,0.425413,0.00037366,40,2.617e+06
18211,1.1645,,,0.426877,0.000373573,40,815885
18240,1.1661,,,0.437481,0.000373486,40,4.13993e+06
18269,1.1677,,,0.414029,0.000373399,40,661557
18298,1.1693,,,0.413501,0.000373312,40,3.49268e+08
18327,1.1709,,,0.413227,0.000373224,40,625206
18356,1.1725,,,0.446612,0.000373137,40,4.22836e+06
18385,1.1741,,,0.416225,0.000373049,40,1.21836e+06
18414,1.1757,,,0.408019,0.000372961,40,2.2087e+06
18443,1.1774,,,0.44749,0.000372873,40,1.07293e+07
18472,1.1790,,,0.428535,0.000372785,40,1.53016e+07
18501,1.1806,,,0.430634,0.000372696,40,7.73982e+07
18530,1.1822,,,0.441705,0.000372608,40,137343
18559,1.1838,,,0.415023,0.000372519,40,3.94664e+06
18588,1.1854,,,0.421284,0.000372431,40,6.16892e+06
18613,1.1901,0.420853,0.427817,,,40,
18617,1.1908,,,0.417609,0.000372342,41,5.64696e+06
18646,1.1924,,,0.4119,0.000372253,41,1.24114e+06
18675,1.1940,,,0.427082,0.000372164,41,117741
18704,1.1956,,,0.441361,0.000372075,41,349693
18733,1.1972,,,0.421761,0.000371985,41,1.12588e+07
18762,1.1988,,,0.433481,0.000371896,41,919392
18791,1.2004,,,0.432848,0.000371806,41,1.23971e+07
18820,1.2020,,,0.44227,0.000371716,41,870338
18849,1.2036,,,0.422515,0.000371626,41,1.86382e+06
18878,1.2052,,,0.421887,0.000371536,41,6.59732e+06
18907,1.2068,,,0.430207,0.000371446,41,1.30721e+06
18936,1.2084,,,0.424812,0.000371356,41,2.00039e+06
18965,1.2100,,,0.436286,0.000371266,41,4.05022e+06
18994,1.2116,,,0.426797,0.000371175,41,1.03685e+06
19023,1.2132,,,0.432788,0.000371084,41,4.86934e+06
19052,1.2148,,,0.41963,0.000370994,41,774739
19067,1.2190,0.435021,0.428019,,,41,
19081,1.2200,,,0.454555,0.000370903,42,1.00323e+06
19110,1.2216,,,0.427019,0.000370811,42,6.0255e+06
19139,1.2232,,,0.410481,0.00037072,42,7.69137e+06
19168,1.2248,,,0.437379,0.000370629,42,2.32522e+08
19197,1.2264,,,0.456672,0.000370538,42,2.6439e+06
19226,1.2280,,,0.425799,0.000370446,42,2.25088e+06
19255,1.2296,,,0.419415,0.000370354,42,1.81111e+07
19284,1.2312,,,0.439419,0.000370262,42,4.13829e+07
19313,1.2328,,,0.424448,0.00037017,42,8.76531e+07
19342,1.2344,,,0.43269,0.000370078,42,7.70965e+08
19371,1.2360,,,0.44433,0.000369986,42,420948
19400,1.2376,,,0.456342,0.000369894,42,3.95045e+08
19429,1.2392,,,0.444192,0.000369801,42,1.73139e+06
19458,1.2408,,,0.448633,0.000369708,42,1.46143e+06
19487,1.2424,,,0.439246,0.000369616,42,184663
19516,1.2440,,,0.42238,0.000369523,42,405588
19521,1.2477,0.439558,0.438544,,,42,
19545,1.2492,,,0.430553,0.00036943,43,713411
19574,1.2508,,,0.459375,0.000369337,43,852582
19603,1.2524,,,0.435258,0.000369243,43,2.04536e+07
19632,1.2540,,,0.439375,0.00036915,43,5.62807e+08
19661,1.2556,,,0.429148,0.000369056,43,2.24103e+06
19690,1.2572,,,0.451062,0.000368963,43,1.06623e+06
19719,1.2589,,,0.427726,0.000368869,43,4.10334e+06
19748,1.2605,,,0.444516,0.000368775,43,4.82506e+06
19777,1.2621,,,0.456848,0.000368681,43,92638.6
19806,1.2637,,,0.432909,0.000368587,43,2.29337e+08
19835,1.2653,,,0.438451,0.000368492,43,1.96299e+06
19864,1.2669,,,0.437069,0.000368398,43,944322
19893,1.2685,,,0.436734,0.000368303,43,4.18135e+07
19922,1.2701,,,0.404504,0.000368209,43,557397
19951,1.2717,,,0.440809,0.000368114,43,92651.6
19975,1.2764,0.435023,0.440865,,,43,
19980,1.2769,,,0.439841,0.000368019,44,7.91796e+06
20009,1.2785,,,0.436322,0.000367924,44,971791
20038,1.2801,,,0.446043,0.000367828,44,4.85966e+07
20067,1.2817,,,0.442684,0.000367733,44,3.5076e+06
20096,1.2834,,,0.447082,0.000367638,44,184786
20125,1.2850,,,0.416528,0.000367542,44,3.38569e+06
20154,1.2865,,,0.431225,0.000367446,44,131272
20183,1.2882,,,0.4316,0.00036735,44,720097
20212,1.2898,,,0.4149,0.000367254,44,107075
20241,1.2914,,,0.440604,0.000367158,44,1.33168e+07
20270,1.2930,,,0.410456,0.000367062,44,364174
20299,1.2946,,,0.431243,0.000366966,44,5.26803e+07
20328,1.2962,,,0.409275,0.000366869,44,2.29148e+06
20357,1.2978,,,0.417986,0.000366772,44,249793
20386,1.2994,,,0.430553,0.000366676,44,202593
20415,1.3010,,,0.436876,0.000366579,44,281186
20429,1.3052,0.418905,0.427006,,,44,
20444,1.3064,,,0.413568,0.000366482,45,6.2305e+06
20473,1.3080,,,0.410681,0.000366384,45,1.10596e+08
20502,1.3097,,,0.469212,0.000366287,45,1.03428e+08
20531,1.3113,,,0.408501,0.00036619,45,3.75325e+06
20560,1.3129,,,0.421687,0.000366092,45,370598
20589,1.3146,,,0.406332,0.000365995,45,683858
20618,1.3162,,,0.427,0.000365897,45,197497
20647,1.3179,,,0.420404,0.000365799,45,9.75566e+06
20676,1.3196,,,0.404943,0.000365701,45,2.43954e+07
20705,1.3212,,,0.403767,0.000365603,45,5.30751e+07
20734,1.3228,,,0.402534,0.000365504,45,1.57941e+09
20763,1.3244,,,0.401049,0.000365406,45,3.22832e+06
20792,1.3260,,,0.421976,0.000365307,45,298106
20821,1.3276,,,0.423948,0.000365209,45,4.86622e+06
20850,1.3292,,,0.423681,0.00036511,45,6.52282e+07
20879,1.3308,,,0.429556,0.000365011,45,2.8132e+07
20883,1.3345,0.413691,0.420135,,,45,
20908,1.3363,,,0.417489,0.000364912,46,2.18164e+06
20937,1.3379,,,0.412407,0.000364813,46,9.34066e+07
20966,1.3395,,,0.424324,0.000364713,46,2.96911e+06
20995,1.3411,,,0.443601,0.000364614,46,4.84632e+06
21024,1.3427,,,0.41818,0.000364514,46,554062
21053,1.3443,,,0.434684,0.000364415,46,629056
21082,1.3459,,,0.417969,0.000364315,46,1.1224e+07
21111,1.3475,,,0.414519,0.000364215,46,37241.9
21140,1.3492,,,0.449234,0.000364115,46,2.082e+06
21169,1.3508,,,0.381952,0.000364015,46,1.37161e+06
21198,1.3524,,,0.42752,0.000363914,46,163362
21227,1.3541,,,0.403866,0.000363814,46,2.72156e+06
21256,1.3557,,,0.417399,0.000363713,46,3.14715e+06
21285,1.3573,,,0.49478,0.000363613,46,196212
21314,1.3589,,,0.449462,0.000363512,46,1.64827e+06
21337,1.3636,0.463026,0.42605,,,46,
21343,1.3641,,,0.520187,0.000363411,47,211380
21372,1.3657,,,0.450087,0.00036331,47,18838.3
21401,1.3673,,,0.439874,0.000363208,47,4.48344e+06
21430,1.3689,,,0.414468,0.000363107,47,2.0778e+06
21459,1.3706,,,0.391173,0.000363006,47,1.80473e+06
21488,1.3722,,,0.402919,0.000362904,47,267444
21517,1.3738,,,0.367893,0.000362802,47,2.6906e+06
21546,1.3754,,,0.401553,0.000362701,47,3.27838e+08
21575,1.3770,,,0.396436,0.000362599,47,3.77115e+06
21604,1.3786,,,0.438155,0.000362497,47,2.1552e+07
21633,1.3803,,,0.422063,0.000362394,47,5.76136e+06
21662,1.3819,,,0.377206,0.000362292,47,1.04145e+06
21691,1.3835,,,0.381369,0.00036219,47,1.05758e+06
21720,1.3851,,,0.388269,0.000362087,47,8.14349e+06
21749,1.3867,,,0.369409,0.000361984,47,178571
21778,1.3883,,,0.383827,0.000361881,47,1.60152e+07
21791,1.3924,0.401122,0.40508,,,47,
21807,1.3937,,,0.394775,0.000361779,48,6.32367e+06
21836,1.3953,,,0.441873,0.000361675,48,249663
21865,1.3969,,,0.385174,0.000361572,48,8.50419e+07
21894,1.3986,,,1.20292,0.000361469,48,1.70451e+06
21923,1.4002,,,0.680827,0.000361365,48,69678.4
21952,1.4018,,,0.511768,0.000361262,48,2.79559e+06
21981,1.4034,,,0.381234,0.000361158,48,40007.4
22010,1.4050,,,0.406662,0.000361054,48,258540
22039,1.4067,,,0.407328,0.00036095,48,871565
22068,1.4083,,,0.480003,0.000360846,48,273418
22097,1.4099,,,2.88407,0.000360742,48,249559
22126,1.4115,,,0.716393,0.000360638,48,166697
22155,1.4131,,,2.11055,0.000360533,48,8689.91
22184,1.4148,,,0.562089,0.000360429,48,7.07976e+06
22213,1.4164,,,1.83108,0.000360324,48,6116.27
22242,1.4180,,,2.10779,0.000360219,48,1.85479e+06
22245,1.4216,1.71185,0.925997,,,48,
22271,1.4232,,,1.00427,0.000360114,49,424983
22300,1.4249,,,0.813866,0.000360009,49,17231.5
22329,1.4265,,,1.09421,0.000359904,49,7370.12
22358,1.4281,,,1.36643,0.000359799,49,13189.6
22387,1.4297,,,0.79864,0.000359694,49,83927.1
22416,1.4313,,,0.840929,0.000359588,49,176682
22445,1.4329,,,1.67471,0.000359482,49,87849.9
22474,1.4346,,,2.12593,0.000359377,49,56261.6
22503,1.4362,,,0.690018,0.000359271,49,33836.9
22532,1.4378,,,0.840867,0.000359165,49,129603
22561,1.4394,,,0.637341,0.000359058,49,4109.39
22590,1.4411,,,1.82514,0.000358952,49,38345.8
22619,1.4427,,,1.24325,0.000358846,49,724.48
22648,1.4443,,,2.28577,0.000358739,49,20999.3
22677,1.4459,,,1.64447,0.000358633,49,1.2493e+06
22699,1.4505,1.37711,1.28595,,,49,
22706,1.4511,,,1.31701,0.000358526,50,50737.9
22735,1.4527,,,0.701993,0.000358419,50,354759
22764,1.4544,,,0.39046,0.000358312,50,438.286
22793,1.4560,,,5.0274,0.000358205,50,2732.53
22822,1.4576,,,2.74362,0.000358098,50,27403.6
22851,1.4592,,,1.75553,0.00035799,50,105079
22880,1.4608,,,1.6505,0.000357883,50,106960
22909,1.4625,,,1.40018,0.000357775,50,1.02822e+07
22938,1.4641,,,1.25568,0.000357667,50,2.34864e+07
22967,1.4657,,,1.22074,0.00035756,50,4.34382e+06
22996,1.4673,,,1.12269,0.000357452,50,133267
23025,1.4690,,,1.06677,0.000357343,50,149191
23054,1.4706,,,1.20656,0.000357235,50,3.86749e+07
23083,1.4722,,,1.22214,0.000357127,50,1.89086e+06
23112,1.4738,,,0.929793,0.000357018,50,1.22968e+06
23141,1.4755,,,0.822472,0.00035691,50,7992.05
23153,1.4795,0.682209,1.57164,,,50,
23170,1.4807,,,0.62515,0.000356801,51,2.54467e+06
23199,1.4824,,,0.515159,0.000356692,51,13371.9
23228,1.4840,,,0.580253,0.000356583,51,22280.7
23257,1.4856,,,1.08114,0.000356474,51,11585.5
23286,1.4872,,,0.698314,0.000356365,51,7293.03
23315,1.4888,,,0.433526,0.000356256,51,1851.71
23344,1.4904,,,0.527094,0.000356147,51,935.397
23373,1.4920,,,0.754444,0.000356037,51,320.671
23402,1.4936,,,1.09265,0.000355927,51,6690.54
23431,1.4952,,,0.540608,0.000355818,51,1730.4
23460,1.4968,,,8.51052,0.000355708,51,21466
23489,1.4984,,,6.60805,0.000355598,51,8493.28
23518,1.5000,,,4.87505,0.000355487,51,21593.2
23547,1.5016,,,4.68398,0.000355377,51,775878
23576,1.5032,,,3.97996,0.000355267,51,106343
23605,1.5048,,,4.24606,0.000355156,51,3359.66
23607,1.5084,4.10401,2.40438,,,51,
23634,1.5100,,,3.68143,0.000355046,52,125564
23663,1.5116,,,3.70939,0.000354935,52,55770.1
23692,1.5132,,,4.06739,0.000354824,52,767402
23721,1.5149,,,3.91643,0.000354713,52,385463
23750,1.5165,,,3.31142,0.000354602,52,3.13014e+08
23779,1.5182,,,3.15196,0.000354491,52,20638
23808,1.5198,,,3.38508,0.00035438,52,1.36444e+06
23837,1.5215,,,3.61744,0.000354268,52,147440
23866,1.5232,,,3.15943,0.000354157,52,6.05391e+07
23895,1.5248,,,3.23638,0.000354045,52,2.64309e+06
23924,1.5264,,,3.34963,0.000353933,52,2.4014e+07
23953,1.5280,,,3.11812,0.000353821,52,9.97448e+06
23982,1.5297,,,3.37803,0.000353709,52,2.54052e+06
24011,1.5313,,,3.32755,0.000353597,52,1.82505e+06
24040,1.5329,,,3.45136,0.000353485,52,1.1081e+06
24061,1.5374,3.01103,3.48017,,,52,
24069,1.5381,,,3.01126,0.000353372,53,1.12967e+06
24098,1.5397,,,2.88536,0.00035326,53,6.3071e+07
24127,1.5413,,,3.4317,0.000353147,53,5.11428e+07
24156,1.5429,,,2.89845,0.000353034,53,9.18934e+06
24185,1.5445,,,2.97799,0.000352922,53,397288
24214,1.5461,,,2.93431,0.000352809,53,7.54566e+07
24243,1.5477,,,3.13921,0.000352695,53,3.73341e+06
24272,1.5493,,,3.06398,0.000352582,53,106672
24301,1.5509,,,2.90402,0.000352469,53,1.25898e+06
24330,1.5526,,,3.16483,0.000352356,53,2.8763e+06
24359,1.5542,,,2.85314,0.000352242,53,8.61344e+06
24388,1.5558,,,2.73558,0.000352128,53,933508
24417,1.5574,,,3.12392,0.000352014,53,1.11034e+07
24446,1.5590,,,3.01508,0.000351901,53,406868
24475,1.5606,,,2.72243,0.000351787,53,232382
24504,1.5622,,,2.6791,0.000351672,53,2.47473e+06
24515,1.5662,2.693,3.01023,,,53,
24533,1.5674,,,2.80942,0.000351558,54,1.23239e+07
24562,1.5690,,,2.56996,0.000351444,54,1.36599e+06
24591,1.5706,,,2.67747,0.000351329,54,1.27811e+06
24620,1.5722,,,2.9105,0.000351215,54,480001
24649,1.5738,,,3.04139,0.0003511,54,3.05773e+07
24678,1.5754,,,2.66598,0.000350985,54,5.31278e+06
24707,1.5770,,,2.57559,0.00035087,54,596192
24736,1.5787,,,2.73621,0.000350755,54,1.52874e+06
24765,1.5803,,,2.9767,0.00035064,54,5.6416e+06
24794,1.5819,,,2.80647,0.000350525,54,4.00873e+06
24823,1.5835,,,2.84515,0.000350409,54,4.28844e+06
24852,1.5851,,,2.60711,0.000350294,54,8.1852e+07
24881,1.5867,,,2.64812,0.000350178,54,1.59683e+08
24910,1.5883,,,2.53593,0.000350062,54,3.06579e+06
24939,1.5899,,,2.5878,0.000349946,54,9.50153e+06
24968,1.5914,,,3.00615,0.00034983,54,3.61506e+06
24969,1.5950,2.7907,2.7483,,,54,
24997,1.5967,,,2.82704,0.000349714,55,6.47368e+06
25026,1.5983,,,2.82735,0.000349598,55,2.06133e+06
25055,1.5999,,,2.83524,0.000349482,55,1.13739e+07
25084,1.6015,,,2.36312,0.000349365,55,3.22835e+06
25113,1.6031,,,3.05169,0.000349249,55,1.13165e+06
25142,1.6047,,,2.60859,0.000349132,55,1.35628e+06
25171,1.6063,,,2.40462,0.000349015,55,436064
25200,1.6079,,,2.50982,0.000348898,55,2.83454e+08
25229,1.6096,,,2.62805,0.000348781,55,6.2091e+07
25258,1.6112,,,2.83812,0.000348664,55,5.59237e+06
25287,1.6128,,,2.3616,0.000348547,55,997872
25316,1.6144,,,2.55486,0.000348429,55,6.67732e+07
25345,1.6160,,,2.77646,0.000348312,55,1.5367e+06
25374,1.6176,,,2.51732,0.000348194,55,2.99552e+07
25403,1.6192,,,2.41314,0.000348077,55,1.29563e+07
25423,1.6237,2.26709,2.55897,,,55,
25432,1.6244,,,2.36704,0.000347959,56,234708
25461,1.6260,,,2.21138,0.000347841,56,6.51663e+06
25490,1.6276,,,2.25585,0.000347723,56,2.87372e+07
25519,1.6292,,,2.36666,0.000347605,56,813081
25548,1.6308,,,2.82086,0.000347486,56,245954
25577,1.6324,,,2.42505,0.000347368,56,7.12573e+07
25606,1.6340,,,2.43419,0.000347249,56,188394
25635,1.6356,,,2.16948,0.000347131,56,3.36687e+06
25664,1.6372,,,2.27152,0.000347012,56,1.87626e+06
25693,1.6388,,,2.21006,0.000346893,56,3.1593e+06
25722,1.6404,,,2.33878,0.000346774,56,4.96393e+06
25751,1.6420,,,2.21865,0.000346655,56,2.84716e+08
25780,1.6436,,,2.04656,0.000346536,56,2.86468e+07
25809,1.6452,,,2.35249,0.000346417,56,1.13056e+07
25838,1.6468,,,2.10515,0.000346297,56,4.7313e+06
25867,1.6484,,,2.08872,0.000346178,56,5.84692e+07
25877,1.6524,2.09747,2.29876,,,56,
25896,1.6536,,,2.14227,0.000346058,57,2.809e+07
25925,1.6552,,,2.3141,0.000345938,57,4.07954e+06
25954,1.6568,,,2.23518,0.000345819,57,2.57012e+07
25983,1.6584,,,2.13533,0.000345699,57,6.80358e+06
26012,1.6601,,,2.06153,0.000345578,57,2.74898e+07
26041,1.6617,,,2.06037,0.000345458,57,1.93357e+06
26070,1.6633,,,2.30522,0.000345338,57,1.36218e+07
26099,1.6649,,,2.26925,0.000345218,57,6.3357e+06
26128,1.6665,,,2.27105,0.000345097,57,3.12108e+06
26157,1.6681,,,2.17082,0.000344976,57,4.64685e+07
26186,1.6697,,,2.36041,0.000344856,57,1.21455e+09
26215,1.6713,,,2.29568,0.000344735,57,1.79334e+07
26244,1.6729,,,2.25747,0.000344614,57,5.93872e+11
26273,1.6745,,,2.20183,0.000344493,57,116710
26302,1.6761,,,2.12849,0.000344372,57,2.61304e+06
26331,1.6811,2.07139,2.24177,2.05379,0.00034425,57,3.70926e+06
26360,1.6829,,,2.23256,0.000344129,58,6.96546e+06
26389,1.6845,,,2.18886,0.000344007,58,4.43171e+09
26418,1.6861,,,2.28669,0.000343886,58,707071
26447,1.6877,,,1.85788,0.000343764,58,9.83019e+06
26476,1.6893,,,2.26227,0.000343642,58,5.62792e+06
26505,1.6909,,,2.12666,0.00034352,58,636306
26534,1.6925,,,1.99247,0.000343398,58,995196
26563,1.6941,,,2.10435,0.000343276,58,3.84067e+07
26592,1.6957,,,2.29334,0.000343154,58,2.28584e+06
26621,1.6974,,,2.05102,0.000343031,58,2.20769e+07
26650,1.6990,,,2.25712,0.000342909,58,1.72901e+07
26679,1.7006,,,1.94526,0.000342786,58,183927
26708,1.7022,,,2.14484,0.000342663,58,6.69224e+06
26737,1.7038,,,2.14064,0.00034254,58,1.14794e+08
26766,1.7054,,,2.21553,0.000342417,58,1.05003e+07
26785,1.7098,2.04375,2.17789,,,58,
26795,1.7106,,,2.2796,0.000342294,59,335259
26824,1.7122,,,2.01168,0.000342171,59,912296
26853,1.7138,,,2.53584,0.000342048,59,1.39018e+06
26882,1.7154,,,2.25712,0.000341925,59,9.0282e+06
26911,1.7170,,,2.16081,0.000341801,59,3.22957e+06
26940,1.7186,,,2.09486,0.000341677,59,3.20014e+07
26969,1.7202,,,2.36441,0.000341554,59,1.11794e+08
26998,1.7218,,,2.14101,0.00034143,59,1.85877e+09
27027,1.7234,,,1.96133,0.000341306,59,3.36692e+07
27056,1.7250,,,1.95204,0.000341182,59,6.91704e+08
27085,1.7266,,,1.99469,0.000341058,59,1.43635e+09
27114,1.7284,,,1.77794,0.000340934,59,1.70518e+08
27143,1.7300,,,2.04051,0.000340809,59,1.9739e+06
27172,1.7316,,,1.9456,0.000340685,59,4.63734e+06
27201,1.7332,,,2.07382,0.00034056,59,1.26806e+07
27230,1.7348,,,1.74868,0.000340435,59,6.97798e+06
27239,1.7387,1.90398,2.10549,,,59,
27259,1.7400,,,2.07708,0.000340311,60,605238
27288,1.7416,,,2.00249,0.000340186,60,8.07357e+06
27317,1.7432,,,1.92585,0.000340061,60,3.97058e+06
27346,1.7448,,,1.84682,0.000339936,60,9.98694e+08
27375,1.7465,,,1.99188,0.00033981,60,2.07231e+06
27404,1.7481,,,2.24257,0.000339685,60,3.94905e+07
27433,1.7497,,,1.82563,0.00033956,60,9.46277e+06
27462,1.7513,,,1.94729,0.000339434,60,1.06967e+07
27491,1.7529,,,2.14854,0.000339308,60,1.20648e+09
27520,1.7546,,,1.98064,0.000339183,60,662646
27549,1.7562,,,2.10225,0.000339057,60,5.79982e+08
27578,1.7578,,,2.12396,0.000338931,60,7.70023e+08
27607,1.7594,,,1.98615,0.000338805,60,2.07723e+08
27636,1.7610,,,2.02766,0.000338678,60,3.96843e+09
27665,1.7626,,,1.88579,0.000338552,60,5.9075e+07
27693,1.7675,1.88727,2.04798,,,60,
27694,1.7678,,,2.07768,0.000338426,61,2.56118e+07
27723,1.7694,,,2.07522,0.000338299,61,1.37579e+08
27752,1.7710,,,2.09008,0.000338173,61,4.47732e+07
27781,1.7726,,,2.04174,0.000338046,61,7.43152e+08
27810,1.7742,,,1.9239,0.000337919,61,2.42433e+06
27839,1.7758,,,2.16233,0.000337792,61,6.62224e+06
27868,1.7775,,,2.04134,0.000337665,61,1.38261e+11
27897,1.7791,,,1.98595,0.000337538,61,2.79421e+07
27926,1.7807,,,1.96,0.000337411,61,3.03914e+07
27955,1.7823,,,2.24018,0.000337283,61,1.11543e+09
27984,1.7839,,,2.13273,0.000337156,61,1.93646e+07
28013,1.7855,,,2.12999,0.000337028,61,6.25536e+06
28042,1.7871,,,1.92491,0.000336901,61,2.05933e+08
28071,1.7887,,,2.0226,0.000336773,61,4.80624e+08
28100,1.7903,,,2.03143,0.000336645,61,2.65693e+07
28129,1.7919,,,1.66782,0.000336517,61,1.42213e+09
28147,1.7963,1.83538,1.99563,,,61,
28158,1.7971,,,1.83534,0.000336389,62,3.43976e+06
28187,1.7987,,,1.68449,0.000336261,62,1.03998e+07
28216,1.8003,,,1.6634,0.000336132,62,9.00614e+06
28245,1.8019,,,2.00355,0.000336004,62,4.48479e+08
28274,1.8036,,,2.36475,0.000335875,62,1.18608e+07
28303,1.8052,,,1.78146,0.000335747,62,2.73402e+07
28332,1.8068,,,1.88525,0.000335618,62,6.02783e+07
28361,1.8084,,,1.90015,0.000335489,62,7.96644e+08
28390,1.8100,,,1.81673,0.00033536,62,5.12364e+07
28419,1.8116,,,1.77357,0.000335231,62,1.49106e+07
28448,1.8132,,,1.81692,0.000335102,62,5.5629e+08
28477,1.8148,,,1.82631,0.000334973,62,2.0752e+07
28506,1.8164,,,1.96738,0.000334844,62,6.93707e+06
28535,1.8180,,,1.89723,0.000334714,62,4.04691e+07
28564,1.8196,,,1.94199,0.000334585,62,1.00006e+07
28593,1.8212,,,1.8466,0.000334455,62,5.5347e+08
28601,1.8251,1.77168,1.93542,,,62,
28622,1.8264,,,2.63836,0.000334325,63,9.83044e+07
28651,1.8280,,,1.91837,0.000334195,63,7.36737e+07
28680,1.8296,,,2.16176,0.000334065,63,1.99278e+07
28709,1.8312,,,2.00996,0.000333935,63,6.27998e+07
28738,1.8329,,,1.87632,0.000333805,63,2.88448e+06
28767,1.8345,,,1.9113,0.000333675,63,2.00522e+07
28796,1.8361,,,1.8857,0.000333545,63,1.99548e+08
28825,1.8377,,,1.98166,0.000333414,63,1.35474e+07
28854,1.8393,,,2.00317,0.000333283,63,1.89872e+07
28883,1.8409,,,1.97318,0.000333153,63,3.84791e+06
28912,1.8425,,,1.8811,0.000333022,63,7.9957e+08
28941,1.8441,,,1.89564,0.000332891,63,1.87647e+08
28970,1.8457,,,1.80517,0.00033276,63,2.46875e+07
28999,1.8473,,,1.79032,0.000332629,63,2.59392e+07
29028,1.8489,,,1.69429,0.000332498,63,5.09392e+07
29055,1.8538,1.68934,1.93716,,,63,
29057,1.8541,,,1.80688,0.000332367,64,2.26829e+08
29086,1.8557,,,1.72032,0.000332235,64,6.8512e+08
29115,1.8573,,,1.87361,0.000332104,64,1.29699e+08
29144,1.8589,,,1.71598,0.000331972,64,146886
29173,1.8606,,,1.75762,0.00033184,64,1.72207e+08
29202,1.8622,,,1.90949,0.000331709,64,1.15393e+09
29231,1.8638,,,1.8495,0.000331577,64,4.58154e+09
29260,1.8654,,,1.87901,0.000331445,64,6.39213e+09
29289,1.8670,,,1.82806,0.000331313,64,5.54304e+07
29318,1.8686,,,1.66033,0.00033118,64,7.90875e+06
29347,1.8702,,,1.71437,0.000331048,64,1.22998e+07
29376,1.8718,,,2.02067,0.000330916,64,2.35846e+07
29405,1.8734,,,1.64443,0.000330783,64,5.00217e+09
29434,1.8751,,,1.76294,0.000330651,64,2.25217e+08
29463,1.8767,,,1.75061,0.000330518,64,1.03318e+08
29492,1.8783,,,2.01915,0.000330385,64,6.88379e+06
29509,1.8826,1.66472,1.84124,,,64,
29521,1.8835,,,1.6115,0.000330252,65,1.53208e+08
29550,1.8851,,,1.76365,0.000330119,65,1.86283e+08
29579,1.8867,,,1.69814,0.000329986,65,1.65072e+09
29608,1.8883,,,1.66987,0.000329853,65,2.7233e+08
29637,1.8899,,,1.79412,0.00032972,65,1.24658e+08
29666,1.8915,,,1.8403,0.000329586,65,2.42299e+07
29695,1.8932,,,1.68414,0.000329453,65,1.00641e+07
29724,1.8948,,,1.58033,0.000329319,65,4.07875e+09
29753,1.8964,,,1.95243,0.000329185,65,5.05578e+08
29782,1.8980,,,1.97588,0.000329052,65,4.66977e+07
29811,1.8996,,,1.74445,0.000328918,65,3.2342e+08
29840,1.9012,,,1.74582,0.000328784,65,4.70505e+07
29869,1.9028,,,1.87443,0.00032865,65,1.85909e+08
29898,1.9044,,,1.87606,0.000328515,65,1.18936e+10
29927,1.9061,,,1.91567,0.000328381,65,8.59069e+07
29956,1.9076,,,1.79293,0.000328247,65,9.61516e+07
29963,1.9115,1.74901,1.83684,,,65,
29985,1.9129,,,1.79266,0.000328112,66,1.04573e+08
30014,1.9145,,,1.90307,0.000327978,66,1.43971e+07
30043,1.9162,,,1.77215,0.000327843,66,5.28757e+07
30072,1.9178,,,2.03258,0.000327708,66,2.6799e+07
30101,1.9194,,,1.7883,0.000327573,66,5.00168e+09
30130,1.9210,,,1.95272,0.000327438,66,1.55553e+09
30159,1.9226,,,1.85738,0.000327303,66,9.50779e+08
30188,1.9242,,,1.90753,0.000327168,66,1.00875e+08
30217,1.9258,,,1.86696,0.000327033,66,6.18472e+08
30246,1.9274,,,1.97225,0.000326897,66,1.90785e+08
30275,1.9290,,,1.96803,0.000326762,66,8.93719e+06
30304,1.9307,,,2.0499,0.000326626,66,4.08822e+07
30333,1.9323,,,1.79376,0.000326491,66,3.92028e+08
30362,1.9339,,,1.92888,0.000326355,66,2.5693e+09
30391,1.9356,,,1.9306,0.000326219,66,1.41413e+12
30417,1.9404,1.77249,1.85914,,,66,
30420,1.9408,,,1.77153,0.000326083,67,4.68819e+11
30449,1.9424,,,1.71617,0.000325947,67,3.27136e+07
30478,1.9440,,,1.76403,0.000325811,67,3.26646e+08
30507,1.9456,,,1.73168,0.000325675,67,8.75617e+07
30536,1.9472,,,1.68787,0.000325538,67,4.8572e+09
30565,1.9488,,,1.99725,0.000325402,67,5.63609e+10
30594,1.9504,,,1.89227,0.000325265,67,6.84631e+10
30623,1.9520,,,1.92916,0.000325129,67,3.45049e+10
30652,1.9537,,,1.69134,0.000324992,67,4.45802e+08
30681,1.9553,,,1.92977,0.000324855,67,4.71981e+08
30710,1.9569,,,1.96492,0.000324718,67,7.07302e+08
30739,1.9585,,,1.78338,0.000324581,67,2.95613e+08
30768,1.9601,,,1.76336,0.000324444,67,2.40286e+09
30797,1.9617,,,1.87987,0.000324307,67,2.61416e+07
30826,1.9633,,,1.84813,0.00032417,67,7.62241e+08
30855,1.9650,,,1.93912,0.000324032,67,1.93828e+09
30871,1.9692,1.79892,1.86703,,,67,
30884,1.9701,,,1.79159,0.000323895,68,1.44004e+09
30913,1.9717,,,1.77143,0.000323757,68,1.0568e+08
30942,1.9733,,,1.98712,0.000323619,68,8.07982e+07
30971,1.9749,,,1.78022,0.000323482,68,1.81212e+09
31000,1.9765,,,1.96537,0.000323344,68,5.72094e+07
31029,1.9781,,,1.98442,0.000323206,68,4.4334e+13
31058,1.9797,,,1.8906,0.000323068,68,7.45274e+08
31087,1.9813,,,2.11199,0.00032293,68,3.64679e+10
31116,1.9829,,,1.79867,0.000322791,68,1.57112e+10
31145,1.9845,,,1.82296,0.000322653,68,6.14737e+11
31174,1.9861,,,1.9033,0.000322515,68,1.75473e+09
31203,1.9877,,,1.90783,0.000322376,68,8.99946e+07
31232,1.9893,,,2.04943,0.000322237,68,1.36636e+08
31261,1.9909,,,1.85982,0.000322099,68,1.02782e+11
31290,1.9925,,,1.83402,0.00032196,68,1.58031e+08
31319,1.9940,,,2.06285,0.000321821,68,9.9221e+08
31325,1.9978,1.81142,1.91285,,,68,
31348,1.9993,,,1.78152,0.000321682,69,3.04286e+07
31377,2.0009,,,1.90227,0.000321543,69,1.23879e+08
31406,2.0025,,,2.0127,0.000321404,69,1.8883e+08
31435,2.0041,,,1.91106,0.000321264,69,1.13127e+09
31464,2.0056,,,1.8499,0.000321125,69,4.39716e+07
31493,2.0072,,,1.92276,0.000320986,69,8.80312e+07
31522,2.0088,,,1.87465,0.000320846,69,4.92042e+07
31551,2.0104,,,2.0534,0.000320706,69,1.17363e+07
31580,2.0120,,,1.88156,0.000320567,69,7.8418e+06
31609,2.0136,,,1.78518,0.000320427,69,4.0394e+07
31638,2.0152,,,1.86534,0.000320287,69,4.86545e+07
31667,2.0168,,,1.88757,0.000320147,69,1.1179e+09
31696,2.0184,,,1.74244,0.000320007,69,1.788e+08
31725,2.0200,,,2.08317,0.000319867,69,9.92937e+08
31754,2.0216,,,1.99807,0.000319726,69,6.89941e+08
31779,2.0264,1.74228,1.8886,,,69,
31783,2.0268,,,1.73239,0.000319586,70,6.11387e+11
31812,2.0284,,,1.90035,0.000319445,70,7.9844e+08
31841,2.0300,,,1.76873,0.000319305,70,3.77997e+08
31870,2.0316,,,2.01719,0.000319164,70,2.85454e+09
31899,2.0332,,,1.95651,0.000319023,70,1.49311e+09
31928,2.0348,,,1.72872,0.000318883,70,4.05573e+08
31957,2.0364,,,1.87787,0.000318742,70,2.41856e+08
31986,2.0380,,,1.79982,0.000318601,70,6.38649e+08
32015,2.0396,,,1.90111,0.000318459,70,6.33695e+10
32044,2.0412,,,2.00215,0.000318318,70,1.03982e+09
32073,2.0428,,,2.00904,0.000318177,70,3.39022e+09
32102,2.0444,,,2.00323,0.000318036,70,8.61754e+07
32131,2.0460,,,1.75559,0.000317894,70,2.23427e+10
32160,2.0476,,,1.7297,0.000317752,70,3.42442e+09
32189,2.0492,,,1.7011,0.000317611,70,4.76592e+08
32218,2.0508,,,1.94786,0.000317469,70,6.48071e+07
32233,2.0550,1.70396,1.84288,,,70,
32247,2.0560,,,1.75255,0.000317327,71,6.15184e+08
32276,2.0576,,,1.72949,0.000317185,71,7.96833e+06
32305,2.0592,,,1.89443,0.000317043,71,1.68185e+07
32334,2.0608,,,1.87678,0.000316901,71,6.6115e+08
32363,2.0624,,,1.73219,0.000316759,71,1.16177e+08
32392,2.0640,,,1.51867,0.000316617,71,6.30546e+08
32421,2.0656,,,1.60418,0.000316474,71,7.70682e+09
32450,2.0672,,,1.88565,0.000316332,71,6.19164e+09
32479,2.0688,,,1.64364,0.000316189,71,4.20677e+08
32508,2.0704,,,1.70113,0.000316047,71,2.87588e+07
32537,2.0720,,,1.63705,0.000315904,71,3.59826e+08
32566,2.0736,,,1.94034,0.000315761,71,7.91638e+08
32595,2.0752,,,1.86619,0.000315618,71,7.46039e+08
32624,2.0768,,,1.59625,0.000315475,71,9.95201e+08
32653,2.0784,,,1.75671,0.000315332,71,2.67902e+08
32682,2.0799,,,1.61185,0.000315189,71,2.01694e+09
32687,2.0837,1.61983,1.76034,,,71,
32711,2.0852,,,1.51059,0.000315046,72,6.11366e+08
32740,2.0868,,,1.54923,0.000314902,72,7.14171e+08
32769,2.0884,,,1.73016,0.000314759,72,4.03276e+08
32798,2.0900,,,1.7603,0.000314615,72,4.96611e+11
32827,2.0916,,,1.54736,0.000314472,72,4.21433e+07
32856,2.0932,,,1.61278,0.000314328,72,1.37156e+08
32885,2.0948,,,1.68548,0.000314184,72,2.07056e+07
32914,2.0964,,,1.79117,0.00031404,72,3.03278e+08
32943,2.0980,,,1.77304,0.000313896,72,7.61622e+07
32972,2.0996,,,1.51425,0.000313752,72,4.46988e+08
33001,2.1012,,,1.63678,0.000313608,72,1.33195e+07
33030,2.1028,,,1.7217,0.000313464,72,7.07416e+07
33059,2.1044,,,1.58739,0.000313319,72,1.10565e+07
33088,2.1060,,,1.73605,0.000313175,72,6.19818e+07
33117,2.1076,,,1.62152,0.00031303,72,4.71198e+07
33141,2.1123,1.53811,1.69433,,,72,
33146,2.1127,,,1.67112,0.000312886,73,5.1564e+06
33175,2.1143,,,1.94866,0.000312741,73,7.51649e+10
33204,2.1160,,,1.68952,0.000312597,73,4.02195e+07
33233,2.1176,,,1.6053,0.000312452,73,2.24976e+08
33262,2.1192,,,1.70699,0.000312307,73,1.69963e+11
33291,2.1208,,,1.61498,0.000312162,73,4.03894e+07
33320,2.1224,,,1.47731,0.000312017,73,3.50486e+08
33349,2.1240,,,1.54139,0.000311871,73,2.19731e+07
33378,2.1256,,,1.38324,0.000311726,73,1.5097e+08
33407,2.1271,,,1.69554,0.000311581,73,2.9698e+08
33436,2.1288,,,1.55439,0.000311435,73,1.54494e+08
33465,2.1304,,,1.44238,0.00031129,73,6.39147e+09
33494,2.1320,,,1.43015,0.000311144,73,4.25929e+08
33523,2.1336,,,1.53603,0.000310998,73,1.15505e+09
33552,2.1352,,,1.41696,0.000310853,73,2.35585e+10
33581,2.1368,,,1.38678,0.000310707,73,4.3591e+08
33595,2.1410,1.39454,1.57512,,,73,
33610,2.1421,,,1.57395,0.000310561,74,2.63663e+08
33639,2.1437,,,1.41905,0.000310415,74,3.11834e+09
33668,2.1453,,,1.4326,0.000310269,74,2.11597e+07
33697,2.1469,,,1.44084,0.000310122,74,4.51874e+08
33726,2.1486,,,1.36169,0.000309976,74,8.59515e+07
33755,2.1503,,,1.62097,0.00030983,74,4.38363e+08
33784,2.1518,,,1.47845,0.000309683,74,2.49599e+09
33813,2.1535,,,1.35415,0.000309537,74,1.00039e+07
33842,2.1552,,,1.33643,0.00030939,74,8.17702e+07
33871,2.1568,,,1.55273,0.000309243,74,1.45095e+08
33900,2.1584,,,1.43331,0.000309097,74,1.66554e+08
33929,2.1600,,,1.43878,0.00030895,74,5.58861e+07
33958,2.1616,,,1.46438,0.000308803,74,4.36572e+08
33987,2.1632,,,1.3875,0.000308656,74,1.74929e+08
34016,2.1648,,,1.43061,0.000308509,74,5.52859e+09
34045,2.1663,,,1.48835,0.000308361,74,1.21243e+10
34049,2.1700,1.34123,1.45924,,,74,
34074,2.1715,,,1.51683,0.000308214,75,3.57012e+07
34103,2.1731,,,1.42137,0.000308067,75,3.31954e+08
34132,2.1747,,,1.41219,0.000307919,75,3.48749e+08
34161,2.1763,,,1.2773,0.000307772,75,1.93046e+08
34190,2.1779,,,1.51312,0.000307624,75,4.25464e+09
34219,2.1796,,,1.29877,0.000307476,75,6.69033e+07
34248,2.1812,,,1.4207,0.000307329,75,1.82352e+08
34277,2.1828,,,1.44377,0.000307181,75,2.51271e+09
34306,2.1844,,,1.48076,0.000307033,75,3.64182e+08
34335,2.1860,,,1.32151,0.000306885,75,6.7184e+10
34364,2.1876,,,1.49252,0.000306737,75,4.82878e+08
34393,2.1892,,,1.27033,0.000306588,75,1.05599e+08
34422,2.1908,,,1.57636,0.00030644,75,6.13728e+06
34451,2.1924,,,1.45839,0.000306292,75,2.63484e+10
34480,2.1940,,,1.52284,0.000306143,75,5.50436e+10
34503,2.1986,1.31708,1.4234,,,75,
34509,2.1992,,,1.39561,0.000305995,76,2.01792e+09
34538,2.2008,,,1.41856,0.000305846,76,3.68751e+06
34567,2.2024,,,1.31231,0.000305697,76,2.09492e+09
34596,2.2040,,,1.28698,0.000305549,76,3.69932e+07
34625,2.2056,,,1.51848,0.0003054,76,4.60793e+09
34654,2.2072,,,1.4428,0.000305251,76,4.09493e+09
34683,2.2088,,,1.45345,0.000305102,76,2.76885e+12
34712,2.2104,,,1.49053,0.000304953,76,5.7305e+08
34741,2.2120,,,1.44595,0.000304803,76,1.14503e+08
34770,2.2136,,,1.37178,0.000304654,76,1.79757e+12
34799,2.2152,,,1.43153,0.000304505,76,1.28671e+09
34828,2.2168,,,1.4498,0.000304355,76,1.40318e+09
34857,2.2184,,,1.3082,0.000304206,76,5.64264e+07
34886,2.2200,,,1.33189,0.000304056,76,1.74844e+08
34915,2.2216,,,1.39529,0.000303907,76,1.4142e+10
34944,2.2232,,,1.37131,0.000303757,76,5.43053e+07
34957,2.2273,1.26205,1.3768,,,76,
34973,2.2284,,,1.34563,0.000303607,77,1.36849e+08
35002,2.2300,,,1.3001,0.000303457,77,1.8375e+08
35031,2.2316,,,1.33957,0.000303307,77,6.21528e+07
35060,2.2332,,,1.46052,0.000303157,77,2.91279e+08
35089,2.2348,,,1.40244,0.000303007,77,3.56896e+08
35118,2.2364,,,1.39279,0.000302857,77,9.01013e+08
35147,2.2380,,,1.35455,0.000302707,77,3.78202e+09
35176,2.2396,,,1.35312,0.000302556,77,6.57226e+08
35205,2.2412,,,1.31051,0.000302406,77,2.84978e+08
35234,2.2428,,,1.28674,0.000302255,77,2.64692e+08
35263,2.2444,,,1.39979,0.000302105,77,2.58326e+09
35292,2.2460,,,1.31137,0.000301954,77,1.06081e+10
35321,2.2476,,,1.28774,0.000301803,77,1.58292e+09
35350,2.2492,,,1.42044,0.000301652,77,3.01333e+07
35379,2.2508,,,1.20788,0.000301501,77,3.3988e+08
35408,2.2523,,,1.12271,0.00030135,77,3.08237e+08
35411,2.2560,1.19714,1.32435,,,77,
35437,2.2576,,,1.22706,0.000301199,78,7.45478e+07
35466,2.2592,,,1.25892,0.000301048,78,6.36737e+08
35495,2.2608,,,1.23316,0.000300897,78,2.31819e+08
35524,2.2624,,,1.24462,0.000300746,78,3.2445e+08
35553,2.2640,,,1.2266,0.000300594,78,6.65641e+07
35582,2.2656,,,1.61345,0.000300443,78,4.14622e+09
35611,2.2672,,,1.20827,0.000300291,78,4.16562e+09
35640,2.2688,,,1.27453,0.000300139,78,9.36537e+08
35669,2.2704,,,1.165,0.000299988,78,4.59922e+07
35698,2.2720,,,1.16437,0.000299836,78,2.49962e+08
35727,2.2736,,,1.14294,0.000299684,78,3.54635e+07
35756,2.2752,,,1.20771,0.000299532,78,3.45007e+08
35785,2.2768,,,1.16406,0.00029938,78,6.2292e+08
35814,2.2784,,,1.15657,0.000299228,78,2.67437e+08
35843,2.2800,,,1.14751,0.000299076,78,6.83818e+09
35865,2.2845,1.04759,1.2348,,,78,
35872,2.2851,,,1.20348,0.000298924,79,5.58149e+08
35901,2.2867,,,1.06716,0.000298771,79,6.20142e+06
35930,2.2883,,,1.21933,0.000298619,79,1.28524e+08
35959,2.2899,,,1.14162,0.000298467,79,7.34929e+08
35988,2.2915,,,1.11189,0.000298314,79,1.50501e+07
36017,2.2931,,,1.102,0.000298161,79,3.50176e+08
36046,2.2947,,,1.05363,0.000298009,79,8.0695e+07
36075,2.2963,,,1.15422,0.000297856,79,2.97618e+06
36104,2.2979,,,1.06655,0.000297703,79,2.85906e+07
36133,2.2995,,,1.22993,0.00029755,79,1.28108e+07
36162,2.3011,,,1.08961,0.000297397,79,1.17948e+08
36191,2.3027,,,1.0285,0.000297244,79,6.44623e+08
36220,2.3043,,,0.933916,0.000297091,79,2.41169e+07
36249,2.3059,,,1.0652,0.000296938,79,1.35936e+08
36278,2.3075,,,1.01848,0.000296785,79,4.1916e+06
36307,2.3091,,,0.922991,0.000296631,79,1.53198e+08
36319,2.3132,0.8644,1.05086,,,79,
36336,2.3143,,,0.942744,0.000296478,80,1.49278e+08
36365,2.3159,,,0.865854,0.000296324,80,4.79056e+06
36394,2.3175,,,1.28214,0.000296171,80,5.15842e+06
36423,2.3191,,,0.900951,0.000296017,80,2.10941e+08
36452,2.3207,,,0.899927,0.000295863,80,2.12969e+06
36481,2.3223,,,0.799938,0.000295709,80,4.15979e+07
36510,2.3239,,,0.803968,0.000295556,80,2.86926e+07
36539,2.3255,,,0.800078,0.000295402,80,5.88771e+08
36568,2.3271,,,0.721541,0.000295248,80,1.70098e+08
36597,2.3287,,,0.754431,0.000295094,80,1.9574e+06
36626,2.3303,,,0.6591,0.000294939,80,1.57574e+07
36655,2.3319,,,0.675532,0.000294785,80,6.01457e+07
36684,2.3336,,,0.618966,0.000294631,80,707796
36713,2.3352,,,0.654396,0.000294476,80,1.05572e+08
36742,2.3368,,,0.650006,0.000294322,80,1.02674e+06
36771,2.3383,,,0.610133,0.000294167,80,1.48446e+07
36773,2.3419,0.585853,0.796502,,,80,
36800,2.3436,,,0.595198,0.000294013,81,1.95741e+07
36829,2.3451,,,0.631158,0.000293858,81,7.02635e+06
36858,2.3467,,,0.59034,0.000293703,81,1.13009e+09
36887,2.3484,,,0.553702,0.000293549,81,7.62459e+07
36916,2.3500,,,0.604391,0.000293394,81,4.71755e+06
36945,2.3516,,,0.623727,0.000293239,81,8.41691e+06
36974,2.3532,,,0.611773,0.000293084,81,1.28177e+06
37003,2.3548,,,0.670561,0.000292929,81,5.64094e+06
37032,2.3565,,,0.56646,0.000292773,81,4.45062e+07
37061,2.3581,,,0.57071,0.000292618,81,980764
37090,2.3598,,,0.644821,0.000292463,81,7.41656e+06
37119,2.3614,,,0.546098,0.000292307,81,9.83606e+07
37148,2.3630,,,0.514228,0.000292152,81,2.13253e+07
37177,2.3647,,,0.511659,0.000291996,81,2.93343e+06
37206,2.3663,,,0.539483,0.000291841,81,3.39539e+07
37227,2.3708,0.502887,0.579285,,,81,
37235,2.3715,,,0.518051,0.000291685,82,1.33025e+07
37264,2.3731,,,0.543834,0.000291529,82,638653
37293,2.3747,,,0.513828,0.000291374,82,1.29243e+09
37322,2.3763,,,0.489446,0.000291218,82,8.48044e+07
37351,2.3779,,,0.487686,0.000291062,82,6.24625e+07
37380,2.3795,,,0.56076,0.000290906,82,1.95499e+07
37409,2.3811,,,0.747195,0.00029075,82,1.15138e+08
37438,2.3827,,,0.536867,0.000290593,82,413433
37467,2.3843,,,0.539688,0.000290437,82,1.68885e+07
37496,2.3859,,,0.50476,0.000290281,82,4.20271e+10
37525,2.3875,,,1.67689,0.000290125,82,3.48812e+08
37554,2.3891,,,1.0618,0.000289968,82,1.51038e+06
37583,2.3908,,,1.61862,0.000289812,82,887812
37612,2.3924,,,1.44229,0.000289655,82,1.12167e+06
37641,2.3940,,,0.787347,0.000289498,82,324529
37670,2.3956,,,0.652642,0.000289342,82,1.20967e+07
37681,2.3996,0.459822,0.798322,,,82,
37699,2.4008,,,0.684501,0.000289185,83,1.33846e+06
37728,2.4024,,,0.498491,0.000289028,83,508461
37757,2.4040,,,2.17349,0.000288871,83,5.22746e+07
37786,2.4056,,,1.09106,0.000288714,83,3.32618e+08
37815,2.4072,,,0.777981,0.000288557,83,2.74167e+06
37844,2.4088,,,1.73342,0.0002884,83,352066
37873,2.4104,,,1.59718,0.000288243,83,414304
37902,2.4120,,,1.61202,0.000288085,83,1.07146e+06
37931,2.4136,,,1.92922,0.000287928,83,785109
37960,2.4152,,,1.03614,0.000287771,83,8.63179e+06
37989,2.4168,,,0.737554,0.000287613,83,15888.6
38018,2.4184,,,0.725647,0.000287456,83,192262
38047,2.4200,,,1.23777,0.000287298,83,25807.4
38076,2.4216,,,2.20525,0.00028714,83,28789.9
38105,2.4232,,,6.45975,0.000286983,83,1.40149e+06
38134,2.4247,,,3.54298,0.000286825,83,49705.4
38135,2.4282,3.46477,1.46787,,,83,
38163,2.4300,,,1.58676,0.000286667,84,1.53e+06
38192,2.4316,,,0.857576,0.000286509,84,7.97595e+07
38221,2.4332,,,0.61076,0.000286351,84,2.10981e+06
38250,2.4348,,,0.566702,0.000286193,84,5.31714e+06
38279,2.4364,,,0.449337,0.000286035,84,1.00338e+06
38308,2.4380,,,0.414767,0.000285877,84,3.96919e+06
38337,2.4396,,,0.425673,0.000285719,84,6.28866e+06
38366,2.4412,,,0.497283,0.00028556,84,4.1022e+06
38395,2.4428,,,0.431161,0.000285402,84,74293.1
38424,2.4444,,,0.376637,0.000285243,84,1.76555e+06
38453,2.4460,,,0.460951,0.000285085,84,1.18485e+07
38482,2.4475,,,0.771781,0.000284926,84,140445
38511,2.4491,,,1.95108,0.000284768,84,20699.4
38540,2.4507,,,0.666586,0.000284609,84,803895
38569,2.4523,,,0.868291,0.00028445,84,101557
38589,2.4568,4.27318,0.86178,,,84,
38598,2.4575,,,3.5072,0.000284291,85,1.81392e+06
38627,2.4591,,,2.83389,0.000284132,85,649612
38656,2.4607,,,3.14124,0.000283973,85,1.39109e+06
38685,2.4623,,,2.02947,0.000283814,85,983450
38714,2.4639,,,1.58639,0.000283655,85,1.7986e+06
38743,2.4655,,,1.29418,0.000283496,85,287722
38772,2.4671,,,0.971978,0.000283337,85,7.28173e+06
38801,2.4687,,,0.807365,0.000283177,85,6.99784e+06
38830,2.4703,,,0.691924,0.000283018,85,1.0306e+06
38859,2.4719,,,0.605729,0.000282859,85,668724
38888,2.4735,,,0.548666,0.000282699,85,2.40756e+08
38917,2.4751,,,0.474795,0.00028254,85,7.42909e+06
38946,2.4767,,,0.506656,0.00028238,85,1.58468e+07
38975,2.4784,,,0.444694,0.00028222,85,551946
39004,2.4800,,,0.490101,0.000282061,85,8.05968e+06
39033,2.4815,,,0.418325,0.000281901,85,1.09448e+06
39043,2.4855,0.404375,1.20874,,,85,
39062,2.4870,,,0.398764,0.000281741,86,2.248e+06
39091,2.4886,,,0.379443,0.000281581,86,2.56775e+06
39120,2.4902,,,0.387962,0.000281421,86,118664
39149,2.4917,,,0.369443,0.000281261,86,210108
39178,2.4933,,,0.451858,0.000281101,86,119412
39207,2.4949,,,0.3852,0.000280941,86,1.73768e+06
39236,2.4965,,,0.44069,0.00028078,86,1.16569e+06
39265,2.4981,,,0.371513,0.00028062,86,3.70324e+07
39294,2.4997,,,0.372493,0.00028046,86,129089
39323,2.5013,,,0.543538,0.000280299,86,6.22698e+07
39352,2.5029,,,0.469413,0.000280139,86,741123
39381,2.5045,,,0.470742,0.000279978,86,2.90829e+06
39410,2.5061,,,0.505797,0.000279818,86,233581
39439,2.5077,,,0.500055,0.000279657,86,5.76613e+07
39468,2.5093,,,0.529206,0.000279496,86,4.44482e+06
39497,2.5143,0.3769,0.42622,0.369577,0.000279335,86,345453
39526,2.5163,,,0.36659,0.000279174,87,446575
39555,2.5179,,,0.387724,0.000279014,87,251837
39584,2.5195,,,0.581065,0.000278853,87,1.37097e+06
39613,2.5211,,,0.570529,0.000278691,87,2.26375e+06
39642,2.5227,,,0.464971,0.00027853,87,43217.3
39671,2.5243,,,0.374454,0.000278369,87,1.08886e+06
39700,2.5259,,,0.368091,0.000278208,87,2.71978e+07
39729,2.5275,,,0.365564,0.000278047,87,1.26139e+07
39758,2.5291,,,0.641158,0.000277885,87,737049
39787,2.5307,,,0.452775,0.000277724,87,320224
39816,2.5323,,,0.380355,0.000277563,87,152041
39845,2.5339,,,0.400889,0.000277401,87,20060.4
39874,2.5355,,,0.424824,0.000277239,87,4.56889e+06
39903,2.5371,,,0.384673,0.000277078,87,834132
39932,2.5387,,,0.537907,0.000276916,87,89367.6
39951,2.5432,0.378025,0.449522,,,87,
39961,2.5441,,,0.409755,0.000276754,88,30521.2
39990,2.5457,,,0.381757,0.000276593,88,455359
40019,2.5473,,,0.370737,0.000276431,88,1.42917e+06
40048,2.5489,,,0.355109,0.000276269,88,87804.3
40077,2.5505,,,1.47292,0.000276107,88,1.18661e+06
40106,2.5521,,,1.44752,0.000275945,88,424222
40135,2.5537,,,0.607398,0.000275783,88,6.86535e+08
40164,2.5553,,,0.458491,0.00027562,88,61010
40193,2.5569,,,0.39122,0.000275458,88,300232
40222,2.5585,,,0.364147,0.000275296,88,2.7383e+06
40251,2.5601,,,0.365564,0.000275133,88,643493
40280,2.5618,,,0.36018,0.000274971,88,6.27258e+07
40309,2.5634,,,0.357516,0.000274809,88,400322
40338,2.5650,,,0.332009,0.000274646,88,6.54352e+06
40367,2.5666,,,0.380706,0.000274484,88,2.35834e+07
40396,2.5682,,,0.357237,0.000274321,88,4.17518e+07
40405,2.5721,0.35817,0.517181,,,88,
40425,2.5736,,,0.37711,0.000274158,89,97523.3
40454,2.5753,,,0.355585,0.000273996,89,9.13593e+08
40483,2.5769,,,0.375112,0.000273833,89,542695
40512,2.5785,,,0.387355,0.00027367,89,2.29483e+06
40541,2.5801,,,0.388008,0.000273507,89,1.14072e+06
40570,2.5817,,,0.387975,0.000273344,89,2.95771e+06
40599,2.5833,,,0.392187,0.000273181,89,2.85024e+06
40628,2.5849,,,0.353641,0.000273018,89,1.96445e+07
40657,2.5865,,,0.369105,0.000272855,89,128100
40686,2.5881,,,0.383208,0.000272692,89,7.04413e+08
40715,2.5896,,,0.371705,0.000272528,89,3.23492e+07
40744,2.5913,,,0.346349,0.000272365,89,3.78608e+06
40773,2.5929,,,0.361913,0.000272202,89,1.43598e+06
40802,2.5945,,,0.371139,0.000272038,89,5.19902e+07
40831,2.5961,,,0.359137,0.000271875,89,4.28045e+07
40859,2.6010,0.360062,0.369798,,,89,
40860,2.6015,,,0.357213,0.000271711,90,2.94514e+06
40889,2.6031,,,0.386918,0.000271548,90,6.41421e+07
40918,2.6047,,,0.368453,0.000271384,90,6.7076e+07
40947,2.6063,,,0.359901,0.00027122,90,1.4535e+06
40976,2.6079,,,0.396551,0.000271057,90,6.34909e+06
41005,2.6095,,,0.428603,0.000270893,90,3.05132e+08
41034,2.6111,,,0.428269,0.000270729,90,8.65655e+07
41063,2.6127,,,0.389451,0.000270565,90,3.93103e+08
41092,2.6143,,,0.447186,0.000270401,90,6.56668e+06
41121,2.6159,,,0.3818,0.000270237,90,1.72865e+06
41150,2.6175,,,0.378231,0.000270073,90,281926
41179,2.6191,,,0.368638,0.000269909,90,1.19704e+07
41208,2.6206,,,0.371389,0.000269745,90,361461
41237,2.6223,,,0.372392,0.00026958,90,1.40543e+06
41266,2.6239,,,0.367009,0.000269416,90,7.18632e+07
41295,2.6254,,,0.393143,0.000269252,90,4.03902e+08
41313,2.6298,0.361495,0.379285,,,90,
41324,2.6308,,,0.371055,0.000269087,91,1.0978e+06
41353,2.6324,,,0.365431,0.000268923,91,2.40157e+07
41382,2.6340,,,0.409827,0.000268758,91,1.52054e+06
41411,2.6356,,,0.381902,0.000268594,91,1.28895e+06
41440,2.6372,,,0.382155,0.000268429,91,4.22726e+06
41469,2.6388,,,0.388855,0.000268265,91,3.08274e+06
41498,2.6404,,,0.335405,0.0002681,91,370772
41527,2.6420,,,0.348564,0.000267935,91,1.41455e+06
41556,2.6437,,,0.378421,0.00026777,91,7.52624e+06
41585,2.6453,,,0.356726,0.000267605,91,557467
41614,2.6469,,,0.383405,0.000267441,91,2.32651e+08
41643,2.6485,,,0.364983,0.000267276,91,1.25059e+08
41672,2.6501,,,0.374003,0.000267111,91,362234
41701,2.6517,,,0.369778,0.000266945,91,3.40289e+06
41730,2.6533,,,0.614687,0.00026678,91,823445
41759,2.6548,,,0.529824,0.000266615,91,9.34205e+07
41767,2.6587,0.577618,0.400282,,,91,
41788,2.6601,,,0.444702,0.00026645,92,8.92813e+06
41817,2.6617,,,0.369303,0.000266285,92,3.94898e+06
41846,2.6633,,,0.481717,0.000266119,92,2.68858e+06
41875,2.6649,,,0.43102,0.000265954,92,1443.45
41904,2.6665,,,8.44235,0.000265789,92,1.63202e+06
41933,2.6681,,,10.5075,0.000265623,92,236653
41962,2.6697,,,9.53077,0.000265458,92,1.88289e+07
41991,2.6713,,,10.249,0.000265292,92,4.29981e+06
42020,2.6729,,,8.8207,0.000265126,92,4.29462e+08
42049,2.6745,,,8.84052,0.000264961,92,1.86234e+07
42078,2.6761,,,7.65686,0.000264795,92,9.334e+06
42107,2.6777,,,7.48157,0.000264629,92,2.14523e+07
42136,2.6793,,,6.69762,0.000264463,92,7.60825e+06
42165,2.6809,,,6.38125,0.000264297,92,1.59967e+08
42194,2.6825,,,6.83189,0.000264131,92,1.62259e+07
42221,2.6873,6.16524,6.08892,,,92,
42223,2.6877,,,6.39018,0.000263966,93,5.0613e+06
42252,2.6893,,,6.45996,0.0002638,93,3.41385e+06
42281,2.6908,,,5.6945,0.000263633,93,1.13639e+06
42310,2.6924,,,6.39928,0.000263467,93,2.00062e+06
42339,2.6940,,,5.91986,0.000263301,93,8.8327e+06
42368,2.6956,,,6.03185,0.000263135,93,3.21291e+06
42397,2.6972,,,5.4729,0.000262969,93,1.69421e+09
42426,2.6988,,,5.50372,0.000262802,93,3.29186e+07
42455,2.7004,,,5.80933,0.000262636,93,2.37277e+08
42484,2.7020,,,5.54361,0.00026247,93,2.91295e+09
42513,2.7036,,,5.52473,0.000262303,93,7.74847e+07
42542,2.7052,,,5.55787,0.000262137,93,3.65772e+06
42571,2.7068,,,4.77132,0.00026197,93,2.35888e+08
42600,2.7084,,,4.3285,0.000261803,93,1.53272e+08
42629,2.7100,,,4.87977,0.000261637,93,3.83287e+09
42658,2.7116,,,4.49798,0.00026147,93,1.03137e+08
42675,2.7159,4.15026,5.42762,,,93,
42687,2.7168,,,4.47669,0.000261303,94,1.13121e+09
42716,2.7184,,,4.47971,0.000261137,94,1.6151e+06
42745,2.7200,,,4.24759,0.00026097,94,3.29184e+09
42774,2.7216,,,3.94508,0.000260803,94,6.55959e+07
42803,2.7232,,,4.4679,0.000260636,94,2.57943e+08
42832,2.7248,,,3.73233,0.000260469,94,1.85835e+08
42861,2.7264,,,3.77531,0.000260302,94,7.24677e+06
42890,2.7280,,,4.06749,0.000260135,94,1.3754e+07
42919,2.7296,,,4.06929,0.000259968,94,3.54021e+06
42948,2.7312,,,3.85657,0.0002598,94,9.50862e+07
42977,2.7328,,,3.72876,0.000259633,94,2.46427e+09
43006,2.7344,,,3.68705,0.000259466,94,1.58948e+06
43035,2.7360,,,3.60369,0.000259299,94,3.78237e+06
43064,2.7376,,,3.64553,0.000259131,94,3.47397e+09
43093,2.7392,,,3.14487,0.000258964,94,4.80974e+08
43122,2.7408,,,3.50273,0.000258797,94,5.29499e+07
43129,2.7446,3.20181,3.82347,,,94,
43151,2.7460,,,3.12881,0.000258629,95,6.09589e+09
43180,2.7476,,,3.23041,0.000258462,95,3.49061e+08
43209,2.7492,,,3.23668,0.000258294,95,1.6382e+08
43238,2.7508,,,3.39384,0.000258126,95,1.44772e+07
43267,2.7524,,,3.14302,0.000257959,95,2.11856e+07
43296,2.7540,,,2.90537,0.000257791,95,7.07036e+07
43325,2.7556,,,3.04309,0.000257623,95,3.23135e+07
43354,2.7572,,,3.14328,0.000257455,95,7.87767e+06
43383,2.7588,,,2.76,0.000257288,95,3.10959e+08
43412,2.7604,,,2.87675,0.00025712,95,3.65387e+10
43441,2.7621,,,2.72143,0.000256952,95,3.00389e+10
43470,2.7637,,,2.92117,0.000256784,95,8.01437e+08
43499,2.7653,,,3.04131,0.000256616,95,2.97544e+08
43528,2.7669,,,2.86985,0.000256448,95,2.80878e+08
43557,2.7685,,,2.93573,0.00025628,95,1.64194e+08
43583,2.7733,2.58443,2.99417,,,95,
43586,2.7737,,,2.6627,0.000256111,96,2.13484e+08
43615,2.7753,,,2.70729,0.000255943,96,5.04327e+08
43644,2.7770,,,2.56218,0.000255775,96,3.09911e+07
43673,2.7786,,,2.66864,0.000255607,96,9.89106e+07
43702,2.7802,,,2.44385,0.000255438,96,4.32551e+08
43731,2.7818,,,2.36343,0.00025527,96,3.50838e+07
43760,2.7834,,,2.59812,0.000255102,96,700929
43789,2.7850,,,2.33809,0.000254933,96,4.55042e+08
43818,2.7866,,,2.25642,0.000254765,96,1.2434e+07
43847,2.7882,,,2.46305,0.000254596,96,1.86967e+07
43876,2.7898,,,2.20203,0.000254428,96,4.48533e+07
43905,2.7914,,,2.15047,0.000254259,96,2.7312e+06
43934,2.7930,,,2.48971,0.00025409,96,7.80623e+07
43963,2.7946,,,2.36456,0.000253922,96,3.53762e+08
43992,2.7963,,,2.27748,0.000253753,96,1.17344e+07
44021,2.7979,,,1.90601,0.000253584,96,5.03717e+07
44037,2.8021,1.95251,2.37327,,,96,
44050,2.8031,,,1.93625,0.000253415,97,1.52843e+07
44079,2.8047,,,1.84506,0.000253246,97,3.12407e+08
44108,2.8063,,,1.94758,0.000253078,97,1.80611e+08
44137,2.8079,,,2.03591,0.000252909,97,8.09336e+08
44166,2.8095,,,1.81163,0.00025274,97,1.26339e+08
44195,2.8111,,,1.89591,0.000252571,97,6.32778e+09
44224,2.8127,,,1.92757,0.000252402,97,8.33819e+06
44253,2.8143,,,1.83633,0.000252232,97,1.96664e+09
44282,2.8159,,,1.84171,0.000252063,97,2.01728e+07
44311,2.8175,,,1.66173,0.000251894,97,1.61635e+08
44340,2.8191,,,1.60657,0.000251725,97,4.07743e+07
44369,2.8207,,,1.88248,0.000251556,97,8.55415e+07
44398,2.8223,,,1.5472,0.000251386,97,3.05112e+07
44427,2.8239,,,1.58918,0.000251217,97,8.48671e+07
44456,2.8255,,,1.50584,0.000251048,97,1.54901e+07
44485,2.8271,,,1.7266,0.000250878,97,7.72319e+07
44491,2.8308,1.56532,1.81084,,,97,
44514,2.8323,,,1.71122,0.000250709,98,7.45109e+07
44543,2.8339,,,1.51649,0.000250539,98,5.22185e+08
44572,2.8355,,,1.62012,0.00025037,98,4.98102e+07
44601,2.8371,,,1.47904,0.0002502,98,4.34926e+09
44630,2.8387,,,1.57506,0.000250031,98,1.91431e+08
44659,2.8403,,,1.40166,0.000249861,98,5.51917e+07
44688,2.8419,,,1.3101,0.000249691,98,1.95534e+11
44717,2.8435,,,1.41119,0.000249521,98,7.97785e+07
44746,2.8451,,,1.41316,0.000249352,98,2.71099e+07
44775,2.8467,,,1.32541,0.000249182,98,9.91391e+08
44804,2.8483,,,1.42171,0.000249012,98,1.57612e+08
44833,2.8499,,,1.13363,0.000248842,98,1.62306e+07
44862,2.8515,,,1.25246,0.000248672,98,7.10528e+09
44891,2.8530,,,1.21422,0.000248502,98,1.48635e+07
44920,2.8546,,,1.22465,0.000248332,98,2.7816e+07
44945,2.8594,1.1574,1.41301,,,98,
44949,2.8598,,,1.11363,0.000248162,99,1.21069e+09
44978,2.8614,,,1.21554,0.000247992,99,5.702e+06
45007,2.8630,,,0.993763,0.000247822,99,7.36019e+07
45036,2.8646,,,0.898606,0.000247652,99,3.35806e+09
45065,2.8662,,,0.771811,0.000247482,99,4.64325e+07
45094,2.8678,,,0.775324,0.000247312,99,3.66625e+09
45123,2.8694,,,0.718559,0.000247141,99,2.68753e+08
45152,2.8710,,,0.708593,0.000246971,99,218761
45181,2.8726,,,0.620083,0.000246801,99,6.12531e+06
45210,2.8742,,,0.603846,0.00024663,99,3.92885e+06
45239,2.8758,,,0.585094,0.00024646,99,4.23672e+08
45268,2.8774,,,0.551136,0.00024629,99,3.98758e+07
45297,2.8790,,,0.511014,0.000246119,99,4.87575e+07
45326,2.8806,,,0.522003,0.000245949,99,1.22764e+09
45355,2.8822,,,0.516033,0.000245778,99,1.73923e+07
45384,2.8838,,,0.494618,0.000245607,99,3.52091e+07
45399,2.8880,0.482911,0.738392,,,99,
45413,2.8893,,,0.465941,0.000245437,100,7.85762e+07
45442,2.8909,,,0.490702,0.000245266,100,1.01184e+10
45471,2.8925,,,0.47876,0.000245096,100,1.13789e+08
45500,2.8941,,,0.472005,0.000244925,100,4.27238e+09
45529,2.8957,,,0.457331,0.000244754,100,5.94241e+06
45558,2.8973,,,0.464816,0.000244583,100,5.11013e+08
45587,2.8989,,,0.457537,0.000244412,100,1.27596e+09
45616,2.9006,,,0.432916,0.000244242,100,2.09525e+09
45645,2.9022,,,0.461909,0.000244071,100,5.63913e+07
45674,2.9038,,,0.487795,0.0002439,100,6.75566e+07
45703,2.9054,,,0.443219,0.000243729,100,2.07087e+08
45732,2.9070,,,0.450886,0.000243558,100,2.32134e+09
45761,2.9086,,,0.447627,0.000243387,100,2.81675e+08
45790,2.9102,,,0.448869,0.000243216,100,2.89311e+09
45819,2.9118,,,0.422962,0.000243045,100,5.39091e+08
45848,2.9134,,,0.436127,0.000242874,100,6.48996e+06
45853,2.9172,0.431191,0.458806,,,100,
45877,2.9187,,,0.450909,0.000242702,101,1.37184e+09
45906,2.9203,,,0.451796,0.000242531,101,3.31003e+08
45935,2.9219,,,0.454786,0.00024236,101,1.68091e+06
45964,2.9235,,,0.424048,0.000242189,101,1.96747e+08
45993,2.9251,,,0.423256,0.000242018,101,1.61238e+08
46022,2.9267,,,0.411021,0.000241846,101,7.0667e+07
46051,2.9283,,,0.43863,0.000241675,101,9.32285e+07
46080,2.9299,,,0.441938,0.000241504,101,2.29914e+07
46109,2.9315,,,0.413486,0.000241332,101,2.68144e+07
46138,2.9331,,,0.414978,0.000241161,101,1.241e+08
46167,2.9347,,,0.416623,0.000240989,101,1.18386e+08
46196,2.9363,,,0.43152,0.000240818,101,939000
46225,2.9379,,,0.405103,0.000240646,101,1.62802e+08
46254,2.9395,,,0.409511,0.000240475,101,2.48338e+07
46283,2.9412,,,0.415781,0.000240303,101,1.49575e+07
46307,2.9459,0.397222,0.425285,,,101,
46312,2.9466,,,0.404078,0.000240131,102,1.55287e+08
46341,2.9482,,,0.38824,0.00023996,102,7.60218e+06
46370,2.9498,,,0.406871,0.000239788,102,1.70505e+07
46399,2.9514,,,0.40498,0.000239616,102,5.7479e+06
46428,2.9530,,,0.395736,0.000239445,102,1.94797e+08
46457,2.9546,,,0.407038,0.000239273,102,3.96704e+07
46486,2.9562,,,0.402929,0.000239101,102,6.14996e+09
46515,2.9578,,,0.399027,0.000238929,102,1.15735e+09
46544,2.9594,,,0.420734,0.000238757,102,1.7761e+08
46573,2.9611,,,0.395074,0.000238585,102,5.63922e+06
46602,2.9627,,,0.387578,0.000238413,102,8.34489e+06
46631,2.9644,,,0.402713,0.000238242,102,2.60789e+06
46660,2.9660,,,0.379718,0.00023807,102,6.79138e+06
46689,2.9676,,,0.397735,0.000237898,102,2.10508e+07
46718,2.9692,,,0.39249,0.000237725,102,9.35482e+06
46747,2.9709,,,0.385777,0.000237553,102,1.99637e+06
46761,2.9751,0.385052,0.403637,,,102,
46776,2.9762,,,0.402773,0.000237381,103,1.33925e+09
46805,2.9778,,,0.385807,0.000237209,103,2.82175e+08
46834,2.9794,,,0.42501,0.000237037,103,5.18603e+07
46863,2.9810,,,0.389701,0.000236865,103,6.29602e+07
46892,2.9827,,,0.364056,0.000236693,103,1.53215e+08
46921,2.9843,,,0.3798,0.00023652,103,9.84903e+06
46950,2.9859,,,0.387641,0.000236348,103,2.92153e+07
46979,2.9876,,,0.368015,0.000236176,103,1.14651e+06
47008,2.9892,,,0.383947,0.000236003,103,3.49132e+08
47037,2.9908,,,0.408471,0.000235831,103,8.43098e+08
47066,2.9924,,,0.385655,0.000235659,103,3.51236e+07
47095,2.9940,,,0.396787,0.000235486,103,1.2249e+07
47124,2.9957,,,0.381445,0.000235314,103,1.13618e+09
47153,2.9973,,,0.379365,0.000235141,103,6.15896e+07
47182,2.9989,,,0.410451,0.000234969,103,5.84948e+08
47211,3.0005,,,0.392312,0.000234796,103,2.12687e+09
47215,3.0042,0.376018,0.390571,,,103,
47240,3.0059,,,0.38311,0.000234624,104,3.86893e+07
47269,3.0075,,,0.381741,0.000234451,104,1.15138e+09
47298,3.0091,,,0.403832,0.000234279,104,3.6522e+08
47327,3.0107,,,0.390818,0.000234106,104,3.0397e+07
47356,3.0123,,,0.386485,0.000233933,104,2.19264e+08
47385,3.0139,,,0.386862,0.000233761,104,1.67657e+06
47414,3.0156,,,0.384197,0.000233588,104,1.65744e+07
47443,3.0172,,,0.368797,0.000233415,104,8.88844e+08
47472,3.0188,,,0.360243,0.000233243,104,2.01619e+06
47501,3.0204,,,0.416679,0.00023307,104,3.87966e+09
47530,3.0220,,,0.37461,0.000232897,104,2.53108e+07
47559,3.0236,,,0.37607,0.000232724,104,4.35924e+07
47588,3.0252,,,0.380331,0.000232551,104,4.93081e+07
47617,3.0268,,,0.395433,0.000232378,104,3.10012e+08
47646,3.0284,,,0.376207,0.000232205,104,8.92462e+06
47669,3.0331,0.370919,0.3835,,,104,
47675,3.0337,,,0.382402,0.000232033,105,1.03447e+10
47704,3.0353,,,0.402079,0.00023186,105,3.31526e+06
47733,3.0370,,,0.394202,0.000231687,105,7.10823e+08
47762,3.0386,,,0.374631,0.000231514,105,2.61006e+08
47791,3.0402,,,0.414479,0.000231341,105,5.39589e+06
47820,3.0418,,,0.367244,0.000231168,105,3.10742e+07
47849,3.0434,,,0.352667,0.000230994,105,2.14947e+09
47878,3.0450,,,0.541043,0.000230821,105,4.12747e+06
47907,3.0466,,,0.435229,0.000230648,105,6.35273e+07
47936,3.0482,,,0.843626,0.000230475,105,8.93773e+06
47965,3.0498,,,1.66397,0.000230302,105,2.80925e+06
47994,3.0514,,,0.766215,0.000230129,105,9.88061e+07
48023,3.0530,,,0.418905,0.000229956,105,4.05034e+06
48052,3.0546,,,0.61352,0.000229782,105,1.54657e+07
48081,3.0562,,,0.570819,0.000229609,105,6.1085e+07
48110,3.0578,,,0.727598,0.000229436,105,7.94357e+07
48123,3.0619,0.741913,0.622119,,,105,
48139,3.0630,,,0.483502,0.000229262,106,1.64874e+06
48168,3.0646,,,0.453274,0.000229089,106,2.02468e+06
48197,3.0662,,,1.03482,0.000228916,106,1.46731e+08
48226,3.0678,,,0.555956,0.000228742,106,2.52384e+07
48255,3.0694,,,0.429291,0.000228569,106,2.96877e+06
48284,3.0710,,,0.397455,0.000228396,106,7.73992e+07
48313,3.0726,,,0.364725,0.000228222,106,8.502e+07
48342,3.0742,,,0.368931,0.000228049,106,1.87543e+06
48371,3.0758,,,0.503294,0.000227875,106,536067
48400,3.0774,,,0.544596,0.000227702,106,4.15971e+07
48429,3.0790,,,0.36991,0.000227528,106,2.75918e+07
48458,3.0806,,,0.424608,0.000227355,106,1.06647e+08
48487,3.0822,,,0.442986,0.000227181,106,855353
48516,3.0838,,,0.493236,0.000227007,106,1.83663e+08
48545,3.0854,,,0.434406,0.000226834,106,434114
48574,3.0870,,,0.377047,0.00022666,106,2.92957e+07
48577,3.0906,0.368859,0.488731,,,106,
48603,3.0924,,,0.369833,0.000226487,107,858268
48632,3.0940,,,0.363169,0.000226313,107,3.60061e+06
48661,3.0956,,,0.371602,0.000226139,107,1.20191e+07
48690,3.0972,,,3.8038,0.000225965,107,2.7178e+06
48719,3.0988,,,2.0711,0.000225792,107,2.17284e+08
48748,3.1004,,,0.723301,0.000225618,107,6.07402e+06
48777,3.1020,,,0.582246,0.000225444,107,1.51679e+06
48806,3.1036,,,0.391616,0.00022527,107,3.60438e+07
48835,3.1052,,,0.413653,0.000225097,107,1.79693e+07
48864,3.1068,,,0.42655,0.000224923,107,8.34167e+07
48893,3.1084,,,0.369214,0.000224749,107,279633
48922,3.1100,,,0.412657,0.000224575,107,145448
48951,3.1116,,,2.81475,0.000224401,107,5.90747e+06
48980,3.1132,,,0.68559,0.000224227,107,1.17315e+07
49009,3.1148,,,1.17949,0.000224053,107,405897
49031,3.1194,0.657635,0.979523,,,107,
49038,3.1200,,,0.51437,0.000223879,108,935815
49067,3.1216,,,0.409756,0.000223705,108,2.68359e+07
49096,3.1232,,,0.358501,0.000223531,108,7.45741e+06
49125,3.1248,,,0.415861,0.000223357,108,1.07158e+07
49154,3.1264,,,0.46036,0.000223183,108,8.02503e+06
49183,3.1280,,,0.446644,0.000223009,108,3.83678e+07
49212,3.1296,,,0.353992,0.000222835,108,5.22363e+06
49241,3.1312,,,0.402414,0.000222661,108,9.82251e+06
49270,3.1328,,,0.35264,0.000222487,108,1.88784e+07
49299,3.1344,,,0.393373,0.000222313,108,1.75083e+08
49328,3.1360,,,0.383978,0.000222139,108,251875
49357,3.1376,,,0.361095,0.000221965,108,7.11693e+06
49386,3.1392,,,0.365569,0.000221791,108,8.1149e+06
49415,3.1408,,,0.350304,0.000221617,108,9.43467e+06
49444,3.1424,,,0.375612,0.000221442,108,2.05558e+06
49473,3.1440,,,0.351222,0.000221268,108,1.28627e+07
49485,3.1481,0.35426,0.401452,,,108,
49502,3.1494,,,0.361136,0.000221094,109,1.21835e+07
49531,3.1510,,,0.374089,0.00022092,109,9.38512e+06
49560,3.1526,,,0.373637,0.000220745,109,1.22504e+07
49589,3.1542,,,0.377798,0.000220571,109,8.52073e+06
49618,3.1558,,,0.34852,0.000220397,109,1.00247e+08
49647,3.1575,,,0.352129,0.000220223,109,1.44661e+06
49676,3.1591,,,0.34787,0.000220048,109,5.34934e+06
49705,3.1607,,,0.356774,0.000219874,109,9.65855e+07
49734,3.1623,,,0.349958,0.0002197,109,1.60184e+08
49763,3.1639,,,0.364649,0.000219525,109,2.05773e+07
49792,3.1656,,,0.372428,0.000219351,109,1.01021e+08
49821,3.1672,,,0.352602,0.000219176,109,1.18905e+07
49850,3.1688,,,0.43008,0.000219002,109,8.46855e+06
49879,3.1705,,,0.364394,0.000218828,109,7.34243e+06
49908,3.1721,,,0.341302,0.000218653,109,3.00779e+07
49937,3.1737,,,0.371248,0.000218479,109,1.17203e+08
49939,3.1772,0.354697,0.365958,,,109,
49966,3.1791,,,0.364469,0.000218304,110,1.49128e+06
49995,3.1807,,,0.37419,0.00021813,110,5.02495e+08
50024,3.1823,,,0.37112,0.000217955,110,697827
50053,3.1839,,,0.361343,0.000217781,110,3.36476e+08
50082,3.1855,,,0.383902,0.000217606,110,6.20079e+06
50111,3.1871,,,0.35709,0.000217432,110,1.23436e+06
50140,3.1888,,,0.381767,0.000217257,110,2.0472e+07
50169,3.1904,,,0.442603,0.000217083,110,4.89948e+06
50198,3.1920,,,0.353557,0.000216908,110,5.11384e+07
50227,3.1937,,,0.375948,0.000216734,110,3.71789e+08
50256,3.1953,,,0.424899,0.000216559,110,1.22531e+07
50285,3.1969,,,0.444554,0.000216384,110,1.03539e+07
50314,3.1985,,,0.371672,0.00021621,110,1.34113e+08
50343,3.2001,,,0.347318,0.000216035,110,2.84964e+07
50372,3.2017,,,0.369572,0.00021586,110,8.45828e+07
50393,3.2062,0.353716,0.380593,,,110,
50401,3.2071,,,0.345167,0.000215686,111,2.58185e+06
50430,3.2087,,,0.371596,0.000215511,111,2.85895e+07
50459,3.2103,,,0.37852,0.000215336,111,2.47903e+06
50488,3.2119,,,0.368221,0.000215162,111,2.04159e+09
50517,3.2136,,,0.360008,0.000214987,111,3.54792e+06
50546,3.2152,,,0.474238,0.000214812,111,1.09243e+08
50575,3.2168,,,0.377347,0.000214638,111,2.3443e+09
50604,3.2184,,,0.403023,0.000214463,111,5.08011e+08
50633,3.2200,,,0.383608,0.000214288,111,1.42377e+08
50662,3.2216,,,0.380793,0.000214113,111,1.12502e+09
50691,3.2232,,,0.366068,0.000213939,111,1.46408e+08
50720,3.2249,,,0.388401,0.000213764,111,5.77465e+06
50749,3.2265,,,0.378259,0.000213589,111,3.59363e+06
50778,3.2281,,,0.357407,0.000213414,111,1.65444e+09
50807,3.2297,,,0.384073,0.000213239,111,3.15209e+08
50836,3.2313,,,0.364683,0.000213065,111,3.34763e+08
50847,3.2353,0.353091,0.377024,,,111,
50865,3.2366,,,0.3622,0.00021289,112,6.91037e+08
50894,3.2382,,,0.406078,0.000212715,112,2.68372e+07
50923,3.2398,,,0.580351,0.00021254,112,4.54071e+09
50952,3.2415,,,0.429984,0.000212365,112,2.73571e+06
50981,3.2431,,,1.21465,0.00021219,112,1.84855e+06
51010,3.2447,,,0.400899,0.000212015,112,1.03274e+07
51039,3.2463,,,0.41875,0.00021184,112,7.00125e+07
51068,3.2479,,,0.410884,0.000211666,112,2.65842e+07
51097,3.2495,,,0.427377,0.000211491,112,6.2092e+07
51126,3.2511,,,0.894773,0.000211316,112,2.51084e+08
51155,3.2527,,,0.474987,0.000211141,112,224948
51184,3.2543,,,0.406638,0.000210966,112,9.60019e+07
51213,3.2559,,,0.366238,0.000210791,112,2.2569e+06
51242,3.2575,,,0.362059,0.000210616,112,4.01924e+07
51271,3.2591,,,0.391981,0.000210441,112,1.04043e+08
51300,3.2607,,,0.387834,0.000210266,112,385992
51301,3.2642,0.351645,0.489655,,,112,
51329,3.2661,,,0.355385,0.000210091,113,3.65923e+06
51358,3.2677,,,0.387199,0.000209916,113,1.77597e+06
51387,3.2693,,,0.352761,0.000209741,113,1.56228e+07
51416,3.2709,,,0.374238,0.000209566,113,1.67591e+07
51445,3.2725,,,0.336129,0.000209391,113,4.42617e+06
51474,3.2741,,,0.377947,0.000209216,113,1.42832e+06
51503,3.2757,,,0.40413,0.000209041,113,2.12592e+07
51532,3.2774,,,0.374006,0.000208866,113,2.12362e+08
51561,3.2790,,,0.351471,0.000208691,113,546234
51590,3.2806,,,0.389769,0.000208516,113,6.60686e+06
51619,3.2822,,,0.348565,0.000208341,113,1.95239e+09
51648,3.2838,,,0.755916,0.000208166,113,3.48421e+06
51677,3.2854,,,1.89082,0.000207991,113,4.01887e+08
51706,3.2870,,,0.757022,0.000207816,113,3.04944e+07
51735,3.2886,,,0.453009,0.000207641,113,3.56205e+06
51755,3.2931,0.38421,0.495321,,,113,
51764,3.2937,,,0.387005,0.000207466,114,4.97987e+06
51793,3.2953,,,0.347361,0.000207291,114,5.37779e+06
51822,3.2969,,,0.366931,0.000207115,114,4.63764e+09
51851,3.2986,,,0.377482,0.00020694,114,5.91319e+06
51880,3.3002,,,0.396708,0.000206765,114,3.65724e+06
51909,3.3018,,,0.409743,0.00020659,114,938243
51938,3.3034,,,0.432792,0.000206415,114,820845
51967,3.3050,,,1.12745,0.00020624,114,1.61931e+07
51996,3.3066,,,1.32493,0.000206065,114,1.95925e+07
52025,3.3082,,,0.552889,0.00020589,114,1.679e+07
52054,3.3098,,,0.467262,0.000205715,114,2.35508e+07
52083,3.3114,,,0.382356,0.000205539,114,3.39009e+06
52112,3.3130,,,0.382977,0.000205364,114,444996
52141,3.3147,,,0.35122,0.000205189,114,37503.3
52170,3.3163,,,0.914369,0.000205014,114,8.32096e+09
52199,3.3178,,,0.724857,0.000204839,114,4.48855e+07
52209,3.3218,0.814839,0.559683,,,114,
52228,3.3230,,,0.412655,0.000204664,115,7.21778e+06
52257,3.3246,,,0.506662,0.000204488,115,9.31101e+06
52286,3.3263,,,0.445459,0.000204313,115,6.43926e+06
52315,3.3279,,,0.376493,0.000204138,115,731844
52344,3.3295,,,0.360467,0.000203963,115,574007
52373,3.3311,,,0.40987,0.000203788,115,9.81047e+06
52402,3.3327,,,0.444176,0.000203613,115,2.44178e+07
52431,3.3343,,,0.79689,0.000203437,115,1.27555e+07
52460,3.3359,,,0.819456,0.000203262,115,1.35695e+09
52489,3.3375,,,0.469489,0.000203087,115,1.09269e+09
52518,3.3391,,,0.518202,0.000202912,115,2.01218e+06
52547,3.3407,,,0.38136,0.000202737,115,2.39987e+07
52576,3.3423,,,0.342166,0.000202562,115,38268.4
52605,3.3439,,,0.610674,0.000202386,115,3.90287e+06
52634,3.3455,,,0.87766,0.000202211,115,2.17906e+07
52663,3.3505,1.09336,0.557387,1.13024,0.000202036,115,3.07585e+08
52692,3.3523,,,0.389249,0.000201861,116,64806.6
52721,3.3539,,,0.444498,0.000201686,116,2.80845e+06
52750,3.3556,,,0.368017,0.00020151,116,2.26286e+08
52779,3.3572,,,0.446646,0.000201335,116,5.53858e+06
52808,3.3588,,,0.383133,0.00020116,116,4.95714e+07
52837,3.3604,,,0.351175,0.000200985,116,8.45021e+07
52866,3.3620,,,0.330614,0.00020081,116,5.72306e+06
52895,3.3636,,,0.383361,0.000200634,116,7.25172e+07
52924,3.3653,,,0.37416,0.000200459,116,29247.6
52953,3.3669,,,0.622764,0.000200284,116,2.73776e+08
52982,3.3685,,,0.573598,0.000200109,116,4.51329e+06
53011,3.3701,,,0.401878,0.000199934,116,1.16786e+06
53040,3.3717,,,0.362338,0.000199758,116,2.42249e+06
53069,3.3733,,,0.346327,0.000199583,116,4.89212e+08
53098,3.3750,,,0.365912,0.000199408,116,1.2629e+06
53117,3.3795,0.352604,0.444887,,,116,
53127,3.3804,,,0.361001,0.000199233,117,6.72838e+07
53156,3.3820,,,0.384241,0.000199058,117,4.57967e+06
53185,3.3836,,,0.34096,0.000198882,117,2.37913e+06
53214,3.3852,,,0.35551,0.000198707,117,765843
53243,3.3868,,,0.377967,0.000198532,117,1.08514e+06
53272,3.3885,,,0.361531,0.000198357,117,1.59775e+06
53301,3.3901,,,0.513754,0.000198182,117,687320
53330,3.3917,,,0.450159,0.000198006,117,2.97386e+06
53359,3.3933,,,0.442452,0.000197831,117,812276
53388,3.3950,,,0.393978,0.000197656,117,5.78667e+07
53417,3.3966,,,0.341802,0.000197481,117,604615
53446,3.3982,,,0.44908,0.000197306,117,3.00479e+08
53475,3.3999,,,0.393917,0.00019713,117,4.54852e+07
53504,3.4015,,,0.791775,0.000196955,117,1.23043e+06
53533,3.4031,,,0.937903,0.00019678,117,1.07739e+08
53562,3.4047,,,0.44563,0.000196605,117,7.53407e+06
53571,3.4086,0.407271,0.456463,,,117,
53591,3.4099,,,0.373127,0.00019643,118,1.56479e+07
53620,3.4115,,,0.390154,0.000196254,118,2.19662e+06
53649,3.4131,,,1.03477,0.000196079,118,7.35075e+07
53678,3.4147,,,0.621265,0.000195904,118,9.67887e+06
53707,3.4163,,,1.80886,0.000195729,118,1.30258e+07
53736,3.4179,,,0.729543,0.000195554,118,5.07564e+06
53765,3.4196,,,0.453599,0.000195379,118,1.68729e+07
53794,3.4212,,,0.382155,0.000195203,118,7.63075e+07
53823,3.4228,,,0.392274,0.000195028,118,2.48383e+06
53852,3.4244,,,0.463533,0.000194853,118,6.6934e+08
53881,3.4260,,,0.372036,0.000194678,118,1.79583e+07
53910,3.4276,,,0.403358,0.000194503,118,1.46668e+07
53939,3.4293,,,0.371154,0.000194328,118,99457.9
53968,3.4309,,,0.360489,0.000194153,118,1.85558e+07
53997,3.4325,,,1.52961,0.000193978,118,5.17994e+07
54025,3.4374,0.665703,0.595888,,,118,
54026,3.4376,,,0.682135,0.000193802,119,1.17778e+08
54055,3.4392,,,0.547753,0.000193627,119,2.88005e+06
54084,3.4408,,,0.434856,0.000193452,119,1.39232e+06
54113,3.4424,,,0.345166,0.000193277,119,1.56761e+07
54142,3.4441,,,0.35834,0.000193102,119,1.7586e+07
54171,3.4457,,,0.405954,0.000192927,119,8.41051e+07
54200,3.4473,,,0.48343,0.000192752,119,3.49076e+06
54229,3.4489,,,0.391035,0.000192577,119,7.40229e+06
54258,3.4505,,,0.381046,0.000192402,119,1.65436e+07
54287,3.4521,,,0.355396,0.000192227,119,3.45056e+07
54316,3.4537,,,0.360456,0.000192051,119,6.62477e+06
54345,3.4553,,,0.631723,0.000191876,119,5.979e+07
54374,3.4569,,,4.18863,0.000191701,119,1.78138e+06
54403,3.4585,,,2.56343,0.000191526,119,364566
54432,3.4601,,,1.09567,0.000191351,119,2.09405e+06
54461,3.4617,,,0.509703,0.000191176,119,1.66809e+08
54479,3.4661,0.504963,0.842976,,,119,
54490,3.4669,,,0.571393,0.000191001,120,6.2404e+07
54519,3.4685,,,0.414069,0.000190826,120,6.66838e+07
54548,3.4701,,,0.349667,0.000190651,120,3.65201e+06
54577,3.4717,,,0.976627,0.000190476,120,6.97846e+07
54606,3.4733,,,0.617936,0.000190301,120,1.05416e+07
54635,3.4749,,,0.456015,0.000190126,120,2.07259e+06
54664,3.4765,,,0.368364,0.000189951,120,469128
54693,3.4781,,,0.349247,0.000189776,120,1.85865e+07
54722,3.4797,,,0.363979,0.000189601,120,1.29074e+08
54751,3.4813,,,0.537277,0.000189426,120,2.37822e+07
54780,3.4829,,,0.446408,0.000189251,120,1.06291e+06
54809,3.4845,,,0.376258,0.000189076,120,2.32386e+08
54838,3.4861,,,0.347125,0.000188901,120,1.51875e+06
54867,3.4877,,,0.401703,0.000188726,120,1.6307e+06
54896,3.4893,,,0.347954,0.000188552,120,2.13334e+07
54925,3.4909,,,0.374404,0.000188377,120,4.44524e+06
54933,3.4948,0.464073,0.458874,,,120,
54954,3.4961,,,0.444428,0.000188202,121,4.84767e+07
54983,3.4977,,,0.956267,0.000188027,121,3.91337e+07
55012,3.4993,,,1.15344,0.000187852,121,6.37621e+07
55041,3.5009,,,0.776605,0.000187677,121,6.83915e+08
55070,3.5025,,,0.449854,0.000187502,121,1.32015e+07
55099,3.5041,,,0.549608,0.000187327,121,1.2176e+07
55128,3.5057,,,0.528538,0.000187152,121,3.37649e+06
55157,3.5073,,,0.364383,0.000186978,121,5.60883e+07
55186,3.5089,,,0.338211,0.000186803,121,98709
55215,3.5105,,,0.351,0.000186628,121,4.17871e+06
55244,3.5122,,,0.364505,0.000186453,121,530033
55273,3.5138,,,0.34737,0.000186278,121,620724
55302,3.5154,,,0.392607,0.000186104,121,2.79573e+07
55331,3.5170,,,0.356314,0.000185929,121,2.79932e+06
55360,3.5186,,,0.370739,0.000185754,121,3.11928e+06
55387,3.5234,0.343132,0.508928,,,121,
55389,3.5239,,,0.360123,0.000185579,122,4.5265e+06
55418,3.5255,,,0.330767,0.000185405,122,9.26758e+06
55447,3.5271,,,0.348965,0.00018523,122,1.4377e+06
55476,3.5287,,,0.886335,0.000185055,122,5.23497e+08
55505,3.5303,,,1.20822,0.00018488,122,4.08244e+06
55534,3.5319,,,0.447141,0.000184706,122,1.87542e+06
55563,3.5335,,,0.363337,0.000184531,122,114104
55592,3.5351,,,0.358003,0.000184356,122,1.04346e+06
55621,3.5367,,,0.389569,0.000184182,122,3.68033e+07
55650,3.5383,,,0.40249,0.000184007,122,8.04352e+06
55679,3.5399,,,2.11812,0.000183832,122,445776
55708,3.5415,,,1.51595,0.000183658,122,6.3816e+06
55737,3.5431,,,0.621716,0.000183483,122,1.46838e+06
55766,3.5447,,,0.709426,0.000183309,122,5.93751e+06
55795,3.5463,,,0.716027,0.000183134,122,83722.4
55824,3.5479,,,0.463799,0.000182959,122,1.48123e+06
55841,3.5523,0.397839,0.69146,,,122,
55853,3.5531,,,0.362626,0.000182785,123,394959
55882,3.5547,,,0.363893,0.00018261,123,811459
55911,3.5563,,,0.373803,0.000182436,123,3.60532e+06
55940,3.5579,,,0.346196,0.000182261,123,5.16172e+09
55969,3.5595,,,0.365807,0.000182087,123,4.45698e+07
55998,3.5611,,,0.342152,0.000181912,123,1.78626e+06
56027,3.5627,,,0.358395,0.000181738,123,3.69828e+06
56056,3.5643,,,0.334258,0.000181563,123,2.62978e+06
56085,3.5659,,,0.389115,0.000181389,123,96293.8
56114,3.5676,,,0.364138,0.000181214,123,251681
56143,3.5692,,,0.36321,0.00018104,123,2.65081e+07
56172,3.5709,,,0.342755,0.000180866,123,1.40861e+08
56201,3.5725,,,0.373488,0.000180691,123,2.1258e+06
56230,3.5741,,,0.355444,0.000180517,123,8.49834e+06
56259,3.5757,,,0.344957,0.000180342,123,1.08997e+06
56288,3.5773,,,0.336838,0.000180168,123,6.25006e+06
56295,3.5811,0.359108,0.362728,,,123,
56317,3.5827,,,0.367615,0.000179994,124,454355
56346,3.5844,,,0.370241,0.000179819,124,6.16123e+06
56375,3.5860,,,0.331324,0.000179645,124,1.66754e+07
56404,3.5877,,,0.34105,0.000179471,124,3.28136e+08
56433,3.5893,,,0.3487,0.000179297,124,2.18165e+06
56462,3.5909,,,0.362547,0.000179122,124,1.03058e+08
56491,3.5925,,,0.412461,0.000178948,124,306709
56520,3.5941,,,0.367544,0.000178774,124,311713
56549,3.5957,,,0.408003,0.0001786,124,985206
56578,3.5973,,,0.328455,0.000178425,124,1.85756e+07
56607,3.5989,,,0.366967,0.000178251,124,648666
56636,3.6005,,,0.379337,0.000178077,124,772381
56665,3.6021,,,0.360054,0.000177903,124,2.49956e+07
56694,3.6037,,,0.344145,0.000177729,124,1.42258e+07
56723,3.6054,,,0.342245,0.000177555,124,7.46163e+06
56749,3.6102,0.342282,0.365727,,,124,
56752,3.6108,,,0.352967,0.000177381,125,710674
56781,3.6124,,,0.359222,0.000177207,125,2.48202e+07
56810,3.6140,,,0.402777,0.000177033,125,5.47788e+07
56839,3.6156,,,0.672806,0.000176859,125,3.34624e+06
56868,3.6172,,,0.443745,0.000176685,125,1.25613e+06
56897,3.6188,,,0.351679,0.000176511,125,1.89357e+06
56926,3.6204,,,0.361786,0.000176337,125,8.55441e+07
56955,3.6220,,,0.39909,0.000176163,125,592896
56984,3.6236,,,0.401048,0.000175989,125,2.28595e+10
57013,3.6252,,,0.389242,0.000175815,125,1.4656e+07
57042,3.6268,,,0.370644,0.000175641,125,239735
57071,3.6285,,,0.40243,0.000175467,125,823861
57100,3.6301,,,0.918198,0.000175293,125,836286
57129,3.6318,,,0.4713,0.000175119,125,2.54074e+06
57158,3.6334,,,0.556808,0.000174945,125,5.56403e+06
57187,3.6350,,,0.358454,0.000174772,125,1.01781e+07
57203,3.6393,0.346028,0.443079,,,125,
57216,3.6404,,,0.354526,0.000174598,126,3.9703e+09
57245,3.6420,,,0.39857,0.000174424,126,2.01127e+06
57274,3.6436,,,1.95955,0.00017425,126,4.91648e+06
57303,3.6452,,,0.564432,0.000174076,126,1.28485e+07
57332,3.6468,,,0.396446,0.000173903,126,4.36178e+08
57361,3.6484,,,0.357063,0.000173729,126,1.25748e+07
57390,3.6500,,,0.343021,0.000173555,126,1.21812e+07
57419,3.6516,,,0.462788,0.000173382,126,2.46466e+06
57448,3.6532,,,0.534068,0.000173208,126,1.0963e+06
57477,3.6548,,,0.633741,0.000173034,126,471185
57506,3.6565,,,0.589078,0.000172861,126,1.62827e+08
57535,3.6581,,,0.628896,0.000172687,126,167630
57564,3.6597,,,0.616748,0.000172514,126,4.50948e+07
57593,3.6613,,,0.375873,0.00017234,126,926953
57622,3.6629,,,0.392795,0.000172167,126,894256
57651,3.6645,,,0.387842,0.000171993,126,1.42958e+06
57657,3.6682,0.36304,0.541622,,,126,
57680,3.6699,,,0.382431,0.00017182,127,2.04906e+06
57709,3.6715,,,0.638107,0.000171646,127,1.19784e+08
57738,3.6731,,,0.714127,0.000171473,127,5.12515e+07
57767,3.6747,,,0.471715,0.000171299,127,2.92038e+08
57796,3.6763,,,0.354443,0.000171126,127,5.38963e+07
57825,3.6779,,,0.364527,0.000170953,127,1.62867e+08
57854,3.6795,,,0.360968,0.000170779,127,9.89788e+07
57883,3.6811,,,0.353592,0.000170606,127,2.81492e+06
57912,3.6827,,,0.340605,0.000170433,127,1.27415e+07
57941,3.6843,,,0.350973,0.00017026,127,1.1727e+06
57970,3.6859,,,0.372477,0.000170086,127,9.5929e+06
57999,3.6875,,,0.335723,0.000169913,127,2.20785e+06
58028,3.6891,,,0.364081,0.00016974,127,1.26913e+08
58057,3.6908,,,0.343898,0.000169567,127,3.36634e+06
58086,3.6924,,,0.358796,0.000169394,127,7.50252e+07
58111,3.6971,0.380564,0.399115,,,127,
58115,3.6975,,,0.386017,0.00016922,128,3.28618e+07
58144,3.6991,,,0.354443,0.000169047,128,1.21399e+07
58173,3.7007,,,0.49242,0.000168874,128,2.4425e+06
58202,3.7023,,,0.381198,0.000168701,128,4.73328e+07
58231,3.7039,,,0.471491,0.000168528,128,1.05886e+07
58260,3.7055,,,1.9596,0.000168355,128,1.45134e+08
58289,3.7072,,,2.61825,0.000168182,128,746223
58318,3.7088,,,0.764555,0.000168009,128,2.18947e+07
58347,3.7104,,,0.372799,0.000167836,128,1.45143e+08
58376,3.7120,,,0.369116,0.000167663,128,308720
58405,3.7136,,,0.540833,0.00016749,128,1.91973e+07
58434,3.7152,,,0.38112,0.000167318,128,1.81908e+07
58463,3.7168,,,0.401478,0.000167145,128,2.33538e+07
58492,3.7184,,,0.354973,0.000166972,128,3.84287e+07
58521,3.7200,,,0.359126,0.000166799,128,506588
58550,3.7216,,,0.377394,0.000166626,128,761926
58565,3.7258,0.348291,0.648388,,,128,
58579,3.7270,,,0.338837,0.000166454,129,1.13333e+07
58608,3.7286,,,0.342562,0.000166281,129,2.45325e+06
58637,3.7302,,,0.351916,0.000166108,129,5.46034e+06
58666,3.7318,,,0.336229,0.000165936,129,9.35995e+07
58695,3.7334,,,0.365541,0.000165763,129,1.09627e+06
58724,3.7350,,,0.348893,0.00016559,129,6.53298e+08
58753,3.7366,,,0.462055,0.000165418,129,9.78799e+08
58782,3.7382,,,0.595284,0.000165245,129,1.65699e+07
58811,3.7398,,,0.457374,0.000165073,129,8.1329e+06
58840,3.7414,,,0.405758,0.0001649,129,4.65422e+08
58869,3.7430,,,0.355937,0.000164728,129,9.8097e+08
58898,3.7446,,,0.340269,0.000164555,129,1.36111e+07
58927,3.7462,,,0.337541,0.000164383,129,1.65501e+08
58956,3.7478,,,0.347751,0.00016421,129,5.89208e+08
58985,3.7495,,,0.348504,0.000164038,129,5.70907e+09
59014,3.7510,,,0.373498,0.000163866,129,6.00857e+07
59019,3.7547,0.35062,0.384669,,,129,
59043,3.7564,,,0.339591,0.000163693,130,6.52698e+08
59072,3.7580,,,0.341351,0.000163521,130,7.94145e+07
59101,3.7596,,,0.342971,0.000163349,130,5.30379e+06
59130,3.7612,,,0.350924,0.000163177,130,4.06908e+07
59159,3.7628,,,0.372341,0.000163005,130,4.71113e+06
59188,3.7644,,,0.387213,0.000162832,130,4.59506e+08
59217,3.7661,,,0.679202,0.00016266,130,1.9231e+07
59246,3.7677,,,0.583729,0.000162488,130,2.23977e+08
59275,3.7693,,,0.462468,0.000162316,130,1.12863e+07
59304,3.7709,,,0.419716,0.000162144,130,1.09901e+07
59333,3.7725,,,0.377644,0.000161972,130,1.88464e+07
59362,3.7741,,,0.36471,0.0001618,130,3.71327e+07
59391,3.7757,,,0.355816,0.000161628,130,3.57748e+06
59420,3.7773,,,0.611329,0.000161456,130,741420
59449,3.7790,,,0.374913,0.000161284,130,2.66228e+07
59473,3.7837,0.352272,0.414235,,,130,
59478,3.7844,,,0.342821,0.000161112,131,2.35205e+07
59507,3.7860,,,0.38784,0.00016094,131,9.85113e+06
59536,3.7876,,,0.350979,0.000160769,131,4.96098e+06
59565,3.7892,,,0.352313,0.000160597,131,9.50092e+06
59594,3.7908,,,0.331663,0.000160425,131,1.77571e+08
59623,3.7924,,,0.336679,0.000160253,131,272349
59652,3.7941,,,0.347022,0.000160082,131,1.48636e+06
59681,3.7957,,,0.352536,0.00015991,131,1.97862e+08
59710,3.7973,,,0.350224,0.000159738,131,2.24082e+07
59739,3.7989,,,0.350095,0.000159567,131,1.59971e+08
59768,3.8006,,,0.397829,0.000159395,131,2.04332e+06
59797,3.8022,,,0.370587,0.000159224,131,1.25583e+07
59826,3.8038,,,0.532016,0.000159052,131,1.55295e+07
59855,3.8054,,,1.17868,0.000158881,131,6.80685e+07
59884,3.8070,,,1.88615,0.000158709,131,1.41768e+06
59913,3.8086,,,1.11184,0.000158538,131,2.42327e+06
59927,3.8127,0.739648,0.57946,,,131,
59942,3.8137,,,0.59036,0.000158366,132,2.39809e+07
59971,3.8153,,,0.437015,0.000158195,132,7.24576e+07
60000,3.8170,,,0.449901,0.000158024,132,854109
60029,3.8186,,,0.382043,0.000157852,132,2.88562e+07
60058,3.8202,,,0.3488,0.000157681,132,3.55785e+07
60087,3.8218,,,0.376774,0.00015751,132,1.41804e+06
60116,3.8234,,,0.345183,0.000157339,132,3.8586e+06
60145,3.8250,,,0.330788,0.000157168,132,2.26246e+06
60174,3.8267,,,0.356973,0.000156997,132,1.98348e+06
60203,3.8283,,,0.350351,0.000156825,132,2.25799e+06
60232,3.8299,,,0.376335,0.000156654,132,249834
60261,3.8316,,,0.917067,0.000156483,132,8.0705e+06
60290,3.8332,,,0.665109,0.000156312,132,1.49641e+06
60319,3.8348,,,0.562929,0.000156141,132,403054
60348,3.8364,,,0.427984,0.000155971,132,280482
60377,3.8380,,,0.426448,0.0001558,132,179950
60381,3.8417,0.390262,0.4798,,,132,
60406,3.8432,,,0.370773,0.000155629,133,1.62974e+10
60435,3.8448,,,0.341372,0.000155458,133,1.93186e+08
60464,3.8464,,,0.363712,0.000155287,133,1.13359e+09
60493,3.8480,,,0.362145,0.000155116,133,5.99364e+08
60522,3.8496,,,0.429723,0.000154946,133,7.12669e+06
60551,3.8512,,,0.42379,0.000154775,133,3.93997e+06
60580,3.8529,,,0.350293,0.000154604,133,7.6128e+07
60609,3.8545,,,0.345386,0.000154434,133,1.81912e+09
60638,3.8561,,,0.351602,0.000154263,133,2.23296e+08
60667,3.8577,,,0.360987,0.000154093,133,5.20812e+06
60696,3.8593,,,0.336269,0.000153922,133,6.25658e+06
60725,3.8609,,,0.34632,0.000153752,133,1.07764e+07
60754,3.8625,,,0.442603,0.000153581,133,7.20985e+07
60783,3.8641,,,0.383337,0.000153411,133,2.62148e+13
60812,3.8657,,,0.394312,0.00015324,133,1.20847e+08
60835,3.8704,0.358171,0.373806,,,133,
60841,3.8710,,,0.359439,0.00015307,134,495820
60870,3.8727,,,0.368345,0.0001529,134,1.60607e+07
60899,3.8743,,,0.322994,0.00015273,134,5.17427e+08
60928,3.8759,,,0.344099,0.000152559,134,4.43181e+06
60957,3.8775,,,0.359233,0.000152389,134,6.20832e+06
60986,3.8791,,,0.364073,0.000152219,134,1.36454e+06
61015,3.8807,,,0.359628,0.000152049,134,1.59842e+07
61044,3.8823,,,0.549644,0.000151879,134,1.61457e+07
61073,3.8839,,,0.414327,0.000151709,134,2.13927e+07
61102,3.8855,,,1.33504,0.000151539,134,1.15566e+06
61131,3.8871,,,0.938525,0.000151369,134,2.01177e+06
61160,3.8887,,,0.500054,0.000151199,134,2.15518e+06
61189,3.8903,,,0.396404,0.000151029,134,2.81814e+07
61218,3.8919,,,0.597346,0.000150859,134,1.54114e+07
61247,3.8935,,,0.441302,0.000150689,134,2.38799e+07
61276,3.8950,,,0.398381,0.00015052,134,3.27034e+07
61289,3.8991,0.344698,0.476318,,,134,
61305,3.9004,,,0.363964,0.00015035,135,215442
61334,3.9020,,,0.344439,0.00015018,135,1.80866e+11
61363,3.9036,,,0.330488,0.00015001,135,4.12547e+08
61392,3.9052,,,0.352473,0.000149841,135,5.24833e+06
61421,3.9068,,,0.343918,0.000149671,135,9.87683e+07
61450,3.9084,,,0.436296,0.000149502,135,443046
61479,3.9100,,,0.368628,0.000149332,135,3.98249e+06
61508,3.9116,,,0.484918,0.000149163,135,4.072e+07
61537,3.9132,,,0.464937,0.000148993,135,1.00536e+06
61566,3.9148,,,0.319816,0.000148824,135,6.56121e+06
61595,3.9164,,,0.348294,0.000148655,135,4.18079e+07
61624,3.9180,,,0.420626,0.000148485,135,2.66209e+06
61653,3.9196,,,0.358951,0.000148316,135,1.29477e+07
61682,3.9212,,,0.336876,0.000148147,135,1.33577e+07
61711,3.9228,,,0.365541,0.000147978,135,8.75219e+09
61740,3.9244,,,0.333599,0.000147808,135,2.90439e+07
61743,3.9280,0.339518,0.378815,,,135,
61769,3.9297,,,0.367081,0.000147639,136,2.3993e+07
61798,3.9314,,,0.340777,0.00014747,136,4.5082e+06
61827,3.9330,,,0.348763,0.000147301,136,1.3439e+07
61856,3.9346,,,0.334615,0.000147132,136,1.2983e+08
61885,3.9362,,,0.335078,0.000146963,136,2.39951e+06
61914,3.9378,,,0.340086,0.000146794,136,5.66213e+06
61943,3.9394,,,0.332548,0.000146625,136,1.17113e+06
61972,3.9410,,,0.327333,0.000146457,136,7.03123e+07
62001,3.9426,,,0.352372,0.000146288,136,6.58951e+06
62030,3.9442,,,0.345721,0.000146119,136,3.57009e+06
62059,3.9458,,,0.349637,0.00014595,136,1.68921e+06
62088,3.9474,,,0.334442,0.000145782,136,6.19201e+07
62117,3.9490,,,0.414169,0.000145613,136,454841
62146,3.9506,,,0.358977,0.000145444,136,2.39451e+06
62175,3.9522,,,0.343523,0.000145276,136,556787
62197,3.9568,2.15159,0.373155,,,136,
62204,3.9573,,,2.36555,0.000145107,137,7.68536e+07
62233,3.9589,,,2.44252,0.000144939,137,3.39902e+07
62262,3.9605,,,1.58093,0.000144771,137,1.24236e+08
62291,3.9621,,,0.950267,0.000144602,137,5.72645e+10
62320,3.9638,,,0.737013,0.000144434,137,1.28184e+07
62349,3.9654,,,0.631307,0.000144266,137,2.99587e+07
62378,3.9670,,,0.563825,0.000144097,137,1.56198e+08
62407,3.9686,,,0.488777,0.000143929,137,6.27493e+07
62436,3.9702,,,0.441615,0.000143761,137,5.58024e+07
62465,3.9718,,,0.426741,0.000143593,137,5.12302e+06
62494,3.9734,,,0.366025,0.000143425,137,1.29035e+08
62523,3.9750,,,0.383239,0.000143257,137,5.93407e+08
62552,3.9766,,,0.375655,0.000143089,137,4.70788e+07
62581,3.9782,,,0.349941,0.000142921,137,6.64724e+08
62610,3.9798,,,0.352871,0.000142753,137,5.40842e+06
62639,3.9814,,,0.36181,0.000142585,137,8.99459e+07
62651,3.9855,0.348836,0.771905,,,137,
62668,3.9868,,,0.380992,0.000142417,138,1.71117e+08
62697,3.9885,,,0.792854,0.00014225,138,5.23501e+06
62726,3.9901,,,0.449755,0.000142082,138,8.74471e+06
62755,3.9918,,,0.368696,0.000141914,138,2.73912e+07
62784,3.9934,,,0.357547,0.000141747,138,113018
62813,3.9950,,,0.347007,0.000141579,138,86772.6
62842,3.9967,,,0.741106,0.000141411,138,1.11544e+06
62871,3.9983,,,1.29657,0.000141244,138,389513
62900,3.9999,,,0.698423,0.000141076,138,5.79529e+07
62929,4.0015,,,0.335931,0.000140909,138,1.66631e+08
62958,4.0031,,,0.48982,0.000140742,138,1.94952e+07
62987,4.0047,,,0.377841,0.000140574,138,4.5017e+07
63016,4.0063,,,0.356254,0.000140407,138,1.53417e+06
63045,4.0079,,,0.318446,0.00014024,138,8.57806e+06
63074,4.0096,,,0.359247,0.000140073,138,444436
63103,4.0111,,,0.333388,0.000139906,138,9.64505e+06
63105,4.0147,0.340182,0.514151,,,138,
63132,4.0165,,,0.35095,0.000139738,139,1.31625e+07
63161,4.0182,,,0.349668,0.000139571,139,7.03558e+06
63190,4.0198,,,0.338596,0.000139404,139,74137.9
63219,4.0214,,,0.350138,0.000139238,139,213612
63248,4.0231,,,0.351992,0.000139071,139,2.59395e+07
63277,4.0247,,,0.343947,0.000138904,139,9.27298e+06
63306,4.0263,,,0.337839,0.000138737,139,1.29141e+08
63335,4.0280,,,0.359569,0.00013857,139,1.91569e+07
63364,4.0296,,,0.520162,0.000138403,139,1.65806e+08
63393,4.0313,,,0.670567,0.000138237,139,4.63906e+06
63422,4.0330,,,0.404512,0.00013807,139,2.69957e+08
63451,4.0347,,,0.371129,0.000137904,139,2.96034e+06
63480,4.0363,,,0.342397,0.000137737,139,2.58331e+07
63509,4.0379,,,0.354988,0.000137571,139,3.10989e+06
63538,4.0396,,,0.377673,0.000137404,139,559521
63559,4.0441,0.3387,0.382564,,,139,
63567,4.0449,,,0.358516,0.000137238,140,2.36646e+07
63596,4.0466,,,0.398142,0.000137072,140,4.36048e+06
63625,4.0482,,,0.447896,0.000136905,140,9.15331e+06
63654,4.0498,,,0.348787,0.000136739,140,1.50506e+06
63683,4.0514,,,0.372628,0.000136573,140,1.01678e+07
63712,4.0531,,,0.355116,0.000136407,140,1.92854e+07
63741,4.0547,,,0.339997,0.000136241,140,197451
63770,4.0563,,,0.365544,0.000136075,140,7.37191e+06
63799,4.0579,,,0.353381,0.000135909,140,2.08004e+08
63828,4.0596,,,0.348044,0.000135743,140,3.07587e+07
63857,4.0612,,,0.374054,0.000135577,140,4.89257e+06
63886,4.0628,,,0.47174,0.000135411,140,1.18616e+08
63915,4.0644,,,0.506275,0.000135245,140,3.10426e+06
63944,4.0661,,,0.427867,0.000135079,140,3.63461e+06
63973,4.0677,,,0.718516,0.000134914,140,4.35941e+06
64002,4.0693,,,0.422727,0.000134748,140,4.17516e+06
64013,4.0733,0.381868,0.415063,,,140,
64031,4.0745,,,0.360744,0.000134582,141,1.95466e+06
64060,4.0761,,,0.348332,0.000134417,141,5.5538e+07
64089,4.0778,,,0.371857,0.000134251,141,1.35412e+08
64118,4.0794,,,0.342454,0.000134086,141,4.81266e+07
64147,4.0810,,,0.406865,0.000133921,141,8.16126e+07
64176,4.0826,,,0.357401,0.000133755,141,1.37732e+07
64205,4.0843,,,0.346937,0.00013359,141,2.10928e+07
64234,4.0859,,,0.398196,0.000133425,141,9.38401e+07
64263,4.0875,,,0.405021,0.00013326,141,3.429e+06
64292,4.0892,,,0.418654,0.000133094,141,5.5639e+07
64321,4.0908,,,0.368654,0.000132929,141,3.63315e+07
64350,4.0924,,,0.388481,0.000132764,141,3.48427e+07
64379,4.0940,,,0.341411,0.000132599,141,8.05567e+07
64408,4.0957,,,0.349068,0.000132434,141,3.18975e+08
64437,4.0973,,,0.336985,0.000132269,141,3.80906e+08
64466,4.0989,,,0.427041,0.000132105,141,4.00048e+07
64467,4.1024,0.434934,0.369684,,,141,
64495,4.1041,,,0.391211,0.00013194,142,398995
64524,4.1057,,,0.398849,0.000131775,142,1.26787e+07
64553,4.1074,,,0.375093,0.00013161,142,8.87737e+06
64582,4.1090,,,0.358222,0.000131446,142,1.13708e+06
64611,4.1106,,,0.378391,0.000131281,142,8.68118e+06
64640,4.1122,,,0.38284,0.000131117,142,4.34517e+06
64669,4.1139,,,0.389095,0.000130952,142,3.13416e+09
64698,4.1155,,,0.365119,0.000130788,142,2.96751e+06
64727,4.1171,,,0.350356,0.000130624,142,9.66026e+06
64756,4.1187,,,0.310539,0.000130459,142,1.34482e+07
64785,4.1204,,,0.365596,0.000130295,142,4.86622e+06
64814,4.1220,,,0.328075,0.000130131,142,1.42565e+06
64843,4.1236,,,0.335082,0.000129967,142,4.39569e+08
64872,4.1252,,,0.393027,0.000129803,142,4.6287e+07
64901,4.1269,,,0.553765,0.000129639,142,40489.3
64921,4.1314,0.590438,0.380564,,,142,
64930,4.1321,,,0.383806,0.000129475,143,305297
64959,4.1337,,,0.589786,0.000129311,143,1.82918e+06
64988,4.1353,,,1.5537,0.000129147,143,4.65818e+07
65017,4.1369,,,0.566053,0.000128983,143,1.5586e+08
65046,4.1386,,,0.378675,0.000128819,143,1.61646e+06
65075,4.1402,,,0.347338,0.000128656,143,8.26744e+06
65104,4.1418,,,0.345598,0.000128492,143,1.99075e+06
65133,4.1434,,,0.348848,0.000128328,143,3.97537e+08
65162,4.1451,,,0.341574,0.000128165,143,1.08691e+07
65191,4.1467,,,0.356525,0.000128001,143,601250
65220,4.1483,,,0.365369,0.000127838,143,375188
65249,4.1499,,,0.360819,0.000127674,143,2.42936e+06
65278,4.1516,,,0.374715,0.000127511,143,1.6146e+06
65307,4.1532,,,0.343492,0.000127348,143,2.03967e+07
65336,4.1548,,,0.390243,0.000127185,143,4.95465e+06
65365,4.1564,,,0.350326,0.000127022,143,9.128e+06
65375,4.1604,0.35945,0.501363,,,143,
65394,4.1616,,,0.335055,0.000126858,144,4.31472e+06
65423,4.1632,,,0.342463,0.000126695,144,424533
65452,4.1649,,,0.355206,0.000126532,144,8.99572e+06
65481,4.1665,,,0.335584,0.000126369,144,2.40629e+08
65510,4.1681,,,0.329667,0.000126207,144,6.78395e+07
65539,4.1697,,,0.338397,0.000126044,144,225611
65568,4.1714,,,0.33795,0.000125881,144,2.39733e+09
65597,4.1730,,,0.332531,0.000125718,144,9.35787e+06
65626,4.1746,,,0.347619,0.000125556,144,1.12503e+06
65655,4.1762,,,0.351477,0.000125393,144,1.56006e+07
65684,4.1779,,,0.358391,0.000125231,144,644907
65713,4.1795,,,0.360026,0.000125068,144,1.40303e+06
65742,4.1811,,,0.374663,0.000124906,144,5.80307e+07
65771,4.1827,,,0.687621,0.000124743,144,1.39057e+07
65800,4.1844,,,0.420006,0.000124581,144,1.03806e+06
65829,4.1894,0.340812,0.370713,0.339679,0.000124419,144,4.05716e+06
65858,4.1914,,,0.49497,0.000124257,145,359708
65887,4.1932,,,0.923763,0.000124094,145,1.52518e+06
65916,4.1948,,,0.779746,0.000123932,145,6.97692e+07
65945,4.1965,,,0.389725,0.00012377,145,1.663e+07
65974,4.1982,,,0.338801,0.000123608,145,6.93343e+06
66003,4.1998,,,0.323406,0.000123447,145,1.02299e+06
66032,4.2014,,,0.347089,0.000123285,145,4.79247e+08
66061,4.2031,,,0.3391,0.000123123,145,2.66515e+06
66090,4.2047,,,0.363295,0.000122961,145,1.29846e+06
66119,4.2063,,,0.352716,0.0001228,145,6.32561e+06
66148,4.2079,,,0.61341,0.000122638,145,6.82276e+07
66177,4.2096,,,0.376487,0.000122476,145,565321
66206,4.2112,,,0.360557,0.000122315,145,1.01138e+08
66235,4.2128,,,0.469117,0.000122154,145,192954
66264,4.2144,,,0.489809,0.000121992,145,119383
66283,4.2188,0.370908,0.458672,,,145,
66293,4.2196,,,0.694634,0.000121831,146,1.45467e+07
66322,4.2212,,,0.409783,0.00012167,146,1.39129e+07
66351,4.2228,,,1.60221,0.000121508,146,4.88816e+07
66380,4.2245,,,0.57451,0.000121347,146,303360
66409,4.2261,,,0.355831,0.000121186,146,190707
66438,4.2277,,,0.363603,0.000121025,146,556371
66467,4.2293,,,0.341223,0.000120864,146,7.4883e+06
66496,4.2310,,,0.341653,0.000120704,146,3.32282e+06
66525,4.2326,,,0.352351,0.000120543,146,5.70148e+06
66554,4.2343,,,0.362908,0.000120382,146,4.32072e+08
66583,4.2359,,,0.348627,0.000120221,146,1.26416e+06
66612,4.2375,,,0.356516,0.000120061,146,8.60861e+06
66641,4.2391,,,0.322943,0.0001199,146,2.51877e+07
66670,4.2408,,,0.322405,0.00011974,146,2.40076e+07
66699,4.2425,,,0.359053,0.000119579,146,289457
66728,4.2441,,,0.33929,0.000119419,146,848215
66737,4.2480,0.337651,0.449092,,,146,
66757,4.2495,,,0.426337,0.000119258,147,793709
66786,4.2511,,,0.353516,0.000119098,147,6.06307e+06
66815,4.2528,,,0.337075,0.000118938,147,1.59839e+06
66844,4.2544,,,0.358522,0.000118778,147,4.43481e+06
66873,4.2560,,,0.343939,0.000118618,147,2.77144e+07
66902,4.2576,,,0.349991,0.000118458,147,2.74239e+07
66931,4.2593,,,0.34177,0.000118298,147,143300
66960,4.2609,,,0.369919,0.000118138,147,814973
66989,4.2625,,,0.352756,0.000117978,147,5.37576e+07
67018,4.2641,,,0.35219,0.000117818,147,7.41394e+06
67047,4.2658,,,0.351833,0.000117659,147,2.20685e+06
67076,4.2674,,,0.343534,0.000117499,147,485410
67105,4.2690,,,0.346866,0.000117339,147,5.71496e+06
67134,4.2707,,,0.343317,0.00011718,147,5.57501e+06
67163,4.2723,,,0.392163,0.00011702,147,1.36408e+06
67191,4.2772,0.34028,0.353168,,,147,
67192,4.2776,,,0.348856,0.000116861,148,213997
67221,4.2793,,,0.339009,0.000116702,148,514819
67250,4.2809,,,0.345892,0.000116542,148,400408
67279,4.2825,,,0.350644,0.000116383,148,519446
67308,4.2841,,,0.356119,0.000116224,148,3.85337e+06
67337,4.2857,,,0.340653,0.000116065,148,2.17481e+07
67366,4.2874,,,0.323724,0.000115906,148,5.68883e+08
67395,4.2890,,,0.344949,0.000115747,148,584442
67424,4.2906,,,0.39265,0.000115588,148,1.24991e+07
67453,4.2922,,,0.384135,0.00011543,148,896201
67482,4.2939,,,0.963046,0.000115271,148,3.32922e+06
67511,4.2955,,,0.416651,0.000115112,148,3.49823e+06
67540,4.2971,,,0.401541,0.000114953,148,1.51005e+09
67569,4.2988,,,0.477273,0.000114795,148,2.36152e+06
67598,4.3004,,,0.438448,0.000114636,148,5.27268e+06
67627,4.3020,,,0.349451,0.000114478,148,1.69468e+06
67645,4.3064,0.337731,0.414395,,,148,
67656,4.3074,,,0.348172,0.00011432,149,9.42593e+06
67685,4.3090,,,0.329207,0.000114161,149,1.64872e+07
67714,4.3106,,,0.334984,0.000114003,149,1.47551e+07
67743,4.3122,,,0.374145,0.000113845,149,5.67136e+07
67772,4.3139,,,0.433704,0.000113687,149,2.27602e+06
67801,4.3155,,,0.338395,0.000113529,149,847642
67830,4.3171,,,0.363527,0.000113371,149,1.00777e+07
67859,4.3187,,,0.313515,0.000113213,149,358403
67888,4.3204,,,0.357797,0.000113055,149,6.13913e+07
67917,4.3220,,,0.344183,0.000112898,149,4.60225e+06
67946,4.3237,,,0.342661,0.00011274,149,575598
67975,4.3253,,,0.350017,0.000112582,149,1.59732e+07
68004,4.3269,,,0.401748,0.000112425,149,4.30895e+06
68033,4.3286,,,0.539924,0.000112267,149,1.2296e+07
68062,4.3302,,,0.39578,0.00011211,149,1.53092e+06
68091,4.3318,,,0.362853,0.000111952,149,1.04503e+06
68099,4.3357,0.351245,0.37723,,,149,
68120,4.3371,,,0.312271,0.000111795,150,3.10357e+07
68149,4.3388,,,0.350685,0.000111638,150,4.21709e+06
68178,4.3404,,,0.358574,0.000111481,150,1.44172e+07
68207,4.3420,,,0.348699,0.000111324,150,3.4029e+06
68236,4.3436,,,0.34773,0.000111167,150,1.90224e+06
68265,4.3453,,,0.337254,0.00011101,150,785982
68294,4.3469,,,0.465027,0.000110853,150,603230
68323,4.3485,,,0.428571,0.000110696,150,5.71136e+09
68352,4.3501,,,0.741551,0.000110539,150,6.70096e+06
68381,4.3517,,,0.48314,0.000110383,150,1.57171e+06
68410,4.3534,,,0.347126,0.000110226,150,948547
68439,4.3550,,,0.36769,0.00011007,150,441165
68468,4.3566,,,0.380751,0.000109913,150,3.37699e+06
68497,4.3582,,,0.357179,0.000109757,150,1.69475e+06
68526,4.3599,,,0.378259,0.0001096,150,5.27087e+08
68553,4.3647,0.345695,0.404169,,,150,
68555,4.3652,,,0.356097,0.000109444,151,1.73174e+07
68584,4.3669,,,0.542934,0.000109288,151,2.15501e+06
68613,4.3685,,,0.427568,0.000109132,151,4.42585e+07
68642,4.3701,,,0.327509,0.000108976,151,2.13936e+06
68671,4.3717,,,0.381813,0.00010882,151,6.70666e+06
68700,4.3734,,,0.363709,0.000108664,151,1.40762e+07
68729,4.3750,,,0.367304,0.000108508,151,1.06315e+07
68758,4.3766,,,0.326911,0.000108352,151,716107
68787,4.3782,,,0.360958,0.000108197,151,2.22375e+06
68816,4.3798,,,0.34017,0.000108041,151,1.81839e+06
68845,4.3815,,,0.343511,0.000107886,151,2.87677e+06
68874,4.3831,,,0.366659,0.00010773,151,3.29094e+07
68903,4.3847,,,0.330396,0.000107575,151,136381
68932,4.3863,,,0.334196,0.000107419,151,7.81152e+06
68961,4.3880,,,0.336141,0.000107264,151,110307
68990,4.3896,,,0.367582,0.000107109,151,4.59732e+06
69007,4.3939,0.342583,0.364009,,,151,
69019,4.3950,,,0.409556,0.000106954,152,7.48509e+06
69048,4.3966,,,0.365694,0.000106799,152,1.46662e+08
69077,4.3983,,,0.359362,0.000106644,152,7.2377e+06
69106,4.4000,,,0.353277,0.000106489,152,1.00791e+06
69135,4.4017,,,0.352188,0.000106334,152,4.03987e+07
69164,4.4033,,,0.351152,0.000106179,152,1.9681e+07
69193,4.4050,,,0.335606,0.000106024,152,1.99055e+07
69222,4.4066,,,0.337903,0.00010587,152,1.27281e+08
69251,4.4082,,,0.374808,0.000105715,152,2.16965e+06
69280,4.4099,,,0.333965,0.000105561,152,3.86437e+06
69309,4.4115,,,0.320755,0.000105406,152,1.91312e+06
69338,4.4131,,,0.352516,0.000105252,152,565180
69367,4.4148,,,0.341375,0.000105098,152,5.18686e+07
69396,4.4164,,,0.349342,0.000104944,152,437011
69425,4.4180,,,0.362557,0.00010479,152,432564
69454,4.4196,,,0.354686,0.000104636,152,5.35633e+06
69461,4.4234,0.3454,0.352987,,,152,
69483,4.4250,,,0.362699,0.000104482,153,5.25439e+06
69512,4.4266,,,0.367702,0.000104328,153,1.65722e+06
69541,4.4282,,,0.365956,0.000104174,153,5.07694e+07
69570,4.4299,,,0.346126,0.00010402,153,1.24455e+07
69599,4.4315,,,0.327439,0.000103866,153,9.7056e+06
69628,4.4331,,,0.326748,0.000103713,153,2.32899e+06
69657,4.4347,,,0.356875,0.000103559,153,1.95842e+06
69686,4.4364,,,0.369538,0.000103406,153,2.51193e+06
69715,4.4380,,,0.331611,0.000103252,153,4.13668e+10
69744,4.4396,,,0.341296,0.000103099,153,1.77189e+06
69773,4.4413,,,0.335178,0.000102946,153,1.65581e+06
69802,4.4429,,,0.349269,0.000102793,153,2.9709e+06
69831,4.4446,,,0.350414,0.00010264,153,6.27473e+07
69860,4.4462,,,0.351903,0.000102487,153,4.15677e+06
69889,4.4479,,,0.338825,0.000102334,153,4.30466e+07
69915,4.4527,0.33947,0.348633,,,153,
69918,4.4532,,,0.365988,0.000102181,154,1.28463e+07
69947,4.4549,,,0.330772,0.000102028,154,6.48654e+06
69976,4.4566,,,0.347043,0.000101875,154,500561
70005,4.4582,,,0.375358,0.000101723,154,4.14693e+07
70034,4.4598,,,0.382511,0.00010157,154,503696
70063,4.4615,,,0.3646,0.000101418,154,869339
70092,4.4631,,,0.825346,0.000101265,154,6.29599e+06
70121,4.4648,,,0.635571,0.000101113,154,4.6484e+06
70150,4.4664,,,0.479953,0.000100961,154,3.16604e+07
70179,4.4680,,,0.754113,0.000100809,154,1.32735e+09
70208,4.4696,,,0.375541,0.000100656,154,584080
70237,4.4712,,,0.363925,0.000100504,154,2.2328e+08
70266,4.4729,,,0.334467,0.000100353,154,3.31611e+08
70295,4.4745,,,0.340217,0.000100201,154,151183
70324,4.4761,,,0.339315,0.000100049,154,1.43611e+06
70353,4.4777,,,0.336111,9.98971e-05,154,273937
70369,4.4820,0.348654,0.458867,,,154,
70382,4.4831,,,0.339908,9.97455e-05,155,2.5148e+06
70411,4.4847,,,0.347818,9.95939e-05,155,1.05544e+06
70440,4.4864,,,0.341876,9.94424e-05,155,9.83661e+06
70469,4.4880,,,0.372071,9.9291e-05,155,1.35764e+07
70498,4.4896,,,0.34042,9.91397e-05,155,845016
70527,4.4913,,,0.36557,9.89884e-05,155,1.15802e+07
70556,4.4929,,,0.372351,9.88373e-05,155,4.2953e+09
70585,4.4945,,,0.349979,9.86862e-05,155,1.3553e+06
70614,4.4961,,,0.335824,9.85351e-05,155,7.99383e+07
70643,4.4977,,,0.321452,9.83842e-05,155,1.68515e+06
70672,4.4994,,,0.3226,9.82333e-05,155,3.6329e+07
70701,4.5010,,,0.353692,9.80825e-05,155,5.91306e+07
70730,4.5026,,,0.343184,9.79318e-05,155,6.23931e+07
70759,4.5042,,,0.382463,9.77812e-05,155,2.41994e+07
70788,4.5059,,,0.336787,9.76306e-05,155,7.02469e+06
70817,4.5074,,,0.427148,9.74802e-05,155,1.1428e+07
70823,4.5112,0.380165,0.353335,,,155,
70846,4.5126,,,0.379382,9.73298e-05,156,648668
70875,4.5143,,,0.357893,9.71795e-05,156,3.68978e+06
70904,4.5159,,,0.361887,9.70292e-05,156,5.97568e+07
70933,4.5175,,,0.372144,9.68791e-05,156,2.66137e+06
70962,4.5191,,,0.335765,9.6729e-05,156,6.52236e+07
70991,4.5208,,,0.318498,9.6579e-05,156,573647
71020,4.5224,,,0.349445,9.64291e-05,156,1.27957e+08
71049,4.5240,,,0.336148,9.62792e-05,156,1.30851e+09
71078,4.5256,,,0.382276,9.61294e-05,156,3.15063e+06
71107,4.5273,,,0.351275,9.59798e-05,156,6.29554e+06
71136,4.5289,,,0.398907,9.58302e-05,156,1.8101e+07
71165,4.5305,,,0.335379,9.56806e-05,156,3.31344e+07
71194,4.5321,,,0.746903,9.55312e-05,156,4.21639e+07
71223,4.5338,,,0.478583,9.53818e-05,156,157778
71252,4.5354,,,0.457349,9.52325e-05,156,1.18487e+06
71277,4.5401,0.341964,0.393865,,,156,
71281,4.5407,,,0.350189,9.50833e-05,157,5.02773e+06
71310,4.5424,,,0.361349,9.49342e-05,157,1.71502e+06
71339,4.5440,,,0.347504,9.47852e-05,157,3.72588e+08
71368,4.5456,,,0.405083,9.46362e-05,157,1.11889e+07
71397,4.5473,,,0.338676,9.44873e-05,157,3.0812e+07
71426,4.5489,,,0.335323,9.43386e-05,157,3.57901e+07
71455,4.5505,,,0.417791,9.41898e-05,157,245428
71484,4.5521,,,1.24797,9.40412e-05,157,944864
71513,4.5538,,,0.69807,9.38926e-05,157,2.90907e+06
71542,4.5554,,,0.551461,9.37442e-05,157,1.88794e+07
71571,4.5570,,,0.338337,9.35958e-05,157,1.34731e+06
71600,4.5587,,,0.350189,9.34475e-05,157,4.47852e+06
71629,4.5603,,,0.330886,9.32992e-05,157,1.98362e+06
71658,4.5619,,,0.333196,9.31511e-05,157,5.96747e+06
71687,4.5636,,,0.346507,9.3003e-05,157,4.86982e+06
71716,4.5652,,,0.357016,9.2855e-05,157,3.64232e+08
71731,4.5694,0.335318,0.445962,,,157,
71745,4.5706,,,0.362492,9.27071e-05,158,3.44842e+06
71774,4.5722,,,0.364807,9.25593e-05,158,3.65215e+07
71803,4.5739,,,0.330578,9.24116e-05,158,6.27368e+06
71832,4.5755,,,0.334781,9.22639e-05,158,1.21422e+07
71861,4.5771,,,0.331626,9.21164e-05,158,529081
71890,4.5787,,,0.333432,9.19689e-05,158,4.42359e+06
71919,4.5804,,,0.357033,9.18215e-05,158,1.07522e+06
71948,4.5820,,,0.343741,9.16742e-05,158,9.11134e+08
71977,4.5836,,,0.359681,9.15269e-05,158,2.32506e+06
72006,4.5852,,,0.401593,9.13798e-05,158,6.83211e+06
72035,4.5868,,,0.326082,9.12327e-05,158,5.89905e+06
72064,4.5885,,,0.357008,9.10857e-05,158,8.22906e+06
72093,4.5901,,,0.365421,9.09388e-05,158,2.52747e+07
72122,4.5917,,,0.361699,9.0792e-05,158,2.86789e+06
72151,4.5933,,,0.445912,9.06452e-05,158,1.11723e+10
72180,4.5949,,,0.473189,9.04986e-05,158,4.4049e+07
72185,4.5986,0.452234,0.366073,,,158,
72209,4.6001,,,0.594486,9.0352e-05,159,2.81874e+07
72238,4.6019,,,0.424959,9.02055e-05,159,6.08888e+06
72267,4.6036,,,0.366396,9.00591e-05,159,3.07218e+07
72296,4.6052,,,0.332175,8.99128e-05,159,3.79533e+06
72325,4.6069,,,0.344031,8.97666e-05,159,9.37489e+07
72354,4.6086,,,0.346412,8.96204e-05,159,3.45103e+06
72383,4.6102,,,0.350371,8.94744e-05,159,3.07195e+08
72412,4.6118,,,0.352135,8.93284e-05,159,3.42006e+07
72441,4.6135,,,0.353647,8.91825e-05,159,1.72177e+08
72470,4.6151,,,0.362527,8.90367e-05,159,2.35595e+06
72499,4.6167,,,0.325155,8.8891e-05,159,966490
72528,4.6183,,,0.338178,8.87453e-05,159,1.13847e+06
72557,4.6200,,,0.361334,8.85998e-05,159,5.06514e+06
72586,4.6216,,,0.378739,8.84543e-05,159,1.82833e+08
72615,4.6232,,,0.353418,8.83089e-05,159,3.92861e+06
72639,4.6279,0.33922,0.364589,,,159,
72644,4.6286,,,0.333815,8.81636e-05,160,1.81279e+06
72673,4.6302,,,0.346628,8.80184e-05,160,8.47833e+06
72702,4.6318,,,0.357743,8.78733e-05,160,1.5976e+06
72731,4.6334,,,0.34141,8.77283e-05,160,1.26576e+06
72760,4.6351,,,0.339562,8.75833e-05,160,2.76708e+07
72789,4.6367,,,0.350785,8.74385e-05,160,5.48591e+06
72818,4.6383,,,0.341873,8.72937e-05,160,1.33464e+07
72847,4.6400,,,0.353248,8.7149e-05,160,1.42802e+09
72876,4.6416,,,0.364048,8.70044e-05,160,6.37286e+06
72905,4.6433,,,0.41318,8.68599e-05,160,1.94679e+07
72934,4.6449,,,0.528262,8.67154e-05,160,1.54956e+06
72963,4.6465,,,0.484616,8.65711e-05,160,3.77696e+06
72992,4.6481,,,0.381111,8.64268e-05,160,5.16591e+06
73021,4.6497,,,0.365034,8.62827e-05,160,3.69144e+07
73050,4.6514,,,0.339029,8.61386e-05,160,2.88524e+08
73079,4.6530,,,0.36436,8.59946e-05,160,4.001e+07
73093,4.6572,0.335611,0.370725,,,160,
73108,4.6584,,,0.332867,8.58507e-05,161,2.29748e+06
73137,4.6600,,,0.322825,8.57069e-05,161,7.22127e+06
73166,4.6617,,,0.361296,8.55631e-05,161,7.32668e+06
73195,4.6633,,,0.3375,8.54195e-05,161,7.69277e+08
73224,4.6649,,,0.332899,8.52759e-05,161,2.02347e+07
73253,4.6665,,,0.349856,8.51324e-05,161,1.0177e+08
73282,4.6682,,,0.359102,8.49891e-05,161,280085
73311,4.6698,,,0.344185,8.48458e-05,161,5.19359e+06
73340,4.6714,,,0.374746,8.47026e-05,161,3.21563e+06
73369,4.6731,,,0.401652,8.45594e-05,161,2.18646e+09
73398,4.6747,,,0.32714,8.44164e-05,161,2.2111e+08
73427,4.6763,,,0.361685,8.42735e-05,161,9.76123e+07
73456,4.6780,,,0.346578,8.41306e-05,161,3.30551e+06
73485,4.6796,,,0.34659,8.39879e-05,161,2.59394e+07
73514,4.6812,,,0.376472,8.38452e-05,161,1.65544e+06
73543,4.6828,,,0.327084,8.37026e-05,161,7.55118e+06
73547,4.6865,0.337563,0.347061,,,161,
73572,4.6882,,,0.327257,8.35601e-05,162,667092
73601,4.6898,,,0.333031,8.34177e-05,162,4.75624e+06
73630,4.6914,,,0.330521,8.32754e-05,162,3.45601e+07
73659,4.6931,,,0.3364,8.31332e-05,162,1.56731e+07
73688,4.6947,,,0.31641,8.2991e-05,162,5.77849e+06
73717,4.6963,,,0.324263,8.2849e-05,162,1.47993e+08
73746,4.6979,,,0.346135,8.2707e-05,162,1.31336e+07
73775,4.6995,,,0.362616,8.25652e-05,162,757993
73804,4.7011,,,0.323006,8.24234e-05,162,783397
73833,4.7027,,,0.339636,8.22817e-05,162,1.89087e+06
73862,4.7043,,,0.358507,8.21401e-05,162,572464
73891,4.7059,,,0.43853,8.19986e-05,162,6.08845e+06
73920,4.7075,,,0.410773,8.18572e-05,162,114411
73949,4.7091,,,0.509467,8.17159e-05,162,3.48517e+06
73978,4.7107,,,0.592152,8.15746e-05,162,2.18367e+06
74001,4.7154,0.710846,0.390456,,,162,
74007,4.7159,,,0.665553,8.14335e-05,163,1.10987e+06
74036,4.7175,,,0.444861,8.12924e-05,163,4.32669e+06
74065,4.7191,,,0.35535,8.11515e-05,163,3.39959e+06
74094,4.7207,,,0.342404,8.10106e-05,163,1.20859e+08
74123,4.7223,,,0.404988,8.08698e-05,163,7.60995e+06
74152,4.7239,,,0.457517,8.07292e-05,163,3.35576e+08
74181,4.7255,,,0.404982,8.05886e-05,163,570608
74210,4.7271,,,0.378976,8.04481e-05,163,4.90568e+06
74239,4.7287,,,1.08354,8.03076e-05,163,4.66345e+06
74268,4.7303,,,0.584835,8.01673e-05,163,1.93661e+07
74297,4.7319,,,0.414669,8.00271e-05,163,2.51379e+08
74326,4.7336,,,0.333419,7.9887e-05,163,8.9274e+07
74355,4.7352,,,0.330041,7.97469e-05,163,1.54812e+06
74384,4.7368,,,0.324963,7.9607e-05,163,2.63302e+06
74413,4.7384,,,0.334265,7.94671e-05,163,4.59828e+06
74442,4.7400,,,0.336864,7.93274e-05,163,156663
74455,4.7441,0.341108,0.453381,,,163,
74471,4.7453,,,0.38423,7.91877e-05,164,995040
74500,4.7469,,,0.366884,7.90481e-05,164,626526
74529,4.7486,,,0.33709,7.89086e-05,164,1.92461e+06
74558,4.7502,,,0.328594,7.87692e-05,164,217076
74587,4.7518,,,0.331058,7.86299e-05,164,2.76616e+08
74616,4.7534,,,0.360551,7.84907e-05,164,2.85306e+06
74645,4.7550,,,0.33964,7.83516e-05,164,1.0918e+06
74674,4.7566,,,0.362194,7.82126e-05,164,2.69485e+06
74703,4.7582,,,0.340951,7.80736e-05,164,522509
74732,4.7598,,,0.327738,7.79348e-05,164,759601
74761,4.7614,,,0.360485,7.77961e-05,164,9.46258e+06
74790,4.7630,,,0.34504,7.76574e-05,164,1.21978e+08
74819,4.7646,,,0.387056,7.75189e-05,164,1.5023e+07
74848,4.7662,,,0.372393,7.73804e-05,164,1.14825e+07
74877,4.7679,,,0.546022,7.7242e-05,164,4.20798e+06
74906,4.7694,,,0.999487,7.71038e-05,164,2.29592e+07
74909,4.7730,0.975513,0.396879,,,164,
74935,4.7746,,,0.526732,7.69656e-05,165,2.60217e+06
74964,4.7762,,,0.538204,7.68275e-05,165,9.07043e+06
74993,4.7778,,,0.388911,7.66895e-05,165,81810
75022,4.7794,,,0.370263,7.65516e-05,165,3.43257e+06
75051,4.7810,,,0.357053,7.64138e-05,165,3.46129e+06
75080,4.7827,,,0.370119,7.62761e-05,165,50325.4
75109,4.7843,,,0.391281,7.61385e-05,165,2.83655e+06
75138,4.7859,,,0.332747,7.6001e-05,165,2.30494e+06
75167,4.7875,,,0.352414,7.58636e-05,165,517465
75196,4.7891,,,0.347112,7.57263e-05,165,1.11341e+06
75225,4.7907,,,0.343272,7.5589e-05,165,1.66517e+07
75254,4.7923,,,0.332203,7.54519e-05,165,1.12615e+06
75283,4.7939,,,0.333766,7.53149e-05,165,2.01541e+06
75312,4.7955,,,0.327366,7.51779e-05,165,1.01602e+07
75341,4.7971,,,0.351843,7.50411e-05,165,7.10921e+08
75363,4.8017,0.337159,0.385645,,,165,
75370,4.8025,,,0.316119,7.49043e-05,166,572181
75399,4.8041,,,0.349689,7.47677e-05,166,1.66514e+07
75428,4.8057,,,0.341999,7.46311e-05,166,2.62686e+07
75457,4.8073,,,0.381138,7.44947e-05,166,4.63175e+07
75486,4.8090,,,0.336357,7.43583e-05,166,2.17743e+06
75515,4.8107,,,0.353471,7.4222e-05,166,385227
75544,4.8123,,,0.325517,7.40858e-05,166,2.02099e+08
75573,4.8140,,,0.338182,7.39498e-05,166,2.36686e+08
75602,4.8156,,,0.333608,7.38138e-05,166,348334
75631,4.8172,,,0.373311,7.36779e-05,166,1.19532e+06
75660,4.8188,,,0.356293,7.35421e-05,166,3.07092e+07
75689,4.8204,,,0.347217,7.34064e-05,166,3.24006e+06
75718,4.8221,,,0.376312,7.32709e-05,166,9.66905e+06
75747,4.8237,,,0.344646,7.31354e-05,166,2.84301e+06
75776,4.8253,,,0.346214,7.3e-05,166,3.3179e+07
75805,4.8269,,,0.359082,7.28647e-05,166,1.49833e+08
75817,4.8309,0.338182,0.348572,,,166,
75834,4.8322,,,0.340823,7.27295e-05,167,177233
75863,4.8338,,,0.351256,7.25944e-05,167,2.11078e+07
75892,4.8355,,,0.351148,7.24593e-05,167,1.05506e+07
75921,4.8371,,,0.341258,7.23244e-05,167,2.4581e+06
75950,4.8387,,,0.348546,7.21896e-05,167,664643
75979,4.8403,,,0.35634,7.20549e-05,167,477738
76008,4.8419,,,0.349338,7.19203e-05,167,417862
76037,4.8435,,,0.343753,7.17858e-05,167,2.36826e+08
76066,4.8451,,,0.343242,7.16514e-05,167,6.92014e+06
76095,4.8468,,,0.345848,7.15171e-05,167,8.13786e+07
76124,4.8484,,,0.352044,7.13828e-05,167,2.84717e+06
76153,4.8500,,,0.346254,7.12487e-05,167,1.25054e+08
76182,4.8516,,,0.339933,7.11147e-05,167,4.62833e+08
76211,4.8532,,,0.338895,7.09808e-05,167,1.07002e+07
76240,4.8548,,,0.35405,7.08469e-05,167,9.74768e+07
76269,4.8563,,,0.336933,7.07132e-05,167,6.71308e+06
76271,4.8599,0.335274,0.343643,,,167,
76298,4.8617,,,0.339921,7.05796e-05,168,1.12234e+08
76327,4.8633,,,0.344626,7.04461e-05,168,1.0637e+06
76356,4.8649,,,0.337303,7.03126e-05,168,1.61552e+07
76385,4.8666,,,0.331151,7.01793e-05,168,4.74844e+06
76414,4.8682,,,0.351629,7.00461e-05,168,2.08782e+07
76443,4.8698,,,0.347106,6.9913e-05,168,677935
76472,4.8714,,,0.346714,6.97799e-05,168,8.11383e+07
76501,4.8730,,,0.378973,6.9647e-05,168,1.13068e+07
76530,4.8746,,,0.407943,6.95142e-05,168,1.5357e+06
76559,4.8763,,,0.339234,6.93814e-05,168,2.14846e+06
76588,4.8779,,,0.348619,6.92488e-05,168,3.08216e+07
76617,4.8795,,,0.348085,6.91163e-05,168,1.51409e+07
76646,4.8811,,,0.340617,6.89839e-05,168,2.74593e+07
76675,4.8827,,,0.347352,6.88515e-05,168,2.3742e+07
76704,4.8843,,,0.340258,6.87193e-05,168,8.74432e+06
76725,4.8889,0.33506,0.348431,,,168,
76733,4.8897,,,0.334386,6.85872e-05,169,8.03294e+07
76762,4.8913,,,0.326409,6.84552e-05,169,1.05579e+07
76791,4.8929,,,0.318833,6.83232e-05,169,1.59151e+08
76820,4.8945,,,0.359422,6.81914e-05,169,2.53307e+06
76849,4.8961,,,0.340105,6.80597e-05,169,1.90845e+06
76878,4.8977,,,0.361332,6.79281e-05,169,589638
76907,4.8993,,,0.347854,6.77966e-05,169,134776
76936,4.9009,,,0.823848,6.76651e-05,169,2.36754e+06
76965,4.9025,,,0.657737,6.75338e-05,169,5.38899e+06
76994,4.9041,,,0.389628,6.74026e-05,169,2.91039e+07
77023,4.9057,,,0.370973,6.72715e-05,169,3.09213e+06
77052,4.9073,,,0.345114,6.71405e-05,169,1.00215e+07
77081,4.9090,,,0.327659,6.70096e-05,169,1.84575e+06
77110,4.9106,,,0.353291,6.68788e-05,169,1.41341e+06
77139,4.9122,,,0.309835,6.67481e-05,169,306568
77168,4.9138,,,0.340835,6.66175e-05,169,527127
77179,4.9178,0.334975,0.392446,,,169,
77197,4.9191,,,0.350572,6.6487e-05,170,7.34489e+06
77226,4.9207,,,0.359039,6.63566e-05,170,5.20386e+06
77255,4.9223,,,0.369605,6.62263e-05,170,1.31292e+07
77284,4.9239,,,0.337174,6.60961e-05,170,6.81427e+07
77313,4.9255,,,0.339318,6.5966e-05,170,1.20049e+06
77342,4.9271,,,0.336149,6.5836e-05,170,2.91972e+08
77371,4.9287,,,0.416684,6.57061e-05,170,3.0083e+06
77400,4.9303,,,0.350295,6.55763e-05,170,3.73205e+06
77429,4.9319,,,1.31218,6.54467e-05,170,4.97877e+06
77458,4.9335,,,1.1921,6.53171e-05,170,6.2105e+06
77487,4.9352,,,0.745881,6.51876e-05,170,1.39154e+07
77516,4.9368,,,0.591115,6.50582e-05,170,4.74324e+09
77545,4.9384,,,0.47691,6.4929e-05,170,3.64004e+06
77574,4.9400,,,0.48652,6.47998e-05,170,1.23568e+06
77603,4.9416,,,0.3802,6.46708e-05,170,1.45349e+06
77632,4.9431,,,0.360385,6.45418e-05,170,819535
77633,4.9466,0.357481,0.519508,,,170,
77661,4.9483,,,0.353018,6.4413e-05,171,4.72134e+07
77690,4.9500,,,0.360583,6.42842e-05,171,1.55522e+06
77719,4.9516,,,0.348018,6.41556e-05,171,4.68038e+06
77748,4.9532,,,0.337228,6.4027e-05,171,1.8615e+07
77777,4.9548,,,0.350561,6.38986e-05,171,1.15545e+08
77806,4.9564,,,0.321643,6.37703e-05,171,2.3411e+06
77835,4.9580,,,0.350003,6.36421e-05,171,636471
77864,4.9596,,,0.343552,6.35139e-05,171,150018
77893,4.9612,,,0.34989,6.33859e-05,171,3.30087e+06
77922,4.9628,,,0.318716,6.3258e-05,171,6.81446e+07
77951,4.9644,,,0.348833,6.31302e-05,171,2.96556e+07
77980,4.9660,,,0.335621,6.30025e-05,171,5.44255e+06
78009,4.9676,,,0.33316,6.28749e-05,171,4.45071e+06
78038,4.9693,,,0.342336,6.27474e-05,171,466741
78067,4.9709,,,0.339857,6.26201e-05,171,1.28818e+07
78087,4.9753,0.334481,0.342657,,,171,
78096,4.9762,,,0.316802,6.24928e-05,172,348797
78125,4.9778,,,0.314654,6.23656e-05,172,326101
78154,4.9794,,,0.316929,6.22385e-05,172,4.0563e+07
78183,4.9810,,,0.34382,6.21116e-05,172,8.88421e+07
78212,4.9827,,,0.344461,6.19847e-05,172,5.37312e+06
78241,4.9843,,,0.346043,6.1858e-05,172,2.09267e+06
78270,4.9859,,,0.332041,6.17313e-05,172,169898
78299,4.9875,,,0.326137,6.16048e-05,172,1.18691e+06
78328,4.9891,,,0.335614,6.14784e-05,172,4.58545e+06
78357,4.9907,,,0.333371,6.1352e-05,172,313500
78386,4.9924,,,0.347229,6.12258e-05,172,7.29062e+06
78415,4.9940,,,0.343855,6.10997e-05,172,596428
78444,4.9956,,,0.379017,6.09737e-05,172,4.78276e+07
78473,4.9972,,,0.348754,6.08478e-05,172,2.79679e+06
78502,4.9988,,,0.343869,6.0722e-05,172,2.0792e+08
78531,5.0004,,,0.597175,6.05963e-05,172,2.89033e+08
78541,5.0044,0.533333,0.354967,,,172,
78560,5.0056,,,0.522366,6.04708e-05,173,2.52302e+07
78589,5.0072,,,0.405992,6.03453e-05,173,1.75011e+06
78618,5.0089,,,0.371552,6.02199e-05,173,210466
78647,5.0105,,,0.336565,6.00947e-05,173,1.38228e+07
78676,5.0122,,,0.342684,5.99695e-05,173,1.34675e+07
78705,5.0138,,,0.333587,5.98445e-05,173,8.76472e+07
78734,5.0155,,,0.327398,5.97196e-05,173,1.64793e+06
78763,5.0171,,,0.33209,5.95947e-05,173,5.8573e+06
78792,5.0188,,,0.504773,5.947e-05,173,4.3092e+06
78821,5.0204,,,0.442624,5.93454e-05,173,1.39022e+08
78850,5.0221,,,0.484365,5.92209e-05,173,3.77008e+07
78879,5.0237,,,0.370161,5.90965e-05,173,2.18407e+07
78908,5.0253,,,0.3701,5.89722e-05,173,366336
78937,5.0269,,,0.34178,5.8848e-05,173,1.1581e+07
78966,5.0285,,,0.343018,5.8724e-05,173,4.26709e+06
78995,5.0335,0.336715,0.385475,0.363148,5.86e-05,173,6.62713e+08
79024,5.0355,,,0.333681,5.84762e-05,174,6.72544e+06
79053,5.0371,,,0.364264,5.83524e-05,174,7.6155e+06
79082,5.0387,,,0.327861,5.82288e-05,174,1.83004e+07
79111,5.0403,,,0.323863,5.81052e-05,174,2.82089e+06
79140,5.0419,,,0.331493,5.79818e-05,174,2.07899e+07
79169,5.0436,,,0.346192,5.78585e-05,174,2.25146e+07
79198,5.0452,,,0.32824,5.77353e-05,174,1.0973e+08
79227,5.0468,,,0.361425,5.76122e-05,174,1.8973e+07
79256,5.0484,,,0.35122,5.74893e-05,174,4.30188e+07
79285,5.0501,,,0.322039,5.73664e-05,174,3.01899e+06
79314,5.0517,,,0.339012,5.72436e-05,174,2.85576e+06
79343,5.0534,,,0.325541,5.7121e-05,174,2.3134e+07
79372,5.0550,,,0.349696,5.69984e-05,174,579213
79401,5.0566,,,0.333659,5.6876e-05,174,3.2501e+06
79430,5.0582,,,0.335169,5.67537e-05,174,1.45295e+08
79449,5.0626,0.334357,0.339681,,,174,
79459,5.0635,,,0.331338,5.66315e-05,175,5.14188e+06
79488,5.0652,,,0.347585,5.65093e-05,175,1.51839e+06
79517,5.0668,,,0.353678,5.63874e-05,175,1.20231e+08
79546,5.0684,,,0.333156,5.62655e-05,175,4.25691e+06
79575,5.0700,,,0.37895,5.61437e-05,175,215535
79604,5.0717,,,0.331837,5.6022e-05,175,864660
79633,5.0734,,,0.340705,5.59005e-05,175,358011
79662,5.0750,,,0.333777,5.5779e-05,175,1.25139e+06
79691,5.0766,,,0.34995,5.56577e-05,175,4.31446e+07
79720,5.0782,,,0.326049,5.55365e-05,175,3.22956e+06
79749,5.0798,,,0.369149,5.54154e-05,175,6.22703e+07
79778,5.0815,,,0.327244,5.52944e-05,175,4.45346e+06
79807,5.0831,,,0.354779,5.51735e-05,175,4.03709e+06
79836,5.0848,,,0.351297,5.50527e-05,175,1.62474e+07
79865,5.0864,,,0.35491,5.49321e-05,175,868710
79894,5.0880,,,0.335305,5.48115e-05,175,553606
79903,5.0919,0.334066,0.345433,,,175,
79923,5.0934,,,0.333933,5.46911e-05,176,1.09492e+07
79952,5.0950,,,0.309271,5.45707e-05,176,6.4064e+08
79981,5.0966,,,0.352986,5.44505e-05,176,3.14164e+08
80010,5.0982,,,0.342895,5.43304e-05,176,5.34537e+08
80039,5.0998,,,0.333215,5.42104e-05,176,2.15584e+06
80068,5.1014,,,0.337362,5.40905e-05,176,2.20674e+07
80097,5.1031,,,0.351005,5.39708e-05,176,758886
80126,5.1047,,,0.361435,5.38511e-05,176,5.48088e+06
80155,5.1063,,,0.324984,5.37315e-05,176,2.70258e+06
80184,5.1079,,,0.337542,5.36121e-05,176,1.90689e+06
80213,5.1095,,,0.350867,5.34928e-05,176,1.0456e+07
80242,5.1111,,,0.341848,5.33736e-05,176,2.69457e+07
80271,5.1127,,,0.340152,5.32545e-05,176,9.06873e+06
80300,5.1143,,,0.342756,5.31355e-05,176,2.65281e+06
80329,5.1159,,,0.347753,5.30166e-05,176,758867
80357,5.1208,0.334868,0.340344,,,176,
80358,5.1213,,,0.332084,5.28979e-05,177,1.2025e+07
80387,5.1229,,,0.542554,5.27792e-05,177,541414
80416,5.1245,,,0.584976,5.26607e-05,177,666024
80445,5.1261,,,0.448609,5.25423e-05,177,2.60107e+07
80474,5.1277,,,0.397666,5.2424e-05,177,1.78022e+08
80503,5.1293,,,0.364676,5.23058e-05,177,2.06308e+06
80532,5.1309,,,0.363084,5.21877e-05,177,733784
80561,5.1325,,,0.336854,5.20697e-05,177,3.89724e+06
80590,5.1341,,,0.323062,5.19519e-05,177,4.64885e+07
80619,5.1357,,,0.321479,5.18341e-05,177,1.47994e+06
80648,5.1373,,,0.351938,5.17165e-05,177,7.87261e+06
80677,5.1389,,,0.344287,5.1599e-05,177,5.02794e+07
80706,5.1405,,,0.354297,5.14816e-05,177,26326
80735,5.1421,,,0.36941,5.13643e-05,177,1.0544e+06
80764,5.1437,,,0.565493,5.12471e-05,177,1.21039e+06
80793,5.1453,,,0.402213,5.11301e-05,177,3.09865e+07
80811,5.1497,0.337753,0.412595,,,177,
80822,5.1507,,,0.350032,5.10131e-05,178,7.39832e+06
80851,5.1523,,,0.381666,5.08963e-05,178,1.5004e+06
80880,5.1539,,,0.329403,5.07796e-05,178,1.62244e+07
80909,5.1555,,,0.328124,5.0663e-05,178,1.40074e+07
80938,5.1571,,,0.366711,5.05465e-05,178,3.33366e+06
80967,5.1587,,,0.366878,5.04301e-05,178,263900
80996,5.1603,,,0.349798,5.03139e-05,178,464598
81025,5.1619,,,0.356373,5.01977e-05,178,613253
81054,5.1635,,,0.343353,5.00817e-05,178,1.74121e+08
81083,5.1651,,,0.343238,4.99658e-05,178,2.29811e+07
81112,5.1667,,,0.339386,4.985e-05,178,6.97656e+06
81141,5.1683,,,0.352318,4.97343e-05,178,1.64331e+06
81170,5.1699,,,0.359908,4.96188e-05,178,2.88589e+07
81199,5.1715,,,0.350675,4.95033e-05,178,1.76306e+06
81228,5.1732,,,0.344828,4.9388e-05,178,9.70544e+06
81257,5.1747,,,0.318495,4.92728e-05,178,145197
81265,5.1786,0.338791,0.348881,,,178,
81286,5.1801,,,0.323238,4.91577e-05,179,7.73101e+06
81315,5.1817,,,0.342011,4.90427e-05,179,5.30979e+07
81344,5.1833,,,0.671709,4.89278e-05,179,6.0292e+06
81373,5.1849,,,0.469955,4.8813e-05,179,383836
81402,5.1865,,,0.394754,4.86984e-05,179,2.29725e+07
81431,5.1881,,,0.377449,4.85839e-05,179,913252
81460,5.1897,,,0.380642,4.84695e-05,179,7.57616e+07
81489,5.1913,,,0.345518,4.83552e-05,179,1.91229e+09
81518,5.1929,,,0.337475,4.8241e-05,179,7.69691e+06
81547,5.1945,,,0.40812,4.8127e-05,179,1.09342e+07
81576,5.1962,,,0.373586,4.8013e-05,179,1.29557e+07
81605,5.1978,,,0.344911,4.78992e-05,179,400883
81634,5.1994,,,0.339253,4.77855e-05,179,1.80854e+07
81663,5.2010,,,0.333754,4.76719e-05,179,6.48651e+07
81692,5.2026,,,0.327996,4.75584e-05,179,2.79148e+07
81719,5.2074,0.348499,0.380097,,,179,
81721,5.2078,,,0.35104,4.74451e-05,180,4.01705e+09
81750,5.2094,,,0.334714,4.73318e-05,180,6.67421e+08
81779,5.2110,,,0.362136,4.72187e-05,180,221143
81808,5.2126,,,0.547797,4.71057e-05,180,775084
81837,5.2142,,,0.521255,4.69928e-05,180,602529
81866,5.2158,,,0.420567,4.688e-05,180,6.84835e+07
81895,5.2174,,,0.382226,4.67674e-05,180,1.55101e+09
81924,5.2191,,,0.36276,4.66548e-05,180,3.72769e+06
81953,5.2207,,,0.337322,4.65424e-05,180,8.20645e+06
81982,5.2224,,,0.344638,4.64301e-05,180,4.09316e+07
82011,5.2240,,,0.363633,4.63179e-05,180,1.86621e+07
82040,5.2257,,,0.333639,4.62059e-05,180,256090
82069,5.2273,,,0.33737,4.60939e-05,180,1.77633e+07
82098,5.2289,,,0.338815,4.59821e-05,180,3.51668e+06
82127,5.2305,,,0.322105,4.58704e-05,180,1.59455e+07
82156,5.2321,,,0.359655,4.57588e-05,180,343495
82173,5.2364,0.334185,0.371367,,,180,
82185,5.2375,,,0.324544,4.56473e-05,181,1.87746e+07
82214,5.2391,,,0.334269,4.5536e-05,181,325979
82243,5.2407,,,0.336629,4.54247e-05,181,2.29554e+06
82272,5.2423,,,0.346575,4.53136e-05,181,1.64133e+06
82301,5.2439,,,0.351443,4.52026e-05,181,1.83406e+06
82330,5.2455,,,0.339328,4.50917e-05,181,9.5926e+06
82359,5.2471,,,0.340411,4.4981e-05,181,7.73454e+08
82388,5.2487,,,0.350086,4.48703e-05,181,179721
82417,5.2504,,,0.329775,4.47598e-05,181,8.86432e+06
82446,5.2520,,,0.329083,4.46494e-05,181,903283
82475,5.2536,,,0.350736,4.45391e-05,181,2.98932e+07
82504,5.2552,,,0.352787,4.4429e-05,181,1.0706e+08
82533,5.2569,,,0.350492,4.43189e-05,181,6.6377e+06
82562,5.2585,,,0.335821,4.4209e-05,181,1.85622e+06
82591,5.2601,,,0.33872,4.40992e-05,181,1.33436e+06
82620,5.2617,,,0.323375,4.39895e-05,181,632207
82627,5.2654,0.333872,0.340237,,,181,
82649,5.2670,,,0.332348,4.38799e-05,182,775298
82678,5.2686,,,0.350506,4.37705e-05,182,3.1084e+06
82707,5.2702,,,0.332545,4.36612e-05,182,1.41582e+07
82736,5.2718,,,0.341453,4.35519e-05,182,3.12367e+07
82765,5.2734,,,0.346231,4.34429e-05,182,806303
82794,5.2750,,,0.332548,4.33339e-05,182,153495
82823,5.2766,,,0.334491,4.3225e-05,182,450900
82852,5.2783,,,0.341023,4.31163e-05,182,3.98624e+06
82881,5.2799,,,0.348403,4.30077e-05,182,46724.7
82910,5.2815,,,0.368043,4.28992e-05,182,5.10163e+06
82939,5.2831,,,0.353098,4.27909e-05,182,4.83783e+07
82968,5.2847,,,0.351355,4.26826e-05,182,7.85666e+08
82997,5.2863,,,0.35053,4.25745e-05,182,6.0298e+07
83026,5.2880,,,0.352705,4.24665e-05,182,7.05159e+07
83055,5.2896,,,0.330211,4.23586e-05,182,8.07913e+06
83081,5.2944,0.344559,0.342086,,,182,
83084,5.2948,,,0.343162,4.22508e-05,183,1.28678e+06
83113,5.2964,,,0.336054,4.21432e-05,183,1.18007e+07
83142,5.2980,,,0.341396,4.20357e-05,183,1.86368e+08
83171,5.2996,,,0.356942,4.19283e-05,183,912146
83200,5.3012,,,0.352448,4.1821e-05,183,1.71393e+09
83229,5.3028,,,0.345586,4.17138e-05,183,8.78953e+06
83258,5.3044,,,0.35116,4.16068e-05,183,735380
83287,5.3060,,,0.328414,4.14999e-05,183,113248
83316,5.3076,,,0.357234,4.13931e-05,183,2.71654e+10
83345,5.3092,,,0.344754,4.12864e-05,183,2.28235e+06
83374,5.3108,,,0.355321,4.11799e-05,183,230222
83403,5.3124,,,0.337099,4.10735e-05,183,1.86657e+08
83432,5.3140,,,0.358604,4.09672e-05,183,40827
83461,5.3156,,,0.341927,4.0861e-05,183,561341
83490,5.3172,,,0.336363,4.07549e-05,183,2.18672e+07
83519,5.3188,,,0.375337,4.0649e-05,183,5.59838e+07
83535,5.3231,0.408647,0.349734,,,183,
83548,5.3240,,,0.392229,4.05432e-05,184,1.24421e+07
83577,5.3256,,,0.34237,4.04375e-05,184,1.75901e+06
83606,5.3272,,,0.338612,4.03319e-05,184,1.77184e+08
83635,5.3288,,,0.342421,4.02265e-05,184,4.46417e+06
83664,5.3304,,,0.349497,4.01211e-05,184,7.3875e+06
83693,5.3320,,,0.334566,4.00159e-05,184,1.35557e+07
83722,5.3336,,,0.36321,3.99108e-05,184,1.46392e+06
83751,5.3352,,,0.418226,3.98059e-05,184,4.47213e+06
83780,5.3368,,,0.334567,3.97011e-05,184,1.54562e+06
83809,5.3384,,,0.350798,3.95963e-05,184,8.86158e+06
83838,5.3401,,,0.340982,3.94918e-05,184,5.28897e+06
83867,5.3417,,,0.44047,3.93873e-05,184,124162
83896,5.3433,,,0.367235,3.92829e-05,184,1.35687e+06
83925,5.3449,,,0.342726,3.91787e-05,184,2.11982e+06
83954,5.3465,,,0.316481,3.90746e-05,184,37515.5
83983,5.3481,,,0.399048,3.89707e-05,184,2.50261e+06
83989,5.3518,0.383694,0.364457,,,184,
84012,5.3532,,,0.404809,3.88668e-05,185,2.2471e+07
84041,5.3548,,,0.445497,3.87631e-05,185,162714
84070,5.3565,,,0.369674,3.86595e-05,185,486339
84099,5.3581,,,0.330941,3.8556e-05,185,909712
84128,5.3597,,,0.570237,3.84527e-05,185,8.51132e+07
84157,5.3613,,,0.558553,3.83494e-05,185,1.96752e+07
84186,5.3629,,,0.464186,3.82463e-05,185,8.80356e+07
84215,5.3645,,,0.433033,3.81433e-05,185,899527
84244,5.3661,,,0.387618,3.80405e-05,185,7.11352e+08
84273,5.3677,,,0.330971,3.79378e-05,185,3.94814e+06
84302,5.3694,,,0.361347,3.78352e-05,185,4.04788e+08
84331,5.3710,,,0.353299,3.77327e-05,185,8.32333e+06
84360,5.3726,,,0.343104,3.76303e-05,185,7.57743e+06
84389,5.3742,,,0.333391,3.75281e-05,185,223254
84418,5.3759,,,0.34796,3.7426e-05,185,749885
84443,5.3806,0.333396,0.397575,,,185,
84447,5.3813,,,0.337194,3.7324e-05,186,7.04872e+06
84476,5.3829,,,0.322315,3.72221e-05,186,2.82346e+06
84505,5.3845,,,0.350258,3.71204e-05,186,1.05708e+07
84534,5.3861,,,0.331732,3.70188e-05,186,1.80017e+07
84563,5.3878,,,0.376145,3.69173e-05,186,1.83172e+07
84592,5.3894,,,0.338869,3.68159e-05,186,256544
84621,5.3910,,,0.338728,3.67147e-05,186,1.49831e+09
84650,5.3927,,,0.32852,3.66136e-05,186,4.83554e+06
84679,5.3943,,,0.348349,3.65126e-05,186,572092
84708,5.3959,,,0.318594,3.64118e-05,186,394847
84737,5.3976,,,0.360439,3.6311e-05,186,1.23758e+07
84766,5.3992,,,0.352868,3.62104e-05,186,1.04766e+06
84795,5.4008,,,0.340101,3.61099e-05,186,2.20428e+06
84824,5.4025,,,0.382883,3.60096e-05,186,3.21941e+06
84853,5.4041,,,0.352471,3.59094e-05,186,270021
84882,5.4057,,,0.354762,3.58092e-05,186,2.3733e+06
84897,5.4100,0.333214,0.344052,,,186,
84911,5.4112,,,0.350071,3.57093e-05,187,7.22677e+08
84940,5.4128,,,0.368369,3.56094e-05,187,2.85133e+06
84969,5.4145,,,0.961298,3.55097e-05,187,9.36959e+06
84998,5.4161,,,1.01624,3.54101e-05,187,1.22312e+08
85027,5.4177,,,0.89071,3.53106e-05,187,4.17529e+06
85056,5.4194,,,0.742262,3.52113e-05,187,1.55028e+06
85085,5.4210,,,0.592543,3.51121e-05,187,3.61751e+07
85114,5.4227,,,0.527911,3.5013e-05,187,9.20753e+06
85143,5.4243,,,0.457458,3.4914e-05,187,2.13034e+06
85172,5.4260,,,0.410611,3.48152e-05,187,965905
85201,5.4277,,,0.411021,3.47164e-05,187,609467
85230,5.4295,,,0.396397,3.46178e-05,187,1.40712e+06
85259,5.4311,,,0.388033,3.45194e-05,187,2.42064e+06
85288,5.4327,,,0.388627,3.44211e-05,187,9.70927e+06
85317,5.4344,,,0.373518,3.43229e-05,187,946944
85346,5.4360,,,0.344022,3.42248e-05,187,984680
85351,5.4397,0.345027,0.549757,,,187,
85375,5.4412,,,0.330628,3.41268e-05,188,3.62774e+07
85404,5.4428,,,0.333282,3.4029e-05,188,2.165e+07
85433,5.4445,,,0.340279,3.39313e-05,188,7.98104e+06
85462,5.4461,,,0.325215,3.38337e-05,188,3.33826e+06
85491,5.4477,,,0.333326,3.37363e-05,188,1.23395e+07
85520,5.4494,,,0.357568,3.3639e-05,188,874901
85549,5.4510,,,0.327868,3.35418e-05,188,7.02539e+06
85578,5.4526,,,0.35352,3.34447e-05,188,322924
85607,5.4543,,,0.334662,3.33478e-05,188,5.49239e+08
85636,5.4559,,,0.328575,3.3251e-05,188,1.72835e+06
85665,5.4575,,,0.34854,3.31543e-05,188,7.83291e+06
85694,5.4591,,,0.355769,3.30578e-05,188,757832
85723,5.4608,,,0.324982,3.29614e-05,188,1.52499e+06
85752,5.4624,,,0.346599,3.28651e-05,188,6.03111e+06
85781,5.4640,,,0.346322,3.27689e-05,188,3.85699e+06
85805,5.4688,0.333209,0.339868,,,188,
85810,5.4695,,,0.345509,3.26729e-05,189,717168
85839,5.4711,,,0.356854,3.2577e-05,189,1.22782e+07
85868,5.4727,,,0.329366,3.24812e-05,189,2.52896e+06
85897,5.4744,,,0.347878,3.23855e-05,189,4.88588e+06
85926,5.4760,,,0.322364,3.229e-05,189,377115
85955,5.4777,,,0.310246,3.21946e-05,189,3.71837e+07
85984,5.4794,,,0.333604,3.20994e-05,189,5.37356e+06
86013,5.4810,,,0.369683,3.20042e-05,189,2.28565e+07
86042,5.4827,,,0.327673,3.19092e-05,189,6.09505e+08
86071,5.4843,,,0.339654,3.18144e-05,189,6.08272e+07
86100,5.4859,,,0.322655,3.17196e-05,189,325960
86129,5.4876,,,0.326187,3.1625e-05,189,2.40534e+07
86158,5.4892,,,0.34988,3.15305e-05,189,1.3429e+06
86187,5.4909,,,0.357372,3.14361e-05,189,6.942e+07
86216,5.4925,,,0.339647,3.13419e-05,189,411940
86245,5.4941,,,0.351653,3.12478e-05,189,2.42626e+08
86259,5.4984,0.343984,0.343452,,,189,
86274,5.4994,,,0.346195,3.11538e-05,190,3.58125e+06
86303,5.5010,,,0.32738,3.106e-05,190,1.93655e+07
86332,5.5027,,,0.31918,3.09663e-05,190,2.33021e+06
86361,5.5044,,,0.336807,3.08727e-05,190,689208
86390,5.5060,,,0.332319,3.07793e-05,190,1.56737e+07
86419,5.5077,,,0.332592,3.06859e-05,190,1.07323e+09
86448,5.5093,,,0.339997,3.05927e-05,190,3.46275e+08
86477,5.5109,,,0.354319,3.04997e-05,190,1.27547e+07
86506,5.5126,,,0.345102,3.04067e-05,190,7.79034e+09
86535,5.5142,,,0.348942,3.03139e-05,190,8.41657e+06
86564,5.5159,,,0.339917,3.02213e-05,190,3.71344e+07
86593,5.5175,,,0.358621,3.01287e-05,190,3.14107e+06
86622,5.5191,,,0.348389,3.00363e-05,190,952195
86651,5.5208,,,0.322204,2.9944e-05,190,69764.7
86680,5.5224,,,0.326994,2.98519e-05,190,3.54684e+07
86709,5.5240,,,0.346309,2.97599e-05,190,290325
86713,5.5277,0.334519,0.338998,,,190,
86738,5.5295,,,0.331234,2.9668e-05,191,496603
86767,5.5311,,,0.339421,2.95762e-05,191,3.82549e+06
86796,5.5328,,,0.32856,2.94846e-05,191,741763
86825,5.5344,,,0.350876,2.93931e-05,191,1.08472e+06
86854,5.5361,,,0.346484,2.93017e-05,191,1.47829e+06
86883,5.5377,,,0.33421,2.92105e-05,191,131183
86912,5.5394,,,0.353652,2.91194e-05,191,2.79943e+06
86941,5.5410,,,0.345378,2.90284e-05,191,7.56879e+06
86970,5.5427,,,0.337159,2.89376e-05,191,1.48149e+06
86999,5.5443,,,0.35356,2.88469e-05,191,1.08961e+08
87028,5.5460,,,0.313697,2.87563e-05,191,1.5147e+06
87057,5.5476,,,0.342314,2.86658e-05,191,1.20924e+07
87086,5.5493,,,0.338738,2.85755e-05,191,4.17615e+06
87115,5.5509,,,0.329581,2.84853e-05,191,3.28229e+07
87144,5.5526,,,0.333044,2.83953e-05,191,1.50159e+06
87167,5.5573,0.332946,0.339324,,,191,
87173,5.5580,,,0.332538,2.83054e-05,192,1.23366e+06
87202,5.5597,,,0.331237,2.82156e-05,192,1.13894e+08
87231,5.5613,,,0.338187,2.81259e-05,192,1.21614e+06
87260,5.5630,,,0.309398,2.80364e-05,192,843185
87289,5.5646,,,0.345575,2.7947e-05,192,493569
87318,5.5663,,,0.364651,2.78577e-05,192,274502
87347,5.5680,,,0.348132,2.77686e-05,192,5.96222e+06
87376,5.5696,,,0.332199,2.76796e-05,192,471866
87405,5.5713,,,0.325507,2.75908e-05,192,1.60877e+06
87434,5.5729,,,0.325214,2.7502e-05,192,5.40941e+06
87463,5.5746,,,0.323794,2.74134e-05,192,410310
87492,5.5762,,,0.337951,2.7325e-05,192,112187
87521,5.5779,,,0.316122,2.72366e-05,192,6.29587e+06
87550,5.5796,,,0.33227,2.71484e-05,192,6068.59
87579,5.5812,,,0.392993,2.70603e-05,192,1.6589e+06
87608,5.5829,,,0.320226,2.69724e-05,192,1.2608e+07
87621,5.5870,0.342254,0.344981,,,192,
87637,5.5881,,,0.353833,2.68846e-05,193,833069
87666,5.5898,,,0.35726,2.67969e-05,193,1.18962e+06
87695,5.5914,,,0.346786,2.67094e-05,193,3.29211e+07
87724,5.5931,,,0.356953,2.6622e-05,193,4.83357e+09
87753,5.5947,,,0.321257,2.65347e-05,193,2.64205e+06
87782,5.5964,,,0.332116,2.64476e-05,193,6.84741e+06
87811,5.5980,,,0.362205,2.63606e-05,193,226218
87840,5.5997,,,0.34966,2.62737e-05,193,3.84972e+06
87869,5.6013,,,0.324528,2.6187e-05,193,558008
87898,5.6030,,,0.367339,2.61004e-05,193,1.00013e+06
87927,5.6046,,,0.330033,2.60139e-05,193,1.7681e+06
87956,5.6063,,,0.359102,2.59275e-05,193,1.21331e+06
87985,5.6079,,,0.33312,2.58413e-05,193,535450
88014,5.6096,,,0.327895,2.57553e-05,193,2.03038e+09
88043,5.6112,,,0.358315,2.56693e-05,193,1.02541e+07
88072,5.6128,,,0.330539,2.55835e-05,193,890059
88075,5.6165,0.332849,0.341715,,,193,
88101,5.6183,,,0.335989,2.54978e-05,194,489020
88130,5.6199,,,0.340124,2.54123e-05,194,1.12106e+07
88159,5.6216,,,0.339741,2.53269e-05,194,1.19496e+07
88188,5.6233,,,0.363601,2.52416e-05,194,649885
88217,5.6249,,,0.346909,2.51565e-05,194,560301
88246,5.6266,,,0.363793,2.50715e-05,194,8.21335e+06
88275,5.6282,,,0.320608,2.49866e-05,194,4.63277e+08
88304,5.6299,,,0.334682,2.49019e-05,194,1.62786e+07
88333,5.6315,,,0.339221,2.48173e-05,194,9.46566e+06
88362,5.6332,,,0.343985,2.47328e-05,194,986389
88391,5.6348,,,0.336566,2.46485e-05,194,1.59871e+07
88420,5.6364,,,0.310928,2.45643e-05,194,78781.4
88449,5.6381,,,0.338062,2.44803e-05,194,383398
88478,5.6398,,,0.331354,2.43963e-05,194,345435
88507,5.6414,,,0.323236,2.43125e-05,194,434490
88529,5.6460,0.334555,0.337542,,,194,
88536,5.6468,,,0.338892,2.42289e-05,195,284618
88565,5.6484,,,0.338198,2.41454e-05,195,2.72553e+07
88594,5.6500,,,0.339921,2.4062e-05,195,36191.6
88623,5.6516,,,0.344029,2.39787e-05,195,1.18668e+06
88652,5.6532,,,0.330991,2.38956e-05,195,1.05116e+06
88681,5.6549,,,0.343671,2.38126e-05,195,494976
88710,5.6565,,,0.326669,2.37298e-05,195,692792
88739,5.6581,,,0.335401,2.36471e-05,195,263509
88768,5.6597,,,0.340635,2.35645e-05,195,665926
88797,5.6614,,,0.321719,2.34821e-05,195,987271
88826,5.6630,,,0.325277,2.33998e-05,195,654937
88855,5.6646,,,0.338444,2.33176e-05,195,2.37087e+06
88884,5.6662,,,0.332606,2.32356e-05,195,2.16506e+06
88913,5.6679,,,0.328161,2.31537e-05,195,9.3571e+06
88942,5.6695,,,0.344786,2.30719e-05,195,8.25097e+06
88971,5.6711,,,0.350516,2.29903e-05,195,2.86814e+07
88983,5.6751,0.332897,0.339044,,,195,
89000,5.6764,,,0.343284,2.29088e-05,196,1.37142e+06
89029,5.6781,,,0.325007,2.28274e-05,196,2.00846e+07
89058,5.6797,,,0.340326,2.27462e-05,196,2.98603e+07
89087,5.6813,,,0.342455,2.26651e-05,196,83733.8
89116,5.6829,,,0.385502,2.25842e-05,196,470832
89145,5.6846,,,0.357382,2.25034e-05,196,930001
89174,5.6862,,,0.322213,2.24227e-05,196,1.51638e+07
89203,5.6879,,,0.366963,2.23422e-05,196,8.0201e+07
89232,5.6895,,,0.337997,2.22618e-05,196,884625
89261,5.6911,,,0.377598,2.21815e-05,196,7.17315e+06
89290,5.6927,,,0.41408,2.21014e-05,196,2.13979e+08
89319,5.6943,,,0.352607,2.20214e-05,196,3.11454e+07
89348,5.6960,,,0.319524,2.19415e-05,196,3.04432e+07
89377,5.6976,,,0.326019,2.18618e-05,196,1.43453e+06
89406,5.6992,,,0.344643,2.17822e-05,196,540954
89435,5.7008,,,0.308693,2.17028e-05,196,1.5716e+08
89437,5.7044,0.333274,0.350826,,,196,
89464,5.7062,,,0.341934,2.16235e-05,197,1.38779e+06
89493,5.7078,,,0.329494,2.15443e-05,197,1.40367e+06
89522,5.7095,,,0.347011,2.14653e-05,197,428930
89551,5.7111,,,0.324253,2.13864e-05,197,1.05438e+07
89580,5.7128,,,0.341174,2.13076e-05,197,4.5319e+06
89609,5.7144,,,0.331639,2.1229e-05,197,8.93568e+06
89638,5.7160,,,0.343603,2.11505e-05,197,5.08033e+06
89667,5.7176,,,0.329871,2.10722e-05,197,6.9159e+06
89696,5.7193,,,0.331759,2.0994e-05,197,8.77543e+07
89725,5.7209,,,0.355072,2.09159e-05,197,3.47786e+07
89754,5.7225,,,0.339071,2.0838e-05,197,1.17104e+07
89783,5.7241,,,0.358699,2.07602e-05,197,81319
89812,5.7257,,,0.353289,2.06825e-05,197,2.2416e+07
89841,5.7274,,,0.339911,2.0605e-05,197,2.14007e+06
89870,5.7290,,,0.33556,2.05276e-05,197,443608
89891,5.7335,0.332906,0.337789,,,197,
89899,5.7343,,,0.373556,2.04503e-05,198,222230
89928,5.7359,,,0.344081,2.03732e-05,198,3.83555e+06
89957,5.7376,,,0.341706,2.02963e-05,198,3.01863e+07
89986,5.7392,,,0.350191,2.02194e-05,198,2.45782e+06
90015,5.7408,,,0.341133,2.01427e-05,198,1.64729e+06
90044,5.7425,,,0.335066,2.00662e-05,198,3.35278e+06
90073,5.7442,,,0.340298,1.99897e-05,198,3.39878e+06
90102,5.7458,,,0.331361,1.99135e-05,198,2.67747e+06
90131,5.7474,,,0.337981,1.98373e-05,198,1.59882e+08
90160,5.7490,,,0.331663,1.97613e-05,198,181641
90189,5.7507,,,0.337199,1.96854e-05,198,128797
90218,5.7523,,,0.331411,1.96097e-05,198,744528
90247,5.7539,,,0.328677,1.95341e-05,198,1.27564e+07
90276,5.7555,,,0.335624,1.94587e-05,198,5.25307e+06
90305,5.7571,,,0.357544,1.93834e-05,198,276185
90334,5.7587,,,0.350493,1.93082e-05,198,4.44463e+06
90345,5.7628,0.338138,0.341683,,,198,
90363,5.7639,,,0.330955,1.92331e-05,199,843191
90392,5.7656,,,0.328581,1.91583e-05,199,8.66664e+06
90421,5.7672,,,0.345795,1.90835e-05,199,221773
90450,5.7688,,,0.329322,1.90089e-05,199,1.72026e+06
90479,5.7704,,,0.340804,1.89344e-05,199,1.11055e+07
90508,5.7721,,,0.341316,1.88601e-05,199,263561
90537,5.7737,,,0.347571,1.87858e-05,199,1.19497e+07
90566,5.7753,,,0.341478,1.87118e-05,199,5.34729e+07
90595,5.7769,,,0.333317,1.86379e-05,199,2.71871e+07
90624,5.7786,,,0.338849,1.85641e-05,199,1.40863e+06
90653,5.7802,,,0.351847,1.84904e-05,199,1.83047e+07
90682,5.7818,,,0.305959,1.84169e-05,199,1.86972e+06
90711,5.7834,,,0.341464,1.83436e-05,199,1.79186e+06
90740,5.7851,,,0.334078,1.82703e-05,199,9.48904e+07
90769,5.7867,,,0.324188,1.81972e-05,199,2.67082e+07
90798,5.7883,,,0.319431,1.81243e-05,199,2.56747e+06
90799,5.7918,0.33256,0.337845,,,199,
90827,5.7941,,,0.356626,1.80515e-05,200,1.24202e+07
90856,5.7957,,,0.336282,1.79788e-05,200,2.40657e+06
90885,5.7973,,,0.34521,1.79063e-05,200,5.01899e+06
90914,5.7990,,,0.344524,1.78339e-05,200,1.87412e+07
90943,5.8006,,,0.347426,1.77616e-05,200,627911
90972,5.8022,,,0.334172,1.76895e-05,200,2.91127e+07
91001,5.8039,,,0.325783,1.76176e-05,200,484650
91030,5.8055,,,0.346413,1.75457e-05,200,5.9987e+06
91059,5.8071,,,0.349815,1.7474e-05,200,159048
91088,5.8087,,,0.336922,1.74025e-05,200,2.51434e+08
91117,5.8104,,,0.338659,1.73311e-05,200,1.61816e+06
91146,5.8120,,,0.333989,1.72598e-05,200,2.40802e+06
91175,5.8136,,,0.325445,1.71887e-05,200,2.43505e+06
91204,5.8153,,,0.337753,1.71177e-05,200,1.42336e+06
91233,5.8169,,,0.358735,1.70468e-05,200,1.9322e+07
91253,5.8215,0.333984,0.33841,,,200,
91262,5.8225,,,0.331722,1.69761e-05,201,639772
91291,5.8241,,,0.327219,1.69055e-05,201,1.45657e+06
91320,5.8258,,,0.330213,1.68351e-05,201,6.316e+06
91349,5.8274,,,0.350188,1.67648e-05,201,3.38945e+06
91378,5.8291,,,0.330451,1.66947e-05,201,3.90248e+06
91407,5.8307,,,0.326395,1.66247e-05,201,4.68136e+07
91436,5.8323,,,0.358829,1.65548e-05,201,438636
91465,5.8340,,,0.33768,1.64851e-05,201,1.79438e+07
91494,5.8356,,,0.335387,1.64155e-05,201,1.29857e+07
91523,5.8373,,,0.34377,1.63461e-05,201,249582
91552,5.8389,,,0.355458,1.62768e-05,201,4.99736e+06
91581,5.8406,,,0.321989,1.62076e-05,201,2.69263e+07
91610,5.8423,,,0.336482,1.61386e-05,201,1.54246e+06
91639,5.8439,,,0.344914,1.60697e-05,201,906299
91668,5.8455,,,0.349591,1.6001e-05,201,1.13341e+06
91697,5.8471,,,0.345537,1.59324e-05,201,3.04438e+08
91707,5.8511,0.33924,0.338383,,,201,
91726,5.8523,,,0.364132,1.58639e-05,202,240235
91755,5.8540,,,0.342955,1.57956e-05,202,1.16785e+10
91784,5.8556,,,0.341336,1.57274e-05,202,1.31659e+07
91813,5.8573,,,0.332632,1.56594e-05,202,1.10478e+07
91842,5.8589,,,0.329864,1.55915e-05,202,853884
91871,5.8605,,,0.342854,1.55237e-05,202,7.94984e+06
91900,5.8622,,,0.352012,1.54561e-05,202,1.10873e+06
91929,5.8638,,,0.355672,1.53887e-05,202,3.16303e+06
91958,5.8654,,,0.351838,1.53213e-05,202,2.16025e+06
91987,5.8671,,,0.319926,1.52542e-05,202,6.60056e+06
92016,5.8687,,,0.335493,1.51871e-05,202,2.36118e+06
92045,5.8703,,,0.332287,1.51202e-05,202,462195
92074,5.8719,,,0.353541,1.50535e-05,202,3.56258e+08
92103,5.8736,,,0.342568,1.49869e-05,202,1.09747e+06
92132,5.8752,,,0.327135,1.49204e-05,202,2.29182e+07
92161,5.8802,0.332788,0.340549,0.333791,1.4854e-05,202,227777
92190,5.8822,,,0.329547,1.47879e-05,203,949377
92219,5.8838,,,0.345172,1.47218e-05,203,3.11741e+07
92248,5.8854,,,0.328048,1.46559e-05,203,3.45566e+06
92277,5.8871,,,0.353543,1.45901e-05,203,2.3956e+06
92306,5.8887,,,0.347921,1.45245e-05,203,946465
92335,5.8903,,,0.33958,1.44591e-05,203,156363
92364,5.8920,,,0.319316,1.43937e-05,203,3.13946e+06
92393,5.8937,,,0.320791,1.43285e-05,203,1.76616e+06
92422,5.8953,,,0.320748,1.42635e-05,203,1.61241e+07
92451,5.8970,,,0.326844,1.41986e-05,203,389639
92480,5.8986,,,0.321712,1.41338e-05,203,716056
92509,5.9002,,,0.325624,1.40692e-05,203,1.49747e+06
92538,5.9018,,,0.334596,1.40047e-05,203,2.95195e+07
92567,5.9035,,,0.345042,1.39404e-05,203,1.03939e+06
92596,5.9051,,,0.322009,1.38762e-05,203,1.50631e+08
92615,5.9095,0.332956,0.337561,,,203,
92625,5.9105,,,0.343385,1.38121e-05,204,2.49524e+06
92654,5.9122,,,0.324009,1.37482e-05,204,49622.2
92683,5.9138,,,0.341184,1.36844e-05,204,3.03444e+07
92712,5.9154,,,0.313402,1.36208e-05,204,7.00152e+06
92741,5.9171,,,0.339378,1.35573e-05,204,201506
92770,5.9187,,,0.350646,1.3494e-05,204,160037
92799,5.9203,,,0.343011,1.34308e-05,204,4.61601e+07
92828,5.9219,,,0.358391,1.33678e-05,204,1.38037e+06
92857,5.9236,,,0.353271,1.33049e-05,204,1.10042e+06
92886,5.9252,,,0.336553,1.32421e-05,204,8.2518e+06
92915,5.9268,,,0.369385,1.31795e-05,204,6.50746e+06
92944,5.9284,,,0.354922,1.3117e-05,204,6.09252e+07
92973,5.9301,,,0.31686,1.30547e-05,204,2.31816e+08
93002,5.9317,,,0.347092,1.29925e-05,204,7.43875e+07
93031,5.9333,,,0.335028,1.29304e-05,204,2.56495e+07
93060,5.9349,,,0.366534,1.28685e-05,204,8.71825e+06
93069,5.9389,0.332354,0.339541,,,204,
93089,5.9403,,,0.338874,1.28068e-05,205,533490
93118,5.9420,,,0.318945,1.27451e-05,205,453901
93147,5.9436,,,0.349119,1.26837e-05,205,98941.4
93176,5.9452,,,0.336595,1.26223e-05,205,2.06732e+07
93205,5.9468,,,0.338644,1.25612e-05,205,339015
93234,5.9485,,,0.325877,1.25001e-05,205,98427.6
93263,5.9501,,,0.329675,1.24392e-05,205,4.32974e+06
93292,5.9517,,,0.319994,1.23785e-05,205,4.30161e+06
93321,5.9533,,,0.339913,1.23179e-05,205,880039
93350,5.9550,,,0.332073,1.22574e-05,205,5.97297e+06
93379,5.9566,,,0.34157,1.21971e-05,205,2.92326e+06
93408,5.9582,,,0.339133,1.21369e-05,205,1.72563e+08
93437,5.9599,,,0.349154,1.20769e-05,205,1.34001e+08
93466,5.9615,,,0.31342,1.2017e-05,205,2.148e+06
93495,5.9631,,,0.324074,1.19572e-05,205,3.14138e+06
93523,5.9680,0.332228,0.338524,,,205,
93524,5.9685,,,0.334922,1.18976e-05,206,2.47983e+07
93553,5.9701,,,0.330559,1.18382e-05,206,357206
93582,5.9717,,,0.33237,1.17789e-05,206,343099
93611,5.9734,,,0.340323,1.17197e-05,206,384525
93640,5.9750,,,0.355378,1.16607e-05,206,105325
93669,5.9766,,,0.336648,1.16018e-05,206,231385
93698,5.9782,,,0.346637,1.15431e-05,206,443728
93727,5.9799,,,0.351047,1.14845e-05,206,1.12705e+10
93756,5.9815,,,0.326349,1.1426e-05,206,8.83112e+07
93785,5.9831,,,0.339005,1.13677e-05,206,4.68195e+08
93814,5.9847,,,0.347165,1.13096e-05,206,652401
93843,5.9864,,,0.340631,1.12516e-05,206,1.99956e+06
93872,5.9880,,,0.347575,1.11937e-05,206,6.59237e+06
93901,5.9896,,,0.33285,1.1136e-05,206,4.85368e+06
93930,5.9913,,,0.352654,1.10784e-05,206,9.08697e+08
93959,5.9929,,,0.315745,1.1021e-05,206,2.64225e+09
93977,5.9973,0.332897,0.337982,,,206,
93988,5.9983,,,0.343613,1.09637e-05,207,1.30382e+09
94017,5.9999,,,0.341625,1.09066e-05,207,1.82046e+06
94046,6.0015,,,0.339865,1.08496e-05,207,2.59376e+06
94075,6.0031,,,0.343536,1.07927e-05,207,1.40119e+07
94104,6.0048,,,0.351109,1.0736e-05,207,782351
94133,6.0064,,,0.34244,1.06795e-05,207,1.12292e+07
94162,6.0080,,,0.318149,1.0623e-05,207,1.85792e+06
94191,6.0097,,,0.347982,1.05668e-05,207,1.79907e+06
94220,6.0113,,,0.353912,1.05106e-05,207,1.55367e+06
94249,6.0129,,,0.347997,1.04547e-05,207,2.4359e+06
94278,6.0146,,,0.323819,1.03988e-05,207,2.6401e+09
94307,6.0162,,,0.327432,1.03432e-05,207,2.96265e+06
94336,6.0178,,,0.36245,1.02876e-05,207,675945
94365,6.0195,,,0.335826,1.02322e-05,207,576682
94394,6.0211,,,0.326802,1.0177e-05,207,5.46361e+07
94423,6.0227,,,0.351745,1.01219e-05,207,4.6995e+07
94431,6.0266,0.33289,0.338575,,,207,
94452,6.0282,,,0.347864,1.00669e-05,208,6.64428e+06
94481,6.0298,,,0.35459,1.00121e-05,208,2.30465e+06
94510,6.0314,,,0.345328,9.95742e-06,208,2.22065e+07
94539,6.0330,,,0.331302,9.9029e-06,208,1.44851e+06
94568,6.0347,,,0.3354,9.84853e-06,208,5.15511e+06
94597,6.0363,,,0.345521,9.7943e-06,208,5.22839e+06
94626,6.0379,,,0.297871,9.74022e-06,208,926240
94655,6.0395,,,0.335814,9.68628e-06,208,4.40402e+06
94684,6.0412,,,0.329245,9.63249e-06,208,3.55242e+06
94713,6.0429,,,0.343421,9.57884e-06,208,2.15202e+06
94742,6.0445,,,0.351443,9.52534e-06,208,65108.4
94771,6.0461,,,0.342982,9.47199e-06,208,1.40042e+08
94800,6.0477,,,0.336116,9.41878e-06,208,1.91856e+06
94829,6.0494,,,0.322855,9.36572e-06,208,2.6734e+06
94858,6.0510,,,0.323998,9.31281e-06,208,5.28736e+09
94885,6.0559,0.333902,0.336785,,,208,
94887,6.0565,,,0.335098,9.26004e-06,209,2.36588e+06
94916,6.0581,,,0.357473,9.20742e-06,209,1.24139e+06
94945,6.0597,,,0.353768,9.15495e-06,209,7.69641e+06
94974,6.0613,,,0.333626,9.10262e-06,209,2.43986e+08
95003,6.0630,,,0.370911,9.05044e-06,209,8.69925e+07
95032,6.0646,,,0.314434,8.9984e-06,209,5.88047e+06
95061,6.0662,,,0.33494,8.94651e-06,209,2.11845e+07
95090,6.0678,,,0.336072,8.89477e-06,209,3.95749e+06
95119,6.0695,,,0.353088,8.84317e-06,209,1.18231e+06
95148,6.0711,,,0.347005,8.79173e-06,209,2.39572e+07
95177,6.0727,,,0.335271,8.74042e-06,209,5.69187e+06
95206,6.0743,,,0.323094,8.68927e-06,209,1.14687e+07
95235,6.0760,,,0.324339,8.63826e-06,209,740285
95264,6.0776,,,0.356646,8.5874e-06,209,149017
95293,6.0792,,,0.33366,8.53668e-06,209,7.75004e+06
95322,6.0808,,,0.346833,8.48611e-06,209,3.12817e+07
95339,6.0852,0.332747,0.336665,,,209,
95351,6.0862,,,0.328839,8.43569e-06,210,84473.6
95380,6.0878,,,0.328664,8.38542e-06,210,7.37698e+08
95409,6.0894,,,0.342673,8.33529e-06,210,2.34004e+06
95438,6.0911,,,0.328528,8.28531e-06,210,3.84114e+06
95467,6.0928,,,0.331465,8.23548e-06,210,142297
95496,6.0944,,,0.332724,8.1858e-06,210,2.1642e+06
95525,6.0960,,,0.309646,8.13626e-06,210,279565
95554,6.0976,,,0.361354,8.08687e-06,210,1.93822e+06
95583,6.0993,,,0.346507,8.03762e-06,210,316274
95612,6.1009,,,0.353063,7.98853e-06,210,1.89935e+08
95641,6.1025,,,0.346079,7.93958e-06,210,127650
95670,6.1041,,,0.324716,7.89078e-06,210,4.95967e+06
95699,6.1058,,,0.330571,7.84212e-06,210,1.60531e+07
95728,6.1074,,,0.335507,7.79361e-06,210,1.84542e+06
95757,6.1091,,,0.348774,7.74526e-06,210,2.56763e+07
95786,6.1107,,,0.344612,7.69704e-06,210,3.40449e+07
95793,6.1145,0.33223,0.336814,,,210,
95815,6.1161,,,0.35701,7.64898e-06,211,2.60887e+07
95844,6.1177,,,0.363613,7.60106e-06,211,377703
95873,6.1193,,,0.320429,7.55329e-06,211,3.52013e+06
95902,6.1210,,,0.334031,7.50567e-06,211,2.98205e+06
95931,6.1226,,,0.336743,7.4582e-06,211,1.08513e+07
95960,6.1242,,,0.333104,7.41087e-06,211,6.02815e+08
95989,6.1259,,,0.331325,7.3637e-06,211,155437
96018,6.1275,,,0.326534,7.31667e-06,211,51759.9
96047,6.1291,,,0.333187,7.26978e-06,211,61230.7
96076,6.1307,,,0.340383,7.22305e-06,211,1.11918e+06
96105,6.1323,,,0.333916,7.17646e-06,211,2.01011e+06
96134,6.1340,,,0.336885,7.13003e-06,211,8.20588e+06
96163,6.1356,,,0.33189,7.08373e-06,211,48467.5
96192,6.1372,,,0.32041,7.03759e-06,211,4.55974e+06
96221,6.1388,,,0.345189,6.9916e-06,211,1.95817e+06
96247,6.1436,0.332602,0.33852,,,211,
96250,6.1442,,,0.327995,6.94575e-06,212,20374.2
96279,6.1458,,,0.348104,6.90005e-06,212,6.92397e+06
96308,6.1474,,,0.335435,6.8545e-06,212,1.11416e+06
96337,6.1491,,,0.348223,6.8091e-06,212,2.73792e+08
96366,6.1507,,,0.326219,6.76385e-06,212,2.9006e+06
96395,6.1523,,,0.334826,6.71874e-06,212,4.69413e+07
96424,6.1540,,,0.341456,6.67379e-06,212,1.81761e+08
96453,6.1556,,,0.336224,6.62898e-06,212,3.43103e+06
96482,6.1572,,,0.355113,6.58432e-06,212,636641
96511,6.1588,,,0.340681,6.53981e-06,212,5.66872e+06
96540,6.1605,,,0.349928,6.49544e-06,212,634752
96569,6.1621,,,0.324632,6.45123e-06,212,1.25872e+06
96598,6.1637,,,0.347087,6.40716e-06,212,205549
96627,6.1653,,,0.350347,6.36325e-06,212,1.59267e+06
96656,6.1669,,,0.333604,6.31948e-06,212,5.28541e+08
96685,6.1686,,,0.335653,6.27586e-06,212,806687
96701,6.1728,0.332005,0.336591,,,212,
96714,6.1739,,,0.338424,6.23239e-06,213,7.58845e+06
96743,6.1756,,,0.346305,6.18906e-06,213,387241
96772,6.1772,,,0.330954,6.14589e-06,213,4.0947e+06
96801,6.1788,,,0.348521,6.10286e-06,213,396025
96830,6.1804,,,0.344424,6.05999e-06,213,4.75703e+06
96859,6.1821,,,0.331019,6.01726e-06,213,8.45612e+07
96888,6.1837,,,0.343261,5.97468e-06,213,1.97014e+07
96917,6.1853,,,0.352839,5.93225e-06,213,6.21333e+06
96946,6.1869,,,0.322451,5.88997e-06,213,1.36575e+06
96975,6.1886,,,0.326499,5.84784e-06,213,1.20535e+06
97004,6.1902,,,0.332676,5.80585e-06,213,440303
97033,6.1918,,,0.335978,5.76402e-06,213,3.79102e+06
97062,6.1934,,,0.355048,5.72234e-06,213,2.13121e+06
97091,6.1951,,,0.354113,5.6808e-06,213,88926.2
97120,6.1967,,,0.319572,5.63941e-06,213,5.23002e+07
97149,6.1983,,,0.335708,5.59818e-06,213,3.79731e+07
97155,6.2020,0.332225,0.336578,,,213,
97178,6.2037,,,0.34368,5.55709e-06,214,5.72006e+06
97207,6.2053,,,0.354413,5.51615e-06,214,1.07274e+06
97236,6.2069,,,0.340718,5.47536e-06,214,68151.1
97265,6.2086,,,0.348697,5.43472e-06,214,1.08137e+06
97294,6.2102,,,0.345861,5.39423e-06,214,2.99285e+07
97323,6.2118,,,0.334383,5.35388e-06,214,8.35665e+06
97352,6.2134,,,0.326064,5.31369e-06,214,335959
97381,6.2151,,,0.348512,5.27365e-06,214,1.52497e+06
97410,6.2167,,,0.35681,5.23375e-06,214,251598
97439,6.2183,,,0.333009,5.19401e-06,214,549216
97468,6.2199,,,0.34441,5.15441e-06,214,7.84499e+08
97497,6.2215,,,0.362062,5.11497e-06,214,494203
97526,6.2232,,,0.342449,5.07567e-06,214,3.66749e+06
97555,6.2249,,,0.343254,5.03653e-06,214,1.85979e+06
97584,6.2265,,,0.33987,4.99753e-06,214,1.76444e+10
97609,6.2312,0.332458,0.33816,,,214,
97613,6.2319,,,0.326373,4.95868e-06,215,707133
97642,6.2335,,,0.338889,4.91999e-06,215,1.01135e+08
97671,6.2351,,,0.338777,4.88144e-06,215,732329
97700,6.2368,,,0.329849,4.84304e-06,215,2.69454e+06
97729,6.2384,,,0.332779,4.80479e-06,215,589855
97758,6.2400,,,0.324793,4.7667e-06,215,9.48897e+07
97787,6.2416,,,0.331582,4.72875e-06,215,4.84905e+06
97816,6.2433,,,0.340614,4.69095e-06,215,8.77488e+06
97845,6.2449,,,0.330105,4.6533e-06,215,4.25227e+07
97874,6.2466,,,0.323678,4.6158e-06,215,1.72089e+06
97903,6.2482,,,0.340239,4.57845e-06,215,264869
97932,6.2498,,,0.341563,4.54125e-06,215,9.10359e+07
97961,6.2514,,,0.343755,4.5042e-06,215,1.29148e+07
97990,6.2530,,,0.32414,4.46731e-06,215,680830
98019,6.2547,,,0.334534,4.43056e-06,215,104034
98048,6.2563,,,0.342494,4.39396e-06,215,5.3238e+06
98063,6.2606,0.331796,0.336337,,,215,
98077,6.2617,,,0.32429,4.35751e-06,216,82472.2
98106,6.2633,,,0.329267,4.32121e-06,216,797658
98135,6.2650,,,0.337173,4.28506e-06,216,1.79655e+06
98164,6.2666,,,0.342942,4.24906e-06,216,4.78989e+06
98193,6.2683,,,0.350941,4.21322e-06,216,4.01371e+06
98222,6.2699,,,0.329452,4.17752e-06,216,4.14806e+07
98251,6.2715,,,0.329391,4.14197e-06,216,2.68432e+08
98280,6.2731,,,0.333989,4.10658e-06,216,883093
98309,6.2747,,,0.340497,4.07133e-06,216,1.64631e+08
98338,6.2764,,,0.348443,4.03623e-06,216,81795.6
98367,6.2780,,,0.329491,4.00129e-06,216,3.48322e+08
98396,6.2796,,,0.342274,3.96649e-06,216,77561
98425,6.2813,,,0.346007,3.93185e-06,216,755087
98454,6.2829,,,0.324775,3.89735e-06,216,9.45512e+06
98483,6.2845,,,0.362542,3.86301e-06,216,1.13534e+06
98512,6.2861,,,0.343206,3.82881e-06,216,1.53143e+08
98517,6.2898,0.331816,0.33621,,,216,
98541,6.2915,,,0.325689,3.79477e-06,217,295532
98570,6.2931,,,0.33495,3.76088e-06,217,2.20267e+06
98599,6.2947,,,0.344635,3.72714e-06,217,2.3447e+06
98628,6.2964,,,0.362023,3.69354e-06,217,1.97306e+06
98657,6.2980,,,0.325338,3.6601e-06,217,914016
98686,6.2996,,,0.332515,3.62681e-06,217,1.67993e+07
98715,6.3012,,,0.337098,3.59367e-06,217,1.6208e+06
98744,6.3028,,,0.331108,3.56069e-06,217,1.39826e+06
98773,6.3045,,,0.347117,3.52785e-06,217,442852
98802,6.3061,,,0.334875,3.49516e-06,217,331002
98831,6.3078,,,0.331546,3.46262e-06,217,158238
98860,6.3094,,,0.340594,3.43024e-06,217,1.9201e+06
98889,6.3111,,,0.330946,3.398e-06,217,9.48208e+09
98918,6.3127,,,0.305249,3.36592e-06,217,2.10282e+07
98947,6.3143,,,0.36064,3.33399e-06,217,1.51318e+06
98971,6.3190,0.331738,0.336513,,,217,
98976,6.3197,,,0.344692,3.30221e-06,218,2.04048e+09
99005,6.3214,,,0.342435,3.27058e-06,218,3.68355e+06
99034,6.3230,,,0.3302,3.2391e-06,218,4.60949e+07
99063,6.3246,,,0.327341,3.20777e-06,218,809465
99092,6.3262,,,0.34361,3.17659e-06,218,1.65244e+07
99121,6.3278,,,0.332673,3.14556e-06,218,2.16982e+07
99150,6.3295,,,0.340678,3.11469e-06,218,1.56061e+06
99179,6.3311,,,0.330079,3.08396e-06,218,752936
99208,6.3327,,,0.339413,3.05339e-06,218,1.04493e+07
99237,6.3343,,,0.325452,3.02297e-06,218,1.79486e+06
99266,6.3360,,,0.326701,2.99269e-06,218,147733
99295,6.3376,,,0.352609,2.96257e-06,218,3.47653e+06
99324,6.3392,,,0.350098,2.93261e-06,218,632646
99353,6.3408,,,0.323362,2.90279e-06,218,1.99001e+06
99382,6.3425,,,0.314929,2.87312e-06,218,7.08468e+06
99411,6.3441,,,0.33506,2.84361e-06,218,293831
99425,6.3483,0.331745,0.336089,,,218,
99440,6.3495,,,0.319533,2.81424e-06,219,2.41374e+06
99469,6.3511,,,0.359825,2.78503e-06,219,2.7729e+08
99498,6.3527,,,0.327348,2.75597e-06,219,1.78192e+06
99527,6.3544,,,0.32562,2.72706e-06,219,3.66392e+07
99556,6.3560,,,0.347423,2.6983e-06,219,37411.6
99585,6.3576,,,0.327532,2.66969e-06,219,5.12105e+06
99614,6.3593,,,0.315643,2.64124e-06,219,5.4078e+07
99643,6.3609,,,0.353228,2.61293e-06,219,91809.1
99672,6.3625,,,0.328504,2.58478e-06,219,1.96362e+06
99701,6.3642,,,0.330993,2.55678e-06,219,257973
99730,6.3658,,,0.342603,2.52893e-06,219,482944
99759,6.3674,,,0.338923,2.50123e-06,219,2.34589e+07
99788,6.3690,,,0.334514,2.47369e-06,219,574651
99817,6.3707,,,0.329241,2.44629e-06,219,2.73919e+06
99846,6.3723,,,0.362456,2.41905e-06,219,5.73948e+07
99875,6.3739,,,0.34276,2.39196e-06,219,6.75955e+06
99879,6.3776,0.332424,0.336511,,,219,
99904,6.3793,,,0.352597,2.36502e-06,220,9.22052e+06
99933,6.3809,,,0.344705,2.33823e-06,220,301662
99962,6.3826,,,0.346524,2.31159e-06,220,4.95675e+07
99991,6.3842,,,0.330639,2.28511e-06,220,1.20028e+06
100020,6.3859,,,0.355591,2.25877e-06,220,445110
100049,6.3875,,,0.338315,2.23259e-06,220,1.6771e+07
100078,6.3892,,,0.33644,2.20656e-06,220,2.75421e+07
100107,6.3908,,,0.333507,2.18068e-06,220,618397
100136,6.3924,,,0.318756,2.15496e-06,220,3.0159e+07
100165,6.3941,,,0.330932,2.12938e-06,220,442700
100194,6.3957,,,0.344601,2.10396e-06,220,4.42799e+07
100223,6.3974,,,0.331673,2.07869e-06,220,1.6124e+06
100252,6.3990,,,0.336482,2.05357e-06,220,2.87952e+06
100281,6.4007,,,0.340658,2.0286e-06,220,1.04526e+07
100310,6.4023,,,0.338187,2.00379e-06,220,3.90246e+06
100333,6.4070,0.331748,0.336143,,,220,
100339,6.4077,,,0.330939,1.97913e-06,221,1.42284e+06
100368,6.4094,,,0.348107,1.95462e-06,221,3.00232e+08
100397,6.4111,,,0.344824,1.93026e-06,221,469168
100426,6.4127,,,0.337232,1.90605e-06,221,882103
100455,6.4144,,,0.320912,1.882e-06,221,1.14333e+06
100484,6.4160,,,0.333487,1.85809e-06,221,8.21076e+06
100513,6.4177,,,0.350641,1.83434e-06,221,6.08896e+07
100542,6.4193,,,0.350702,1.81074e-06,221,376131
100571,6.4210,,,0.33259,1.7873e-06,221,404038
100600,6.4226,,,0.330024,1.764e-06,221,173397
100629,6.4242,,,0.332186,1.74086e-06,221,7.32012e+06
100658,6.4259,,,0.33786,1.71787e-06,221,1.42817e+07
100687,6.4275,,,0.340641,1.69503e-06,221,555272
100716,6.4292,,,0.324068,1.67234e-06,221,2.3731e+06
100745,6.4308,,,0.33314,1.64981e-06,221,9.3215e+06
100774,6.4324,,,0.348248,1.62743e-06,221,54724
100787,6.4366,0.331767,0.336321,,,221,
100803,6.4379,,,0.344061,1.6052e-06,222,879505
100832,6.4395,,,0.335452,1.58312e-06,222,6.26858e+06
100861,6.4412,,,0.325294,1.5612e-06,222,1.61201e+06
100890,6.4429,,,0.346191,1.53943e-06,222,2.48032e+07
100919,6.4445,,,0.328808,1.51781e-06,222,2.07253e+06
100948,6.4462,,,0.343455,1.49634e-06,222,1.07476e+07
100977,6.4479,,,0.32722,1.47502e-06,222,3.15137e+08
101006,6.4495,,,0.340802,1.45386e-06,222,1.6136e+07
101035,6.4513,,,0.348639,1.43285e-06,222,316393
101064,6.4529,,,0.352264,1.41199e-06,222,9.30239e+06
101093,6.4545,,,0.316132,1.39128e-06,222,6.21792e+06
101122,6.4562,,,0.359607,1.37073e-06,222,306326
101151,6.4578,,,0.350495,1.35033e-06,222,1.82864e+07
101180,6.4595,,,0.335851,1.33008e-06,222,3.2429e+07
101209,6.4611,,,0.348697,1.30998e-06,222,87879.5
101238,6.4627,,,0.342673,1.29004e-06,222,7.26372e+08
101241,6.4664,0.331691,0.33602,,,222,
101267,6.4683,,,0.345169,1.27025e-06,223,2.12604e+07
101296,6.4699,,,0.338758,1.25061e-06,223,9.48846e+07
101325,6.4716,,,0.32338,1.23112e-06,223,1.81333e+06
101354,6.4732,,,0.327858,1.21179e-06,223,6.56038e+06
101383,6.4748,,,0.338252,1.19261e-06,223,1.82789e+07
101412,6.4765,,,0.321064,1.17358e-06,223,53327.8
101441,6.4781,,,0.342997,1.1547e-06,223,1.50004e+08
101470,6.4798,,,0.319186,1.13598e-06,223,246264
101499,6.4814,,,0.339079,1.11741e-06,223,7.54353e+07
101528,6.4831,,,0.334298,1.09899e-06,223,1.72163e+06
101557,6.4847,,,0.331279,1.08073e-06,223,2.38823e+06
101586,6.4864,,,0.360484,1.06261e-06,223,3.69225e+06
101615,6.4880,,,0.348567,1.04465e-06,223,201422
101644,6.4897,,,0.345619,1.02685e-06,223,4.54525e+08
101673,6.4913,,,0.338632,1.00919e-06,223,8.63442e+06
101695,6.4960,0.332827,0.336727,,,223,
101702,6.4968,,,0.335246,9.91688e-07,224,1.04318e+07
101731,6.4984,,,0.319542,9.74339e-07,224,1.60259e+07
101760,6.5000,,,0.330645,9.57142e-07,224,602109
101789,6.5017,,,0.361876,9.40098e-07,224,318884
101818,6.5033,,,0.365124,9.23207e-07,224,1.48364e+06
101847,6.5050,,,0.335299,9.06468e-07,224,1.72223e+06
101876,6.5066,,,0.330708,8.89883e-07,224,6.58952e+07
101905,6.5083,,,0.324955,8.7345e-07,224,60592.4
101934,6.5099,,,0.354381,8.5717e-07,224,565648
101963,6.5116,,,0.324102,8.41043e-07,224,5.18877e+06
101992,6.5133,,,0.332775,8.25068e-07,224,340392
102021,6.5149,,,0.325095,8.09247e-07,224,315054
102050,6.5166,,,0.338121,7.93578e-07,224,1.2981e+08
102079,6.5182,,,0.327924,7.78062e-07,224,89922.9
102108,6.5199,,,0.303019,7.62699e-07,224,1.65597e+07
102137,6.5215,,,0.349878,7.47489e-07,224,2.3565e+06
102149,6.5256,0.331713,0.336279,,,224,
102166,6.5270,,,0.341517,7.32432e-07,225,1.87922e+06
102195,6.5287,,,0.3432,7.17528e-07,225,1.92197e+07
102224,6.5304,,,0.334007,7.02777e-07,225,5.06481e+08
102253,6.5320,,,0.329535,6.88179e-07,225,373883
102282,6.5337,,,0.348885,6.73733e-07,225,2.73695e+06
102311,6.5353,,,0.341501,6.59441e-07,225,853679
102340,6.5370,,,0.325429,6.45301e-07,225,508137
102369,6.5386,,,0.318072,6.31315e-07,225,1.20987e+07
102398,6.5403,,,0.335932,6.17482e-07,225,3.07736e+08
102427,6.5419,,,0.339486,6.03801e-07,225,1.68733e+06
102456,6.5436,,,0.344249,5.90274e-07,225,455952
102485,6.5452,,,0.339541,5.76899e-07,225,7.5635e+06
102514,6.5469,,,0.340384,5.63678e-07,225,761065
102543,6.5485,,,0.318513,5.5061e-07,225,983388
102572,6.5502,,,0.33594,5.37695e-07,225,72318.9
102601,6.5518,,,0.33428,5.24933e-07,225,1.47201e+06
102603,6.5553,0.331721,0.336027,,,225,
102630,6.5572,,,0.338303,5.12323e-07,226,3.80074e+06
102659,6.5589,,,0.339369,4.99867e-07,226,1.46934e+06
102688,6.5605,,,0.335301,4.87565e-07,226,1.69629e+06
102717,6.5622,,,0.341493,4.75415e-07,226,934055
102746,6.5638,,,0.319315,4.63418e-07,226,4.87709e+08
102775,6.5655,,,0.327889,4.51575e-07,226,738411
102804,6.5671,,,0.331005,4.39884e-07,226,4.25198e+06
102833,6.5687,,,0.341053,4.28347e-07,226,1.98487e+06
102862,6.5704,,,0.316895,4.16963e-07,226,1.34298e+06
102891,6.5720,,,0.328693,4.05732e-07,226,906543
102920,6.5737,,,0.340913,3.94654e-07,226,6.27116e+06
102949,6.5753,,,0.349769,3.8373e-07,226,654371
102978,6.5770,,,0.339906,3.72958e-07,226,3.00838e+06
103007,6.5786,,,0.32981,3.6234e-07,226,107596
103036,6.5803,,,0.319331,3.51875e-07,226,1.22474e+08
103057,6.5848,0.331688,0.335952,,,226,
103065,6.5857,,,0.330259,3.41563e-07,227,369173
103094,6.5873,,,0.339792,3.31405e-07,227,4.74094e+06
103123,6.5889,,,0.336138,3.214e-07,227,644242
103152,6.5906,,,0.334907,3.11547e-07,227,39511
103181,6.5922,,,0.337537,3.01849e-07,227,1.73096e+07
103210,6.5939,,,0.349802,2.92303e-07,227,503228
103239,6.5956,,,0.32532,2.82911e-07,227,9.86935e+06
103268,6.5972,,,0.362824,2.73672e-07,227,1.29731e+07
103297,6.5989,,,0.376723,2.64586e-07,227,1.89561e+06
103326,6.6005,,,0.337066,2.55653e-07,227,3.85581e+07
103355,6.6022,,,0.342713,2.46874e-07,227,321052
103384,6.6038,,,0.342919,2.38248e-07,227,2.02674e+07
103413,6.6055,,,0.324499,2.29776e-07,227,3.01073e+07
103442,6.6071,,,0.348139,2.21456e-07,227,4.49813e+07
103471,6.6088,,,0.330328,2.1329e-07,227,45361
103500,6.6104,,,0.329744,2.05277e-07,227,13120.6
103511,6.6145,0.331705,0.335912,,,227,
103529,6.6158,,,0.325773,1.97418e-07,228,4.93741e+06
103558,6.6175,,,0.315543,1.89712e-07,228,3.41959e+06
103587,6.6191,,,0.326198,1.82159e-07,228,241424
103616,6.6208,,,0.340686,1.7476e-07,228,1.1136e+07
103645,6.6224,,,0.324241,1.67514e-07,228,3.85905e+06
103674,6.6241,,,0.348007,1.60421e-07,228,2.31264e+06
103703,6.6257,,,0.358321,1.53482e-07,228,672090
103732,6.6274,,,0.326853,1.46696e-07,228,264240
103761,6.6290,,,0.353847,1.40064e-07,228,2.30771e+06
103790,6.6306,,,0.326123,1.33584e-07,228,759509
103819,6.6323,,,0.367564,1.27259e-07,228,1.2122e+07
103848,6.6339,,,0.34959,1.21086e-07,228,115771
103877,6.6356,,,0.334649,1.15067e-07,228,482354
103906,6.6372,,,0.349597,1.09201e-07,228,7.4642e+07
103935,6.6389,,,0.327007,1.03489e-07,228,3.05149e+06
103964,6.6405,,,0.335316,9.79303e-08,228,1.40756e+06
103965,6.6440,0.331683,0.3362,,,228,
103993,6.6459,,,0.357544,9.25249e-08,229,53402.7
104022,6.6477,,,0.348671,8.72729e-08,229,553042
104051,6.6493,,,0.31627,8.21743e-08,229,192487
104080,6.6510,,,0.334406,7.72291e-08,229,52393.7
104109,6.6526,,,0.331962,7.24373e-08,229,1.03397e+08
104138,6.6542,,,0.363832,6.7799e-08,229,3.40664e+06
104167,6.6559,,,0.331166,6.33141e-08,229,27893.7
104196,6.6576,,,0.330927,5.89826e-08,229,110633
104225,6.6592,,,0.333182,5.48046e-08,229,4.03155e+07
104254,6.6609,,,0.342753,5.078e-08,229,547004
104283,6.6625,,,0.343742,4.69088e-08,229,98620.7
104312,6.6642,,,0.320588,4.31911e-08,229,185324
104341,6.6658,,,0.310583,3.96269e-08,229,2.3787e+06
104370,6.6674,,,0.328344,3.6216e-08,229,1.31526e+06
104399,6.6691,,,0.328393,3.29587e-08,229,858065
104419,6.6736,0.331672,0.336077,,,229,
104428,6.6746,,,0.322681,2.98548e-08,230,4.14708e+06
104457,6.6762,,,0.336712,2.69044e-08,230,1.47824e+07
104486,6.6778,,,0.355771,2.41074e-08,230,382098
104515,6.6795,,,0.337109,2.14639e-08,230,908670
104544,6.6811,,,0.33141,1.89739e-08,230,972184
104573,6.6828,,,0.333201,1.66373e-08,230,1.03806e+08
104602,6.6844,,,0.352688,1.44542e-08,230,107263
104631,6.6860,,,0.324864,1.24246e-08,230,616322
104660,6.6877,,,0.336541,1.05484e-08,230,6.6197e+06
104689,6.6893,,,0.349481,8.82573e-09,230,1.06356e+06
104718,6.6909,,,0.356802,7.25652e-09,230,2.40392e+07
104747,6.6926,,,0.329538,5.8408e-09,230,3.67854e+06
104776,6.6942,,,0.351736,4.57854e-09,230,3.62287e+07
104805,6.6959,,,0.342362,3.46977e-09,230,330370
104834,6.6975,,,0.350527,2.51448e-09,230,3.86526e+06
104863,6.6991,,,0.351512,1.71267e-09,230,2.8499e+06
104873,6.7031,0.331677,0.33595,,,230,
104892,6.7046,,,0.325588,1.06434e-09,231,661769
104921,6.7062,,,0.338552,5.69491e-10,231,857408
104950,6.7079,,,0.327912,2.28125e-10,231,9.59214e+06
104979,6.7095,,,0.337129,4.02413e-11,231,743422
104999,6.7108,,0.336358,,,231,
