step,hours,val_loss,train_loss_epoch,train_loss_step,lr-AdamW,epoch,gradient_2norm
28,0.0006,,,1.28247,1.12e-05,0,1.0278
57,0.0190,,,1.0772,2.28e-05,0,0.66354
86,0.0374,,,0.897754,3.44e-05,0,0.537556
115,0.0557,,,0.796069,4.6e-05,0,0.580785
144,0.0740,,,0.836667,5.76e-05,0,0.53569
173,0.0923,,,0.622979,6.92e-05,0,0.991966
202,0.1106,,,0.545662,8.08e-05,0,0.712326
231,0.1290,,,0.471133,9.24e-05,0,0.748463
260,0.1473,,,0.440804,0.000104,0,1.6244
289,0.1656,,,0.4489,0.0001156,0,0.753907
318,0.1839,,,0.457561,0.0001272,0,0.686455
347,0.2022,,,0.382801,0.0001388,0,0.61896
376,0.2206,,,0.424433,0.0001504,0,0.69503
405,0.2389,,,0.520348,0.000162,0,0.52083
434,0.2573,,,0.326101,0.0001736,0,0.506234
463,0.2756,,,0.382291,0.0001852,0,0.806098
492,0.2939,,,0.387465,0.0001968,0,0.463175
521,0.3123,,,0.37883,0.0002084,0,0.519865
550,0.3306,,,0.346688,0.00022,0,0.519506
579,0.3490,,,0.338805,0.0002316,0,0.534128
608,0.3673,,,0.393912,0.0002432,0,0.49194
637,0.3856,,,0.365209,0.0002548,0,0.497471
666,0.4040,,,0.402641,0.0002664,0,0.442981
695,0.4223,,,0.30221,0.000278,0,0.504476
724,0.4406,,,0.374149,0.0002896,0,0.514069
753,0.4589,,,0.352556,0.0003012,0,0.508335
782,0.4772,,,0.35308,0.0003128,0,0.347657
811,0.4956,,,0.367433,0.0003244,0,0.6633
840,0.5139,,,0.324971,0.000336,0,0.435318
869,0.5323,,,0.342297,0.0003476,0,0.391885
898,0.5506,,,0.396375,0.0003592,0,0.56293
927,0.5690,,,0.297595,0.0003708,0,0.389787
956,0.5874,,,0.363432,0.0003824,0,0.435935
985,0.6058,,,0.373426,0.000394,0,0.545871
1014,0.6241,,,0.346608,0.0004,0,0.334408
1043,0.6425,,,0.403158,0.0004,0,0.458516
1072,0.6609,,,0.322949,0.0004,0,0.337535
1101,0.6793,,,0.417575,0.0004,0,0.425882
1130,0.6977,,,0.32171,0.0004,0,0.307519
1159,0.7161,,,0.324303,0.0004,0,0.303104
1188,0.7345,,,0.334632,0.0004,0,0.29667
1217,0.7528,,,0.33716,0.0004,0,0.269233
1246,0.7712,,,0.34038,0.0004,0,0.480801
1275,0.7896,,,0.406513,0.0004,0,0.319827
1304,0.8079,,,0.31906,0.0004,0,0.301741
1333,0.8263,,,0.303195,0.0004,0,0.281389
1362,0.8447,,,0.35524,0.0004,0,0.364743
1391,0.8630,,,0.367468,0.0004,0,0.241148
1420,0.8813,,,0.332677,0.0004,0,0.309876
1449,0.8997,,,0.324179,0.0004,0,0.296234
1478,0.9180,,,0.32541,0.0004,0,0.289414
1507,0.9364,,,0.342995,0.0004,0,0.231424
1536,0.9547,,,0.326602,0.0004,0,0.277007
1565,0.9731,,,0.327244,0.0004,0,0.3181
1594,0.9915,,,0.318629,0.0004,0,0.327313
1623,1.0098,,,0.333659,0.0004,0,0.313863
1652,1.0282,,,0.315416,0.0004,0,0.38075
1681,1.0466,,,0.334402,0.0004,0,0.265845
1710,1.0650,,,0.323548,0.0004,0,0.354083
1739,1.0833,,,0.372653,0.0004,0,0.388006
1768,1.1017,,,0.358466,0.0004,0,0.238316
1797,1.1201,,,0.331163,0.0004,0,0.274299
1826,1.1385,,,0.332916,0.0004,0,0.317425
1855,1.1569,,,0.34702,0.0004,0,0.236627
1884,1.1752,,,0.320029,0.0004,0,0.260925
1913,1.1936,,,0.348252,0.0004,0,0.262576
1942,1.2120,,,0.450582,0.0004,0,0.282425
1971,1.2304,,,0.294916,0.0004,0,0.182368
2000,1.2488,,,0.297769,0.0004,0,0.265833
2029,1.2672,,,0.391785,0.0004,0,0.318322
2058,1.2856,,,0.349756,0.0004,0,0.239741
2087,1.3040,,,0.327401,0.0004,0,0.255079
2116,1.3224,,,0.332899,0.0004,0,0.242944
2145,1.3407,,,0.341826,0.000399999,0,0.240344
2174,1.3591,,,0.330135,0.000399999,0,0.346068
2203,1.3775,,,0.307976,0.000399999,0,0.217392
2232,1.3959,,,0.333341,0.000399999,0,0.193015
2261,1.4142,,,0.308723,0.000399999,0,0.216195
2290,1.4326,,,0.369138,0.000399999,0,0.35513
2319,1.4510,,,0.33001,0.000399999,0,0.287048
2348,1.4694,,,0.376342,0.000399999,0,0.270188
2377,1.4877,,,0.406402,0.000399999,0,0.270546
2406,1.5061,,,0.321708,0.000399999,0,0.335865
2435,1.5245,,,0.3706,0.000399999,0,0.425121
2464,1.5430,,,0.326106,0.000399999,0,0.251297
2493,1.5613,,,0.341331,0.000399999,0,0.296129
2522,1.5797,,,0.353798,0.000399999,0,0.2444
2551,1.5981,,,0.342356,0.000399999,0,0.199057
2580,1.6165,,,0.354244,0.000399999,0,0.354102
2609,1.6349,,,0.303767,0.000399999,0,0.278375
2638,1.6533,,,0.274069,0.000399999,0,0.260603
2667,1.6717,,,0.338803,0.000399999,0,0.326306
2696,1.6900,,,0.300257,0.000399999,0,0.18593
2725,1.7084,,,0.344469,0.000399999,0,0.234716
2754,1.7268,,,0.334733,0.000399999,0,0.209003
2783,1.7452,,,0.297983,0.000399999,0,0.212541
2812,1.7636,,,0.333821,0.000399999,0,0.29847
2841,1.7819,,,0.357131,0.000399999,0,0.236838
2870,1.8004,,,0.320793,0.000399999,0,0.320604
2899,1.8187,,,0.312979,0.000399999,0,0.240227
2928,1.8371,,,0.300729,0.000399999,0,0.211212
2957,1.8554,,,0.316318,0.000399999,0,0.278641
2986,1.8738,,,0.37814,0.000399998,0,0.227088
3015,1.8922,,,0.339644,0.000399998,0,0.237136
3044,1.9106,,,0.34164,0.000399998,0,0.245647
3073,1.9290,,,0.342952,0.000399998,0,0.279864
3102,1.9474,,,0.31292,0.000399998,0,0.264557
3131,1.9657,,,0.325776,0.000399998,0,0.292765
3160,1.9841,,,0.286277,0.000399998,0,0.216451
3189,2.0025,,,0.382239,0.000399998,0,0.327984
3218,2.0208,,,0.377888,0.000399998,0,0.253288
3247,2.0392,,,0.343065,0.000399998,0,0.238566
3276,2.0576,,,0.408603,0.000399998,0,0.305013
3305,2.0760,,,0.322601,0.000399998,0,0.288352
3334,2.0944,,,0.350533,0.000399998,0,0.208193
3363,2.1127,,,0.368468,0.000399998,0,0.234306
3392,2.1311,,,0.308965,0.000399998,0,0.214603
3421,2.1495,,,0.37414,0.000399998,0,0.23947
3450,2.1679,,,0.373437,0.000399998,0,0.735887
3479,2.1863,,,0.312884,0.000399998,0,0.349771
3508,2.2046,,,0.445725,0.000399998,0,0.373586
3537,2.2230,,,0.332495,0.000399998,0,0.225444
3566,2.2413,,,0.360342,0.000399997,0,0.290703
3595,2.2597,,,0.315567,0.000399997,0,0.223382
3624,2.2781,,,0.313789,0.000399997,0,0.293555
3630,2.8423,0.325637,0.383165,,,0,
3653,2.8592,,,0.362885,0.000399997,1,0.258116
3682,2.8775,,,0.268535,0.000399997,1,0.214122
3711,2.8959,,,0.346927,0.000399997,1,0.290623
3740,2.9143,,,0.325297,0.000399997,1,0.235038
3769,2.9328,,,0.341347,0.000399997,1,0.249673
3798,2.9512,,,0.282434,0.000399997,1,0.212991
3827,2.9696,,,0.332039,0.000399997,1,0.311509
3856,2.9879,,,0.301448,0.000399997,1,0.22168
3885,3.0063,,,0.343449,0.000399997,1,0.418923
3914,3.0247,,,0.420752,0.000399997,1,0.298956
3943,3.0431,,,0.313853,0.000399997,1,0.242894
3972,3.0615,,,0.33736,0.000399997,1,0.197564
4001,3.0799,,,0.375605,0.000399997,1,0.269781
4030,3.0983,,,0.329435,0.000399996,1,0.331397
4059,3.1167,,,0.32338,0.000399996,1,0.200129
4088,3.1351,,,0.272887,0.000399996,1,0.211022
4117,3.1535,,,0.356203,0.000399996,1,0.26487
4146,3.1719,,,0.315872,0.000399996,1,0.300617
4175,3.1902,,,0.338688,0.000399996,1,0.347056
4204,3.2086,,,0.333785,0.000399996,1,0.254989
4233,3.2270,,,0.373229,0.000399996,1,0.263442
4262,3.2454,,,0.352513,0.000399996,1,0.244221
4291,3.2637,,,0.3056,0.000399996,1,0.211558
4320,3.2821,,,0.38365,0.000399996,1,0.394548
4349,3.3005,,,0.348326,0.000399996,1,0.256808
4378,3.3189,,,0.301661,0.000399996,1,0.301385
4407,3.3373,,,0.311364,0.000399996,1,0.285867
4436,3.3557,,,0.324418,0.000399995,1,0.231175
4465,3.3741,,,0.25253,0.000399995,1,0.224591
4494,3.3925,,,0.278234,0.000399995,1,0.17774
4523,3.4108,,,0.318457,0.000399995,1,0.198042
4552,3.4292,,,0.363646,0.000399995,1,0.262561
4581,3.4476,,,0.325088,0.000399995,1,0.205001
4610,3.4660,,,0.372468,0.000399995,1,0.33935
4639,3.4844,,,0.376016,0.000399995,1,0.282134
4668,3.5027,,,0.344318,0.000399995,1,0.323579
4697,3.5211,,,0.269016,0.000399995,1,0.227664
4726,3.5395,,,0.290868,0.000399995,1,0.16505
4755,3.5579,,,0.314203,0.000399995,1,0.195868
4784,3.5763,,,0.277178,0.000399994,1,0.281504
4813,3.5947,,,0.367996,0.000399994,1,0.32203
4842,3.6131,,,0.280533,0.000399994,1,0.352981
4871,3.6315,,,0.292911,0.000399994,1,0.194582
4900,3.6498,,,0.306308,0.000399994,1,0.191698
4929,3.6683,,,0.330604,0.000399994,1,1.30985
4958,3.6868,,,0.33515,0.000399994,1,0.289927
4987,3.7052,,,0.312381,0.000399994,1,0.233889
5016,3.7236,,,0.385488,0.000399994,1,0.234713
5045,3.7420,,,0.372402,0.000399994,1,0.359612
5074,3.7603,,,0.373389,0.000399994,1,0.249747
5103,3.7787,,,0.368187,0.000399993,1,0.365329
5132,3.7971,,,0.332288,0.000399993,1,0.38133
5161,3.8155,,,0.374572,0.000399993,1,0.262489
5190,3.8339,,,0.32636,0.000399993,1,0.276543
5219,3.8523,,,0.395274,0.000399993,1,0.314956
5248,3.8707,,,0.336214,0.000399993,1,1.44142
5277,3.8890,,,0.281842,0.000399993,1,0.268875
5306,3.9074,,,0.314228,0.000399993,1,0.234452
5335,3.9258,,,0.340634,0.000399993,1,0.385916
5364,3.9442,,,0.294718,0.000399993,1,0.233126
5393,3.9626,,,0.349171,0.000399993,1,0.311252
5422,3.9810,,,0.320169,0.000399992,1,0.299708
5451,3.9994,,,0.34524,0.000399992,1,0.257314
5480,4.0178,,,0.330017,0.000399992,1,0.277157
5509,4.0362,,,0.319369,0.000399992,1,0.243403
5538,4.0546,,,0.313025,0.000399992,1,0.317882
5567,4.0730,,,0.324755,0.000399992,1,0.231196
5596,4.0913,,,0.305941,0.000399992,1,0.262774
5625,4.1098,,,0.280462,0.000399992,1,0.295672
5654,4.1282,,,0.329571,0.000399992,1,0.293802
5683,4.1465,,,0.375689,0.000399992,1,0.355014
5712,4.1650,,,0.432465,0.000399991,1,0.322035
5741,4.1833,,,0.340983,0.000399991,1,0.256291
5770,4.2017,,,0.356318,0.000399991,1,0.346482
5799,4.2201,,,0.326397,0.000399991,1,0.208207
5828,4.2385,,,0.380659,0.000399991,1,0.242232
5857,4.2569,,,0.367698,0.000399991,1,0.443389
5886,4.2753,,,0.335508,0.000399991,1,0.272336
5915,4.2937,,,0.346286,0.000399991,1,0.289434
5944,4.3121,,,0.287858,0.000399991,1,0.159244
5973,4.3304,,,0.33602,0.00039999,1,0.240402
6002,4.3488,,,0.319326,0.00039999,1,0.242205
6031,4.3672,,,0.321592,0.00039999,1,0.242604
6060,4.3856,,,0.391225,0.00039999,1,0.333184
6089,4.4040,,,0.265493,0.00039999,1,0.211413
6118,4.4224,,,0.277848,0.00039999,1,1.43498
6147,4.4408,,,0.341691,0.00039999,1,0.215258
6176,4.4592,,,0.394841,0.00039999,1,0.282334
6205,4.4776,,,0.316108,0.00039999,1,0.172177
6234,4.4960,,,0.296719,0.000399989,1,0.218942
6263,4.5144,,,0.305427,0.000399989,1,0.278681
6292,4.5328,,,0.32348,0.000399989,1,0.233263
6321,4.5512,,,0.276268,0.000399989,1,0.240037
6350,4.5696,,,0.279545,0.000399989,1,0.181472
6379,4.5879,,,0.292403,0.000399989,1,0.284857
6408,4.6063,,,0.349081,0.000399989,1,0.274065
6437,4.6247,,,0.36715,0.000399989,1,0.200557
6466,4.6431,,,0.303755,0.000399988,1,0.19532
6495,4.6615,,,0.323479,0.000399988,1,0.214653
6524,4.6799,,,0.387389,0.000399988,1,0.237902
6553,4.6983,,,0.333285,0.000399988,1,0.206755
6582,4.7167,,,0.310645,0.000399988,1,0.323558
6611,4.7350,,,0.309436,0.000399988,1,0.288613
6640,4.7534,,,0.329175,0.000399988,1,0.232241
6669,4.7718,,,0.351071,0.000399988,1,0.3191
6698,4.7903,,,0.294604,0.000399987,1,0.196833
6727,4.8087,,,0.303049,0.000399987,1,0.247569
6756,4.8271,,,0.292828,0.000399987,1,0.246088
6785,4.8455,,,0.347534,0.000399987,1,0.27222
6814,4.8639,,,0.295645,0.000399987,1,0.310833
6843,4.8823,,,0.297187,0.000399987,1,0.197507
6872,4.9007,,,0.385966,0.000399987,1,0.260821
6901,4.9191,,,0.263838,0.000399987,1,0.160376
6930,4.9375,,,0.343433,0.000399986,1,0.229425
6959,4.9559,,,0.321673,0.000399986,1,0.227585
6988,4.9743,,,0.328927,0.000399986,1,0.224053
7017,4.9927,,,0.360572,0.000399986,1,0.23027
7046,5.0111,,,0.347447,0.000399986,1,0.242645
7075,5.0295,,,0.286003,0.000399986,1,0.608404
7104,5.0479,,,0.293554,0.000399986,1,0.196826
7133,5.0663,,,0.349294,0.000399985,1,0.273614
7162,5.0847,,,0.314449,0.000399985,1,0.218928
7191,5.1031,,,0.343368,0.000399985,1,0.294528
7220,5.1215,,,0.29113,0.000399985,1,0.770255
7249,5.1399,,,0.376871,0.000399985,1,0.315835
7261,5.7104,0.324831,0.331496,,,1,
7278,5.7216,,,0.349277,0.000399985,2,0.323406
7307,5.7400,,,0.296179,0.000399985,2,0.223746
7336,5.7584,,,0.323689,0.000399985,2,0.230863
7365,5.7769,,,0.321549,0.000399984,2,0.281467
7394,5.7953,,,0.342538,0.000399984,2,0.337001
7423,5.8137,,,0.343399,0.000399984,2,0.237058
7452,5.8321,,,0.333247,0.000399984,2,0.248115
7481,5.8505,,,0.369734,0.000399984,2,0.193234
7510,5.8689,,,0.346225,0.000399984,2,0.273404
7539,5.8873,,,0.384058,0.000399983,2,0.220446
7568,5.9057,,,0.350661,0.000399983,2,0.231451
7597,5.9241,,,0.401506,0.000399983,2,0.285721
7626,5.9425,,,0.28514,0.000399983,2,0.179565
7655,5.9609,,,0.368816,0.000399983,2,0.211667
7684,5.9792,,,0.342334,0.000399983,2,0.269
7713,5.9976,,,0.297249,0.000399983,2,0.293794
7742,6.0160,,,0.352003,0.000399982,2,0.198944
7771,6.0344,,,0.280636,0.000399982,2,0.190799
7800,6.0528,,,0.337021,0.000399982,2,0.236715
7829,6.0711,,,0.291318,0.000399982,2,0.251126
7858,6.0895,,,0.313225,0.000399982,2,0.17651
7887,6.1079,,,0.30769,0.000399982,2,0.239669
7916,6.1263,,,0.373884,0.000399982,2,0.267976
7945,6.1447,,,0.32961,0.000399981,2,0.167305
7974,6.1631,,,0.30927,0.000399981,2,0.229565
8003,6.1815,,,0.317042,0.000399981,2,0.183609
8032,6.1999,,,0.272111,0.000399981,2,0.192406
8061,6.2182,,,0.320294,0.000399981,2,0.237769
8090,6.2366,,,0.303371,0.000399981,2,0.242487
8119,6.2550,,,0.335592,0.00039998,2,0.188032
8148,6.2734,,,0.321004,0.00039998,2,0.193136
8177,6.2917,,,0.310283,0.00039998,2,0.211945
8206,6.3101,,,0.256864,0.00039998,2,0.216942
8235,6.3285,,,0.283597,0.00039998,2,0.254176
8264,6.3469,,,0.343568,0.00039998,2,0.257186
8293,6.3653,,,0.332399,0.000399979,2,0.277941
8322,6.3837,,,0.353587,0.000399979,2,0.295083
8351,6.4021,,,0.284002,0.000399979,2,0.188752
8380,6.4205,,,0.323236,0.000399979,2,0.219067
8409,6.4388,,,0.316538,0.000399979,2,0.23915
8438,6.4572,,,0.329026,0.000399979,2,0.153035
8467,6.4756,,,0.331842,0.000399978,2,0.274042
8496,6.4940,,,0.395427,0.000399978,2,0.321847
8525,6.5123,,,0.241079,0.000399978,2,0.194036
8554,6.5306,,,0.321447,0.000399978,2,0.198252
8583,6.5490,,,0.287838,0.000399978,2,0.230972
8612,6.5673,,,0.313721,0.000399978,2,0.326657
8641,6.5857,,,0.295183,0.000399977,2,0.209339
8670,6.6041,,,0.32317,0.000399977,2,0.32088
8699,6.6225,,,0.301346,0.000399977,2,0.230323
8728,6.6409,,,0.331121,0.000399977,2,0.242364
8757,6.6593,,,0.307443,0.000399977,2,0.296532
8786,6.6776,,,0.322265,0.000399977,2,0.177831
8815,6.6960,,,0.284556,0.000399976,2,0.190885
8844,6.7144,,,0.276497,0.000399976,2,0.177582
8873,6.7327,,,0.335604,0.000399976,2,0.305632
8902,6.7511,,,0.306912,0.000399976,2,0.213731
8931,6.7695,,,0.337222,0.000399976,2,0.248048
8960,6.7879,,,0.305844,0.000399976,2,0.208375
8989,6.8063,,,0.405126,0.000399975,2,0.266218
9018,6.8247,,,0.313047,0.000399975,2,0.171484
9047,6.8431,,,0.339276,0.000399975,2,0.192514
9076,6.8620,,,0.308459,0.000399975,2,0.208449
9105,6.8804,,,0.35829,0.000399975,2,0.258821
9134,6.8988,,,0.298457,0.000399974,2,0.193068
9163,6.9172,,,0.331522,0.000399974,2,0.216093
9192,6.9355,,,0.283091,0.000399974,2,0.145874
9221,6.9539,,,0.316457,0.000399974,2,0.218809
9250,6.9723,,,0.282099,0.000399974,2,0.220056
9279,6.9907,,,0.305343,0.000399974,2,0.315294
9308,7.0091,,,0.264768,0.000399973,2,0.19977
9337,7.0275,,,0.334262,0.000399973,2,0.153642
9366,7.0459,,,0.331384,0.000399973,2,0.2371
9395,7.0643,,,0.363588,0.000399973,2,0.23091
9424,7.0826,,,0.279816,0.000399973,2,0.228635
9453,7.1010,,,0.382255,0.000399972,2,0.250774
9482,7.1194,,,0.381327,0.000399972,2,0.222389
9511,7.1378,,,0.385553,0.000399972,2,0.20697
9540,7.1562,,,0.276416,0.000399972,2,0.219478
9569,7.1746,,,0.32194,0.000399972,2,0.208849
9598,7.1930,,,0.334702,0.000399971,2,0.16477
9627,7.2114,,,0.292866,0.000399971,2,0.182545
9656,7.2298,,,0.355839,0.000399971,2,0.18535
9685,7.2482,,,0.315401,0.000399971,2,0.186887
9714,7.2666,,,0.298574,0.000399971,2,0.159465
9743,7.2850,,,0.327335,0.000399971,2,0.277697
9772,7.3034,,,0.304233,0.00039997,2,0.193979
9801,7.3218,,,0.304411,0.00039997,2,0.186228
9830,7.3402,,,0.356042,0.00039997,2,0.176497
9859,7.3586,,,0.310521,0.00039997,2,0.19775
9888,7.3769,,,0.310313,0.00039997,2,0.17853
9917,7.3953,,,0.287176,0.000399969,2,0.187999
9946,7.4137,,,0.242506,0.000399969,2,0.154036
9975,7.4321,,,0.34795,0.000399969,2,0.230295
10004,7.4504,,,0.297694,0.000399969,2,0.197599
10033,7.4688,,,0.308112,0.000399968,2,0.284183
10062,7.4872,,,0.362393,0.000399968,2,0.292037
10091,7.5056,,,0.410278,0.000399968,2,0.274353
10120,7.5240,,,0.267288,0.000399968,2,0.239304
10149,7.5423,,,0.39648,0.000399968,2,0.212688
10178,7.5607,,,0.27582,0.000399967,2,0.213809
10207,7.5791,,,0.367095,0.000399967,2,0.221857
10236,7.5975,,,0.311354,0.000399967,2,0.229528
10265,7.6159,,,0.420389,0.000399967,2,0.309512
10294,7.6343,,,0.297687,0.000399967,2,0.21372
10323,7.6527,,,0.333367,0.000399966,2,0.222182
10352,7.6711,,,0.340968,0.000399966,2,0.273572
10381,7.6895,,,0.251864,0.000399966,2,0.184921
10410,7.7079,,,0.320745,0.000399966,2,0.180186
10439,7.7263,,,0.332327,0.000399966,2,0.354956
10468,7.7447,,,0.32153,0.000399965,2,0.261689
10497,7.7631,,,0.389752,0.000399965,2,0.275422
10526,7.7815,,,0.274816,0.000399965,2,0.189556
10555,7.7998,,,0.361716,0.000399965,2,0.411574
10584,7.8182,,,0.307746,0.000399965,2,0.338953
10613,7.8366,,,0.296702,0.000399964,2,0.312113
10642,7.8550,,,0.310235,0.000399964,2,0.20687
10671,7.8734,,,0.31699,0.000399964,2,0.258007
10700,7.8918,,,0.279297,0.000399964,2,0.256653
10729,7.9102,,,0.297253,0.000399963,2,0.223408
10758,7.9286,,,0.311178,0.000399963,2,0.501891
10787,7.9470,,,0.287504,0.000399963,2,0.251053
10816,7.9654,,,0.360984,0.000399963,2,0.302194
10845,7.9838,,,0.301938,0.000399963,2,0.292092
10874,8.0022,,,0.306259,0.000399962,2,0.252708
10892,8.5741,0.317672,0.323738,,,2,
10903,8.5816,,,0.340441,0.000399962,3,0.199113
10932,8.6002,,,0.276456,0.000399962,3,0.176164
10961,8.6186,,,0.389105,0.000399962,3,0.23892
10990,8.6369,,,0.350185,0.000399961,3,0.166445
11019,8.6553,,,0.395175,0.000399961,3,0.189785
11048,8.6737,,,0.296977,0.000399961,3,0.185053
11077,8.6921,,,0.338048,0.000399961,3,0.953174
11106,8.7105,,,0.356227,0.000399961,3,0.318764
11135,8.7288,,,0.306198,0.00039996,3,0.131923
11164,8.7472,,,0.333552,0.00039996,3,0.216774
11193,8.7655,,,0.285565,0.00039996,3,0.176894
11222,8.7839,,,0.400731,0.00039996,3,0.222201
11251,8.8023,,,0.387048,0.000399959,3,0.403402
11280,8.8206,,,0.328963,0.000399959,3,0.382705
11309,8.8390,,,0.33597,0.000399959,3,0.243702
11338,8.8574,,,0.371652,0.000399959,3,0.291348
11367,8.8758,,,0.312712,0.000399959,3,0.206001
11396,8.8942,,,0.360674,0.000399958,3,0.205431
11425,8.9126,,,0.31669,0.000399958,3,0.222753
11454,8.9310,,,0.315243,0.000399958,3,0.372428
11483,8.9494,,,0.392226,0.000399958,3,0.226517
11512,8.9678,,,0.361112,0.000399957,3,0.280474
11541,8.9862,,,0.357147,0.000399957,3,0.325228
11570,9.0046,,,0.334813,0.000399957,3,0.213568
11599,9.0229,,,0.308118,0.000399957,3,0.16025
11628,9.0413,,,0.292217,0.000399956,3,0.198352
11657,9.0597,,,0.257711,0.000399956,3,0.19038
11686,9.0781,,,0.272933,0.000399956,3,0.170174
11715,9.0965,,,0.29426,0.000399956,3,0.182123
11744,9.1149,,,0.295975,0.000399955,3,0.164646
11773,9.1333,,,0.312888,0.000399955,3,0.22587
11802,9.1517,,,0.293202,0.000399955,3,0.29959
11831,9.1701,,,0.342133,0.000399955,3,0.214082
11860,9.1885,,,0.271445,0.000399954,3,0.228986
11889,9.2069,,,0.30262,0.000399954,3,0.174566
11918,9.2253,,,0.29591,0.000399954,3,0.234101
11947,9.2437,,,0.271664,0.000399954,3,0.270986
11976,9.2621,,,0.289788,0.000399954,3,0.175437
12005,9.2805,,,0.269087,0.000399953,3,0.351135
12034,9.2988,,,0.308222,0.000399953,3,0.161921
12063,9.3172,,,0.343051,0.000399953,3,0.220971
12092,9.3356,,,0.309567,0.000399953,3,0.180732
12121,9.3540,,,0.334163,0.000399952,3,0.251403
12150,9.3724,,,0.33944,0.000399952,3,0.246796
12179,9.3908,,,0.326105,0.000399952,3,0.147704
12208,9.4092,,,0.305996,0.000399952,3,0.216129
12237,9.4277,,,0.351368,0.000399951,3,0.232502
12266,9.4460,,,0.349056,0.000399951,3,0.235578
12295,9.4644,,,0.361213,0.000399951,3,0.172967
12324,9.4828,,,0.315703,0.000399951,3,0.190866
12353,9.5012,,,0.346914,0.00039995,3,0.175743
12382,9.5196,,,0.31933,0.00039995,3,0.183698
12411,9.5380,,,0.354467,0.00039995,3,0.163941
12440,9.5564,,,0.325367,0.000399949,3,0.181789
12469,9.5748,,,0.334767,0.000399949,3,0.184655
12498,9.5932,,,0.324711,0.000399949,3,0.172969
12527,9.6115,,,0.288132,0.000399949,3,0.218742
12556,9.6299,,,0.282869,0.000399948,3,0.230198
12585,9.6483,,,0.424754,0.000399948,3,0.271758
12614,9.6667,,,0.349289,0.000399948,3,0.224923
12643,9.6851,,,0.364393,0.000399948,3,0.207726
12672,9.7035,,,0.337364,0.000399947,3,0.224087
12701,9.7219,,,0.345263,0.000399947,3,0.163108
12730,9.7403,,,0.280556,0.000399947,3,0.224777
12759,9.7587,,,0.342152,0.000399947,3,0.255039
12788,9.7772,,,0.296255,0.000399946,3,0.163038
12817,9.7955,,,0.338904,0.000399946,3,0.203135
12846,9.8139,,,0.322529,0.000399946,3,0.208853
12875,9.8323,,,0.30563,0.000399946,3,0.174105
12904,9.8506,,,0.40725,0.000399945,3,0.26134
12933,9.8690,,,0.330553,0.000399945,3,0.247405
12962,9.8874,,,0.321088,0.000399945,3,0.168619
12991,9.9058,,,0.317459,0.000399944,3,0.234229
13020,9.9243,,,0.278976,0.000399944,3,0.19735
13049,9.9427,,,0.38898,0.000399944,3,0.197928
13078,9.9611,,,0.341992,0.000399944,3,0.202859
13107,9.9795,,,0.302852,0.000399943,3,0.168091
13136,9.9979,,,0.310301,0.000399943,3,0.316258
13165,10.0163,,,0.28888,0.000399943,3,0.277088
13194,10.0347,,,0.321533,0.000399943,3,0.204309
13223,10.0531,,,0.323327,0.000399942,3,0.278254
13252,10.0714,,,0.310759,0.000399942,3,0.189129
13281,10.0898,,,0.301259,0.000399942,3,0.178191
13310,10.1082,,,0.328489,0.000399942,3,0.190115
13339,10.1266,,,0.297814,0.000399941,3,0.219374
13368,10.1450,,,0.30974,0.000399941,3,0.214598
13397,10.1634,,,0.339437,0.000399941,3,0.258285
13426,10.1818,,,0.354486,0.00039994,3,0.326215
13455,10.2002,,,0.313709,0.00039994,3,0.172642
13484,10.2185,,,0.267066,0.00039994,3,0.231403
13513,10.2369,,,0.315316,0.00039994,3,0.20578
13542,10.2553,,,0.312315,0.000399939,3,0.209691
13571,10.2737,,,0.308765,0.000399939,3,0.160564
13600,10.2921,,,0.270842,0.000399939,3,0.194037
13629,10.3105,,,0.343535,0.000399938,3,0.190273
13658,10.3289,,,0.357955,0.000399938,3,0.318643
13687,10.3473,,,0.35981,0.000399938,3,0.264248
13716,10.3657,,,0.292693,0.000399938,3,0.236577
13745,10.3840,,,0.318425,0.000399937,3,0.188383
13774,10.4025,,,0.341297,0.000399937,3,0.326782
13803,10.4209,,,0.312096,0.000399937,3,0.228681
13832,10.4393,,,0.300807,0.000399936,3,0.173665
13861,10.4576,,,0.292006,0.000399936,3,0.168594
13890,10.4760,,,0.30424,0.000399936,3,0.225076
13919,10.4944,,,0.334725,0.000399936,3,0.186501
13948,10.5129,,,0.2939,0.000399935,3,0.211277
13977,10.5313,,,0.314373,0.000399935,3,0.165497
14006,10.5497,,,0.35288,0.000399935,3,0.205531
14035,10.5681,,,0.380151,0.000399934,3,0.210365
14064,10.5865,,,0.29343,0.000399934,3,0.241918
14093,10.6048,,,0.282379,0.000399934,3,0.190066
14122,10.6232,,,0.298176,0.000399934,3,0.170069
14151,10.6416,,,0.310817,0.000399933,3,0.237421
14180,10.6599,,,0.415254,0.000399933,3,0.222078
14209,10.6783,,,0.328791,0.000399933,3,0.419969
14238,10.6966,,,0.330127,0.000399932,3,0.307581
14267,10.7150,,,0.284589,0.000399932,3,0.337656
14296,10.7333,,,0.322819,0.000399932,3,0.212385
14325,10.7517,,,0.278163,0.000399931,3,0.24023
14354,10.7701,,,0.318338,0.000399931,3,0.230195
14383,10.7885,,,0.372746,0.000399931,3,0.306637
14412,10.8068,,,0.368726,0.000399931,3,0.217302
14441,10.8252,,,0.305737,0.00039993,3,0.195716
14470,10.8437,,,0.375753,0.00039993,3,0.217654
14499,10.8620,,,0.442842,0.00039993,3,0.327225
14523,11.4367,0.320261,0.320435,,,3,
14528,11.4405,,,0.369088,0.000399929,4,0.198202
14557,11.4589,,,0.317309,0.000399929,4,0.219624
14586,11.4772,,,0.32551,0.000399929,4,0.229663
14615,11.4956,,,0.2904,0.000399928,4,0.20429
14644,11.5139,,,0.371597,0.000399928,4,0.247523
14673,11.5322,,,0.370154,0.000399928,4,0.186074
14702,11.5506,,,0.329423,0.000399928,4,0.307727
14731,11.5690,,,0.347391,0.000399927,4,0.287692
14760,11.5874,,,0.324647,0.000399927,4,0.284756
14789,11.6057,,,0.325678,0.000399927,4,0.646542
14818,11.6241,,,0.329117,0.000399926,4,0.226937
14847,11.6425,,,0.382048,0.000399926,4,0.322232
14876,11.6608,,,0.341186,0.000399926,4,0.22983
14905,11.6791,,,0.35153,0.000399925,4,0.519406
14934,11.6974,,,0.346139,0.000399925,4,0.272709
14963,11.7157,,,0.319351,0.000399925,4,0.218063
14992,11.7340,,,0.347966,0.000399924,4,0.280957
15021,11.7523,,,0.369858,0.000399924,4,0.315525
15050,11.7707,,,0.309909,0.000399924,4,1.259
15079,11.7891,,,0.35895,0.000399923,4,0.281253
15108,11.8075,,,0.316736,0.000399923,4,0.270502
15137,11.8259,,,0.349239,0.000399923,4,0.256141
15166,11.8443,,,0.363537,0.000399923,4,0.188574
15195,11.8626,,,0.314751,0.000399922,4,0.19071
15224,11.8810,,,0.305797,0.000399922,4,0.163825
15253,11.8994,,,0.374458,0.000399922,4,0.233246
15282,11.9178,,,0.325225,0.000399921,4,0.243039
15311,11.9361,,,0.395378,0.000399921,4,0.22794
15340,11.9545,,,0.269825,0.000399921,4,0.263485
15369,11.9729,,,0.31903,0.00039992,4,0.205914
15398,11.9912,,,0.332791,0.00039992,4,0.192437
15427,12.0096,,,0.276055,0.00039992,4,0.262344
15456,12.0280,,,0.349177,0.000399919,4,0.212791
15485,12.0464,,,0.362138,0.000399919,4,0.301597
15514,12.0647,,,0.272245,0.000399919,4,0.195407
15543,12.0831,,,0.2897,0.000399918,4,0.193124
15572,12.1015,,,0.284524,0.000399918,4,0.170335
15601,12.1199,,,0.297321,0.000399918,4,0.251351
15630,12.1382,,,0.350126,0.000399917,4,0.298278
15659,12.1566,,,0.340451,0.000399917,4,0.261826
15688,12.1750,,,0.321557,0.000399917,4,0.273167
15717,12.1934,,,0.319793,0.000399916,4,0.185689
15746,12.2118,,,0.408059,0.000399916,4,0.366733
15775,12.2301,,,0.337111,0.000399916,4,0.230017
15804,12.2485,,,0.334111,0.000399915,4,0.228388
15833,12.2669,,,0.36093,0.000399915,4,0.316874
15862,12.2853,,,0.319646,0.000399915,4,0.205299
15891,12.3037,,,0.235114,0.000399914,4,0.335407
15920,12.3220,,,0.342602,0.000399914,4,0.298511
15949,12.3404,,,0.328729,0.000399914,4,0.284245
15978,12.3588,,,0.374653,0.000399913,4,0.313821
16007,12.3771,,,0.368675,0.000399913,4,0.28832
16036,12.3955,,,0.336342,0.000399913,4,0.243815
16065,12.4138,,,0.417848,0.000399912,4,0.300765
16094,12.4321,,,0.293549,0.000399912,4,0.160218
16123,12.4505,,,0.237783,0.000399912,4,0.203961
16152,12.4689,,,0.362264,0.000399911,4,0.216317
16181,12.4872,,,0.337136,0.000399911,4,0.1932
16210,12.5056,,,0.301993,0.000399911,4,0.240674
16239,12.5240,,,0.303395,0.00039991,4,0.201672
16268,12.5424,,,0.339301,0.00039991,4,0.254718
16297,12.5608,,,0.426569,0.00039991,4,0.273698
16326,12.5792,,,0.336623,0.000399909,4,0.278265
16355,12.5976,,,0.354658,0.000399909,4,0.167228
16384,12.6160,,,0.317254,0.000399909,4,0.304836
16413,12.6344,,,0.374601,0.000399908,4,0.214422
16442,12.6528,,,0.339571,0.000399908,4,0.198139
16471,12.6712,,,0.296706,0.000399908,4,0.188959
16500,12.6895,,,0.292202,0.000399907,4,0.263207
16529,12.7080,,,0.3445,0.000399907,4,0.218672
16558,12.7264,,,0.320488,0.000399907,4,0.458651
16587,12.7448,,,0.295078,0.000399906,4,0.217332
16616,12.7631,,,0.280816,0.000399906,4,0.260782
16645,12.7815,,,0.292002,0.000399906,4,0.254357
16674,12.7999,,,0.278735,0.000399905,4,0.265392
16703,12.8182,,,0.274133,0.000399905,4,0.278117
16732,12.8366,,,0.341298,0.000399904,4,0.236203
16761,12.8550,,,0.339843,0.000399904,4,0.285854
16790,12.8734,,,0.293789,0.000399904,4,0.180494
16819,12.8918,,,0.402786,0.000399903,4,0.25556
16848,12.9102,,,0.295803,0.000399903,4,0.156901
16877,12.9286,,,0.265002,0.000399903,4,0.209833
16906,12.9470,,,0.291644,0.000399902,4,0.171528
16935,12.9653,,,0.282845,0.000399902,4,0.167428
16964,12.9837,,,0.309662,0.000399902,4,0.216118
16993,13.0021,,,0.304685,0.000399901,4,0.22253
17022,13.0204,,,0.266252,0.000399901,4,0.192905
17051,13.0387,,,0.294199,0.000399901,4,0.220289
17080,13.0570,,,0.328309,0.0003999,4,0.223952
17109,13.0753,,,0.304628,0.0003999,4,0.232737
17138,13.0937,,,0.29832,0.000399899,4,0.200833
17167,13.1121,,,0.313014,0.000399899,4,0.227361
17196,13.1305,,,0.290471,0.000399899,4,0.242202
17225,13.1489,,,0.372206,0.000399898,4,0.301654
17254,13.1673,,,0.316427,0.000399898,4,0.212827
17283,13.1856,,,0.352138,0.000399898,4,0.190591
17312,13.2039,,,0.406089,0.000399897,4,0.245027
17341,13.2223,,,0.290812,0.000399897,4,0.160906
17370,13.2407,,,0.304904,0.000399897,4,0.164261
17399,13.2591,,,0.307141,0.000399896,4,0.220857
17428,13.2774,,,0.27714,0.000399896,4,0.183367
17457,13.2958,,,0.337255,0.000399895,4,0.2076
17486,13.3142,,,0.32453,0.000399895,4,0.296861
17515,13.3326,,,0.339044,0.000399895,4,0.174248
17544,13.3509,,,0.30326,0.000399894,4,0.220409
17573,13.3693,,,0.305535,0.000399894,4,0.184561
17602,13.3877,,,0.284091,0.000399894,4,0.149378
17631,13.4061,,,0.292154,0.000399893,4,0.186925
17660,13.4245,,,0.259765,0.000399893,4,0.1684
17689,13.4428,,,0.327345,0.000399893,4,0.274221
17718,13.4611,,,0.289045,0.000399892,4,0.282786
17747,13.4795,,,0.344987,0.000399892,4,0.215114
17776,13.4978,,,0.303876,0.000399891,4,0.264021
17805,13.5162,,,0.345672,0.000399891,4,0.220064
17834,13.5346,,,0.31417,0.000399891,4,0.187821
17863,13.5530,,,0.322177,0.00039989,4,0.227703
17892,13.5713,,,0.29805,0.00039989,4,0.171806
17921,13.5897,,,0.398726,0.000399889,4,0.310969
17950,13.6081,,,0.374777,0.000399889,4,0.208224
17979,13.6265,,,0.314876,0.000399889,4,0.242023
18008,13.6448,,,0.326415,0.000399888,4,0.280318
18037,13.6632,,,0.354293,0.000399888,4,0.305789
18066,13.6816,,,0.287231,0.000399888,4,0.211668
18095,13.6999,,,0.323697,0.000399887,4,0.241192
18124,13.7183,,,0.327138,0.000399887,4,0.231975
18153,13.7367,,,0.369436,0.000399886,4,0.270083
18154,14.2973,0.317628,0.321206,,,4,
18182,14.3156,,,0.331275,0.000399886,5,0.182463
18211,14.3340,,,0.266278,0.000399886,5,0.198042
18240,14.3524,,,0.321603,0.000399885,5,0.15849
18269,14.3708,,,0.315986,0.000399885,5,0.213177
18298,14.3892,,,0.285736,0.000399885,5,0.189488
18327,14.4076,,,0.305251,0.000399884,5,0.207099
18356,14.4259,,,0.334347,0.000399884,5,0.168764
18385,14.4443,,,0.322748,0.000399883,5,0.196616
18414,14.4627,,,0.343811,0.000399883,5,0.21
18443,14.4811,,,0.290422,0.000399883,5,0.14417
18472,14.4995,,,0.282352,0.000399882,5,0.148443
18501,14.5179,,,0.367368,0.000399882,5,0.226996
18530,14.5363,,,0.309075,0.000399881,5,0.205761
18559,14.5547,,,0.25144,0.000399881,5,0.162849
18588,14.5731,,,0.259578,0.000399881,5,0.147863
18617,14.5914,,,0.29176,0.00039988,5,0.176231
18646,14.6098,,,0.294912,0.00039988,5,0.1616
18675,14.6282,,,0.303768,0.000399879,5,0.29131
18704,14.6466,,,0.292346,0.000399879,5,0.153423
18733,14.6649,,,0.317657,0.000399879,5,0.157622
18762,14.6833,,,0.282492,0.000399878,5,0.235267
18791,14.7017,,,0.292081,0.000399878,5,0.20236
18820,14.7201,,,0.337816,0.000399877,5,0.265263
18849,14.7385,,,0.321256,0.000399877,5,0.259695
18878,14.7569,,,0.330101,0.000399877,5,0.243761
18907,14.7753,,,0.342219,0.000399876,5,0.222753
18936,14.7937,,,0.347328,0.000399876,5,0.233501
18965,14.8121,,,0.281662,0.000399875,5,0.181616
18994,14.8305,,,0.365409,0.000399875,5,0.287767
19023,14.8489,,,0.337081,0.000399875,5,0.216809
19052,14.8673,,,0.36464,0.000399874,5,0.253294
19081,14.8857,,,0.286043,0.000399874,5,0.196384
19110,14.9041,,,0.334716,0.000399873,5,0.191598
19139,14.9225,,,0.337822,0.000399873,5,0.272282
19168,14.9408,,,0.409265,0.000399873,5,0.235854
19197,14.9593,,,0.329786,0.000399872,5,0.240442
19226,14.9777,,,0.351209,0.000399872,5,0.234426
19255,14.9961,,,0.36024,0.000399871,5,0.237006
19284,15.0144,,,0.303699,0.000399871,5,0.180458
19313,15.0328,,,0.329368,0.000399871,5,0.176503
19342,15.0512,,,0.292106,0.00039987,5,0.191927
19371,15.0695,,,0.322485,0.00039987,5,0.437948
19400,15.0879,,,0.390662,0.000399869,5,0.225852
19429,15.1063,,,0.32517,0.000399869,5,0.184706
19458,15.1247,,,0.351571,0.000399868,5,0.260632
19487,15.1431,,,0.303737,0.000399868,5,0.576407
19516,15.1615,,,0.28927,0.000399868,5,0.262582
19545,15.1799,,,0.331873,0.000399867,5,0.309229
19574,15.1983,,,0.266051,0.000399867,5,0.198673
19603,15.2167,,,0.346068,0.000399866,5,0.302697
19632,15.2351,,,0.366348,0.000399866,5,0.232137
19661,15.2534,,,0.252564,0.000399866,5,0.190509
19690,15.2718,,,0.344061,0.000399865,5,0.18902
19719,15.2902,,,0.331995,0.000399865,5,0.223554
19748,15.3086,,,0.322889,0.000399864,5,0.185423
19777,15.3270,,,0.323614,0.000399864,5,0.212297
19806,15.3454,,,0.416421,0.000399863,5,0.407578
19835,15.3638,,,0.33785,0.000399863,5,0.326762
19864,15.3822,,,0.324924,0.000399863,5,0.238766
19893,15.4006,,,0.357855,0.000399862,5,0.537421
19922,15.4189,,,0.329891,0.000399862,5,0.251139
19951,15.4373,,,0.328588,0.000399861,5,0.250688
19980,15.4557,,,0.308715,0.000399861,5,0.260785
20009,15.4741,,,0.382881,0.000399861,5,0.25614
20038,15.4925,,,0.288742,0.00039986,5,0.179342
20067,15.5109,,,0.335651,0.00039986,5,0.300574
20096,15.5293,,,0.270792,0.000399859,5,0.185073
20125,15.5477,,,0.332409,0.000399859,5,0.253488
20154,15.5661,,,0.341662,0.000399858,5,0.307627
20183,15.5845,,,0.366301,0.000399858,5,0.262234
20212,15.6029,,,0.319189,0.000399858,5,0.514601
20241,15.6213,,,0.334389,0.000399857,5,0.235994
20270,15.6397,,,0.27784,0.000399857,5,0.267938
20299,15.6581,,,0.281757,0.000399856,5,0.264013
20328,15.6764,,,0.313083,0.000399856,5,0.174768
20357,15.6948,,,0.311466,0.000399855,5,0.233926
20386,15.7132,,,0.324936,0.000399855,5,0.195324
20415,15.7316,,,0.289948,0.000399854,5,0.20041
20444,15.7500,,,0.308356,0.000399854,5,0.369678
20473,15.7684,,,0.283529,0.000399854,5,0.292088
20502,15.7868,,,0.344183,0.000399853,5,0.284146
20531,15.8052,,,0.315053,0.000399853,5,0.194574
20560,15.8244,,,0.309979,0.000399852,5,0.203827
20589,15.8428,,,0.317776,0.000399852,5,0.274844
20618,15.8612,,,0.295532,0.000399851,5,0.211857
20647,15.8801,,,0.306636,0.000399851,5,0.752
20676,15.8986,,,0.429828,0.000399851,5,0.308731
20705,15.9170,,,0.306546,0.00039985,5,0.20316
20734,15.9354,,,0.252632,0.00039985,5,0.178824
20763,15.9538,,,0.329955,0.000399849,5,0.246212
20792,15.9722,,,0.257553,0.000399849,5,0.170471
20821,15.9906,,,0.342255,0.000399848,5,0.654394
20850,16.0089,,,0.293488,0.000399848,5,0.21352
20879,16.0273,,,0.34796,0.000399847,5,0.17874
20908,16.0457,,,0.321508,0.000399847,5,0.226148
20937,16.0641,,,0.352553,0.000399847,5,0.288262
20966,16.0825,,,0.367785,0.000399846,5,0.234213
20995,16.1009,,,0.357111,0.000399846,5,0.29505
21024,16.1193,,,0.276983,0.000399845,5,0.19778
21053,16.1377,,,0.287157,0.000399845,5,0.170195
21082,16.1561,,,0.310299,0.000399844,5,0.469898
21111,16.1745,,,0.294624,0.000399844,5,0.285063
21140,16.1929,,,0.328407,0.000399843,5,0.266963
21169,16.2112,,,0.336316,0.000399843,5,0.188723
21198,16.2296,,,0.331381,0.000399843,5,0.238877
21227,16.2480,,,0.312522,0.000399842,5,0.209962
21256,16.2664,,,0.301077,0.000399842,5,0.206013
21285,16.2848,,,0.307699,0.000399841,5,0.227709
21314,16.3032,,,0.255591,0.000399841,5,0.24742
21343,16.3216,,,0.289457,0.00039984,5,0.199182
21372,16.3400,,,0.311125,0.00039984,5,0.184885
21401,16.3584,,,0.378943,0.000399839,5,0.285232
21430,16.3767,,,0.253592,0.000399839,5,0.181399
21459,16.3951,,,0.31137,0.000399838,5,0.248646
21488,16.4135,,,0.321763,0.000399838,5,0.277076
21517,16.4319,,,0.337291,0.000399838,5,0.343052
21546,16.4503,,,0.270327,0.000399837,5,0.279225
21575,16.4687,,,0.36647,0.000399837,5,0.242589
21604,16.4871,,,0.300711,0.000399836,5,0.228365
21633,16.5055,,,0.32974,0.000399836,5,0.242906
21662,16.5238,,,0.31698,0.000399835,5,0.270081
21691,16.5422,,,0.321257,0.000399835,5,0.207436
21720,16.5606,,,0.298157,0.000399834,5,0.264293
21749,16.5790,,,0.260888,0.000399834,5,0.179388
21778,16.5973,,,0.373579,0.000399833,5,0.174721
21785,17.1649,0.317112,0.321513,,,5,
21807,17.1794,,,0.323675,0.000399833,6,0.202933
21836,17.1978,,,0.290467,0.000399832,6,0.201683
21865,17.2163,,,0.312106,0.000399832,6,0.215464
21894,17.2347,,,0.411658,0.000399832,6,0.194416
21923,17.2531,,,0.307475,0.000399831,6,0.173169
21952,17.2715,,,0.325226,0.000399831,6,0.167475
21981,17.2899,,,0.331829,0.00039983,6,0.258947
22010,17.3084,,,0.310252,0.00039983,6,0.172309
22039,17.3268,,,0.323123,0.000399829,6,0.793321
22068,17.3452,,,0.291836,0.000399829,6,0.222573
22097,17.3636,,,0.304438,0.000399828,6,0.229366
22126,17.3820,,,0.291862,0.000399828,6,0.237753
22155,17.4004,,,0.353995,0.000399827,6,0.164348
22184,17.4188,,,0.331591,0.000399827,6,0.194595
22213,17.4372,,,0.296211,0.000399826,6,0.212161
22242,17.4556,,,0.332388,0.000399826,6,0.207658
22271,17.4740,,,0.306204,0.000399825,6,0.242992
22300,17.4923,,,0.324259,0.000399825,6,0.317161
22329,17.5108,,,0.40484,0.000399824,6,0.252308
22358,17.5292,,,0.300624,0.000399824,6,0.18418
22387,17.5476,,,0.333418,0.000399823,6,0.238187
22416,17.5660,,,0.277937,0.000399823,6,0.183445
22445,17.5844,,,0.319031,0.000399823,6,0.210388
22474,17.6028,,,0.351133,0.000399822,6,0.202025
22503,17.6212,,,0.32651,0.000399822,6,0.189208
22532,17.6396,,,0.300712,0.000399821,6,0.256182
22561,17.6580,,,0.342184,0.000399821,6,0.210426
22590,17.6764,,,0.355094,0.00039982,6,0.219323
22619,17.6948,,,0.307772,0.00039982,6,0.218839
22648,17.7131,,,0.307866,0.000399819,6,0.246175
22677,17.7315,,,0.326775,0.000399819,6,0.197101
22706,17.7499,,,0.290907,0.000399818,6,0.24673
22735,17.7683,,,0.310301,0.000399818,6,0.292672
22764,17.7867,,,0.2936,0.000399817,6,0.217158
22793,17.8051,,,0.367902,0.000399817,6,0.229464
22822,17.8235,,,0.344591,0.000399816,6,0.23291
22851,17.8419,,,0.306516,0.000399816,6,0.250136
22880,17.8602,,,0.350354,0.000399815,6,0.203241
22909,17.8786,,,0.309658,0.000399815,6,0.198948
22938,17.8970,,,0.315059,0.000399814,6,0.241287
22967,17.9154,,,0.445249,0.000399814,6,0.340865
22996,17.9338,,,0.361892,0.000399813,6,0.242528
23025,17.9522,,,0.35084,0.000399813,6,0.192175
23054,17.9706,,,0.352375,0.000399812,6,0.266025
23083,17.9890,,,0.408202,0.000399812,6,0.263127
23112,18.0073,,,0.342543,0.000399811,6,0.186551
23141,18.0257,,,0.309251,0.000399811,6,0.214453
23170,18.0441,,,0.331515,0.00039981,6,1.12148
23199,18.0625,,,0.321007,0.00039981,6,0.230786
23228,18.0809,,,0.372108,0.000399809,6,0.289154
23257,18.0993,,,0.299481,0.000399809,6,0.174353
23286,18.1177,,,0.332267,0.000399808,6,0.204536
23315,18.1361,,,0.282869,0.000399808,6,0.182503
23344,18.1544,,,0.332561,0.000399807,6,0.224556
23373,18.1728,,,0.303953,0.000399807,6,0.205754
23402,18.1912,,,0.263476,0.000399806,6,0.155174
23431,18.2095,,,0.366066,0.000399806,6,0.257181
23460,18.2279,,,0.352479,0.000399805,6,0.182466
23489,18.2464,,,0.327716,0.000399805,6,0.253208
23518,18.2647,,,0.267908,0.000399804,6,0.192949
23547,18.2831,,,0.46396,0.000399804,6,0.273381
23576,18.3015,,,0.345743,0.000399803,6,0.211406
23605,18.3199,,,0.329617,0.000399803,6,0.185002
23634,18.3383,,,0.272061,0.000399802,6,0.213558
23663,18.3567,,,0.365607,0.000399802,6,0.209016
23692,18.3751,,,0.343873,0.000399801,6,0.248766
23721,18.3935,,,0.317122,0.000399801,6,0.181334
23750,18.4118,,,0.321805,0.0003998,6,0.193021
23779,18.4302,,,0.277305,0.0003998,6,0.211564
23808,18.4486,,,0.342062,0.000399799,6,0.262185
23837,18.4670,,,0.278137,0.000399799,6,0.215062
23866,18.4853,,,0.319198,0.000399798,6,0.263123
23895,18.5037,,,0.2459,0.000399798,6,0.180076
23924,18.5221,,,0.297356,0.000399797,6,0.154455
23953,18.5405,,,0.324177,0.000399797,6,0.201259
23982,18.5588,,,0.2698,0.000399796,6,0.230628
24011,18.5772,,,0.29305,0.000399796,6,0.18263
24040,18.5956,,,0.319224,0.000399795,6,0.185885
24069,18.6139,,,0.265424,0.000399795,6,0.200361
24098,18.6323,,,0.274766,0.000399794,6,0.206688
24127,18.6506,,,0.314426,0.000399794,6,0.27624
24156,18.6690,,,0.29303,0.000399793,6,0.200137
24185,18.6874,,,0.334589,0.000399793,6,0.251965
24214,18.7058,,,0.285508,0.000399792,6,0.158198
24243,18.7242,,,0.282971,0.000399791,6,0.230008
24272,18.7426,,,0.303366,0.000399791,6,0.214929
24301,18.7610,,,0.335635,0.00039979,6,0.212059
24330,18.7794,,,0.387691,0.00039979,6,0.2942
24359,18.7978,,,0.301137,0.000399789,6,0.208715
24388,18.8163,,,0.252259,0.000399789,6,0.134565
24417,18.8347,,,0.339339,0.000399788,6,0.237323
24446,18.8530,,,0.317738,0.000399788,6,0.212978
24475,18.8714,,,0.316096,0.000399787,6,0.202904
24504,18.8898,,,0.329733,0.000399787,6,0.158611
24533,18.9082,,,0.333989,0.000399786,6,0.1326
24562,18.9266,,,0.335641,0.000399786,6,0.19081
24591,18.9450,,,0.27259,0.000399785,6,0.160726
24620,18.9633,,,0.3244,0.000399785,6,0.174037
24649,18.9817,,,0.306431,0.000399784,6,0.160921
24678,19.0001,,,0.361309,0.000399784,6,0.213085
24707,19.0185,,,0.343586,0.000399783,6,0.177405
24736,19.0368,,,0.387528,0.000399783,6,0.261076
24765,19.0552,,,0.286887,0.000399782,6,6.45189
24794,19.0735,,,0.296795,0.000399782,6,0.162921
24823,19.0919,,,0.301368,0.000399781,6,0.259612
24852,19.1103,,,0.342884,0.00039978,6,0.203433
24881,19.1287,,,0.32394,0.00039978,6,0.216173
24910,19.1470,,,0.269263,0.000399779,6,0.264144
24939,19.1654,,,0.348632,0.000399779,6,0.211259
24968,19.1838,,,0.329967,0.000399778,6,0.219918
24997,19.2022,,,0.296951,0.000399778,6,0.269846
25026,19.2206,,,0.314106,0.000399777,6,0.230062
25055,19.2389,,,0.292553,0.000399777,6,0.165272
25084,19.2573,,,0.384229,0.000399776,6,0.293302
25113,19.2759,,,0.304265,0.000399776,6,0.19195
25142,19.2943,,,0.356996,0.000399775,6,0.218206
25171,19.3126,,,0.29613,0.000399775,6,0.185332
25200,19.3310,,,0.275836,0.000399774,6,0.177164
25229,19.3494,,,0.323499,0.000399773,6,0.150154
25258,19.3678,,,0.294827,0.000399773,6,0.202716
25287,19.3861,,,0.325925,0.000399772,6,0.185167
25316,19.4045,,,0.31613,0.000399772,6,0.170389
25345,19.4228,,,0.288284,0.000399771,6,0.179391
25374,19.4411,,,0.24498,0.000399771,6,0.206035
25403,19.4595,,,0.320856,0.00039977,6,0.191963
25416,20.0283,0.317136,0.318525,,,6,
25432,20.0390,,,0.284493,0.00039977,7,0.230117
25461,20.0573,,,0.306697,0.000399769,7,0.222499
25490,20.0757,,,0.30148,0.000399769,7,0.205272
25519,20.0941,,,0.32009,0.000399768,7,0.224495
25548,20.1125,,,0.340986,0.000399767,7,0.182351
25577,20.1308,,,0.351652,0.000399767,7,0.242323
25606,20.1492,,,0.286702,0.000399766,7,0.22037
25635,20.1675,,,0.298986,0.000399766,7,0.26413
25664,20.1859,,,0.289061,0.000399765,7,0.183852
25693,20.2043,,,0.295344,0.000399765,7,0.170164
25722,20.2227,,,0.356671,0.000399764,7,0.214092
25751,20.2410,,,0.343888,0.000399764,7,0.211043
25780,20.2594,,,0.350434,0.000399763,7,0.269189
25809,20.2778,,,0.330956,0.000399762,7,0.20846
25838,20.2962,,,0.330731,0.000399762,7,0.258917
25867,20.3145,,,0.300252,0.000399761,7,0.202923
25896,20.3329,,,0.338599,0.000399761,7,0.214743
25925,20.3512,,,0.338026,0.00039976,7,0.219475
25954,20.3696,,,0.336003,0.00039976,7,0.175403
25983,20.3880,,,0.35355,0.000399759,7,0.232554
26012,20.4064,,,0.330845,0.000399759,7,0.167557
26041,20.4248,,,0.317613,0.000399758,7,0.189315
26070,20.4432,,,0.317734,0.000399757,7,0.207432
26099,20.4616,,,0.311472,0.000399757,7,0.161386
26128,20.4799,,,0.337849,0.000399756,7,0.166966
26157,20.4983,,,0.362147,0.000399756,7,0.246279
26186,20.5167,,,0.344944,0.000399755,7,0.176999
26215,20.5351,,,0.318329,0.000399755,7,0.202525
26244,20.5534,,,0.338037,0.000399754,7,0.212849
26273,20.5718,,,0.277492,0.000399753,7,0.171625
26302,20.5902,,,0.280343,0.000399753,7,0.185614
26331,20.6086,,,0.242963,0.000399752,7,0.16474
26360,20.6269,,,0.329766,0.000399752,7,0.161593
26389,20.6453,,,0.323367,0.000399751,7,0.177204
26418,20.6637,,,0.34897,0.000399751,7,0.19245
26447,20.6821,,,0.331281,0.00039975,7,0.2069
26476,20.7005,,,0.279513,0.00039975,7,0.272818
26505,20.7188,,,0.35122,0.000399749,7,0.218716
26534,20.7372,,,0.331014,0.000399748,7,0.217832
26563,20.7555,,,0.329817,0.000399748,7,0.236883
26592,20.7739,,,0.298608,0.000399747,7,0.184863
26621,20.7923,,,0.263186,0.000399747,7,0.186488
26650,20.8109,,,0.337267,0.000399746,7,0.244717
26679,20.8292,,,0.291544,0.000399746,7,0.219347
26708,20.8476,,,0.342702,0.000399745,7,0.31214
26737,20.8660,,,0.318245,0.000399744,7,0.254222
26766,20.8843,,,0.266969,0.000399744,7,0.253677
26795,20.9027,,,0.354579,0.000399743,7,0.221043
26824,20.9211,,,0.252206,0.000399743,7,0.16688
26853,20.9394,,,0.292338,0.000399742,7,0.176768
26882,20.9578,,,0.323843,0.000399741,7,0.219903
26911,20.9762,,,0.257654,0.000399741,7,0.189719
26940,20.9946,,,0.299857,0.00039974,7,0.164677
26969,21.0129,,,0.293805,0.00039974,7,0.241952
26998,21.0313,,,0.281269,0.000399739,7,0.150687
27027,21.0497,,,0.314418,0.000399739,7,0.199004
27056,21.0681,,,0.320509,0.000399738,7,0.161592
27085,21.0864,,,0.328061,0.000399737,7,0.151336
27114,21.1047,,,0.264599,0.000399737,7,0.163005
27143,21.1231,,,0.289805,0.000399736,7,0.224074
27172,21.1415,,,0.305695,0.000399736,7,0.24567
27201,21.1599,,,0.335329,0.000399735,7,0.192045
27230,21.1783,,,0.299084,0.000399734,7,0.268187
27259,21.1967,,,0.347181,0.000399734,7,0.174359
27288,21.2150,,,0.327107,0.000399733,7,0.217245
27317,21.2334,,,0.242214,0.000399733,7,0.183441
27346,21.2518,,,0.308504,0.000399732,7,0.180636
27375,21.2702,,,0.313909,0.000399732,7,0.172783
27404,21.2889,,,0.308082,0.000399731,7,0.166529
27433,21.3073,,,0.290014,0.00039973,7,0.199535
27462,21.3257,,,0.335739,0.00039973,7,0.222213
27491,21.3441,,,0.288323,0.000399729,7,0.177157
27520,21.3625,,,0.301978,0.000399729,7,0.149127
27549,21.3809,,,0.239205,0.000399728,7,0.17828
27578,21.3993,,,0.250733,0.000399727,7,0.160605
27607,21.4177,,,0.329098,0.000399727,7,0.183783
27636,21.4361,,,0.286437,0.000399726,7,0.164983
27665,21.4545,,,0.338924,0.000399726,7,0.232797
27694,21.4729,,,0.343515,0.000399725,7,0.160946
27723,21.4913,,,0.281251,0.000399724,7,0.145177
27752,21.5097,,,0.295844,0.000399724,7,0.183004
27781,21.5281,,,0.304639,0.000399723,7,0.248741
27810,21.5467,,,0.394494,0.000399723,7,0.260819
27839,21.5651,,,0.300484,0.000399722,7,0.155725
27868,21.5836,,,0.362738,0.000399721,7,0.243532
27897,21.6020,,,0.285793,0.000399721,7,0.153844
27926,21.6203,,,0.410149,0.00039972,7,0.330724
27955,21.6387,,,0.283988,0.00039972,7,0.186322
27984,21.6571,,,0.333353,0.000399719,7,0.18451
28013,21.6755,,,0.322341,0.000399718,7,0.16314
28042,21.6939,,,0.341367,0.000399718,7,0.197974
28071,21.7123,,,0.274864,0.000399717,7,0.164029
28100,21.7307,,,0.336332,0.000399717,7,0.151996
28129,21.7491,,,0.295298,0.000399716,7,0.202207
28158,21.7675,,,0.286302,0.000399715,7,0.143705
28187,21.7859,,,0.307785,0.000399715,7,0.1754
28216,21.8042,,,0.299326,0.000399714,7,0.161787
28245,21.8226,,,0.296463,0.000399714,7,0.202278
28274,21.8410,,,0.294479,0.000399713,7,0.258914
28303,21.8594,,,0.338637,0.000399712,7,0.226809
28332,21.8804,,,0.273461,0.000399712,7,0.172353
28361,21.8988,,,0.283457,0.000399711,7,0.148124
28390,21.9172,,,0.279095,0.00039971,7,0.200999
28419,21.9356,,,0.319652,0.00039971,7,0.224472
28448,21.9540,,,0.329011,0.000399709,7,0.197544
28477,21.9724,,,0.313339,0.000399709,7,0.17185
28506,21.9908,,,0.277493,0.000399708,7,0.200303
28535,22.0092,,,0.319151,0.000399707,7,0.203999
28564,22.0276,,,0.286068,0.000399707,7,0.18459
28593,22.0459,,,0.33213,0.000399706,7,0.226838
28622,22.0645,,,0.318327,0.000399706,7,0.181235
28651,22.0828,,,0.311422,0.000399705,7,0.155041
28680,22.1012,,,0.301625,0.000399704,7,0.197316
28709,22.1196,,,0.28861,0.000399704,7,0.140635
28738,22.1380,,,0.295817,0.000399703,7,0.170207
28767,22.1564,,,0.280469,0.000399702,7,0.201975
28796,22.1748,,,0.28774,0.000399702,7,0.15603
28825,22.1932,,,0.319042,0.000399701,7,0.240986
28854,22.2115,,,0.310415,0.000399701,7,0.181622
28883,22.2299,,,0.297453,0.0003997,7,0.246042
28912,22.2483,,,0.302429,0.000399699,7,0.158892
28941,22.2667,,,0.390473,0.000399699,7,0.219381
28970,22.2851,,,0.31536,0.000399698,7,0.178697
28999,22.3035,,,0.310099,0.000399697,7,0.169098
29028,22.3218,,,0.34756,0.000399697,7,0.187272
29047,22.8952,0.307894,0.313465,,,7,
29057,22.9066,,,0.268862,0.000399696,8,0.206609
29086,22.9249,,,0.305399,0.000399696,8,0.202985
29115,22.9433,,,0.361448,0.000399695,8,0.209772
29144,22.9617,,,0.309071,0.000399694,8,0.168666
29173,22.9801,,,0.314365,0.000399694,8,0.196191
29202,22.9985,,,0.324131,0.000399693,8,0.196873
29231,23.0168,,,0.330886,0.000399692,8,0.198275
29260,23.0378,,,0.323289,0.000399692,8,0.168396
29289,23.0562,,,0.355561,0.000399691,8,0.228371
29318,23.0746,,,0.323397,0.000399691,8,0.148061
29347,23.0930,,,0.276879,0.00039969,8,0.208323
29376,23.1113,,,0.288288,0.000399689,8,0.165703
29405,23.1297,,,0.335477,0.000399689,8,0.258316
29434,23.1481,,,0.304862,0.000399688,8,0.199563
29463,23.1665,,,0.298841,0.000399687,8,0.261175
29492,23.1849,,,0.338138,0.000399687,8,0.273069
29521,23.2032,,,0.278989,0.000399686,8,0.161688
29550,23.2216,,,0.363061,0.000399685,8,0.232727
29579,23.2400,,,0.249008,0.000399685,8,0.197116
29608,23.2584,,,0.281043,0.000399684,8,0.190204
29637,23.2768,,,0.304117,0.000399684,8,0.153636
29666,23.2952,,,0.286162,0.000399683,8,0.168839
29695,23.3135,,,0.265964,0.000399682,8,0.174555
29724,23.3319,,,0.2841,0.000399682,8,0.150372
29753,23.3503,,,0.379345,0.000399681,8,0.215662
29782,23.3687,,,0.299113,0.00039968,8,0.157349
29811,23.3871,,,0.36737,0.00039968,8,0.199182
29840,23.4057,,,0.333328,0.000399679,8,0.235836
29869,23.4240,,,0.311517,0.000399678,8,0.196678
29898,23.4426,,,0.359535,0.000399678,8,0.23845
29927,23.4609,,,0.287736,0.000399677,8,0.154961
29956,23.4796,,,0.285223,0.000399676,8,0.182453
29985,23.4980,,,0.304802,0.000399676,8,0.19322
30014,23.5165,,,0.295326,0.000399675,8,0.188861
30043,23.5349,,,0.294899,0.000399674,8,0.179867
30072,23.5533,,,0.328793,0.000399674,8,0.171377
30101,23.5716,,,0.361663,0.000399673,8,0.204079
30130,23.5901,,,0.279654,0.000399673,8,0.187168
30159,23.6085,,,0.339795,0.000399672,8,0.198079
30188,23.6269,,,0.366932,0.000399671,8,0.212347
30217,23.6453,,,0.333151,0.000399671,8,0.150319
30246,23.6637,,,0.283848,0.00039967,8,0.175966
30275,23.6820,,,0.322822,0.000399669,8,0.182969
30304,23.7004,,,0.288698,0.000399669,8,0.484731
30333,23.7190,,,0.337513,0.000399668,8,0.191018
30362,23.7374,,,0.300581,0.000399667,8,0.172094
30391,23.7558,,,0.317399,0.000399667,8,0.155037
30420,23.7742,,,0.360116,0.000399666,8,0.220283
30449,23.7926,,,0.340629,0.000399665,8,0.18573
30478,23.8109,,,0.329003,0.000399665,8,0.199452
30507,23.8293,,,0.33481,0.000399664,8,0.310756
30536,23.8477,,,0.381995,0.000399663,8,0.177165
30565,23.8661,,,0.282619,0.000399663,8,0.208714
30594,23.8845,,,0.281864,0.000399662,8,0.211491
30623,23.9028,,,0.304536,0.000399661,8,0.234594
30652,23.9212,,,0.318567,0.000399661,8,0.153255
30681,23.9396,,,0.280184,0.00039966,8,0.213756
30710,23.9580,,,0.366671,0.000399659,8,0.24237
30739,23.9764,,,0.324561,0.000399659,8,0.257075
30768,23.9947,,,0.333846,0.000399658,8,0.165982
30797,24.0131,,,0.250691,0.000399657,8,0.181852
30826,24.0315,,,0.315472,0.000399657,8,0.171998
30855,24.0499,,,0.288246,0.000399656,8,0.141419
30884,24.0683,,,0.283722,0.000399655,8,0.19368
30913,24.0867,,,0.255446,0.000399655,8,0.146794
30942,24.1051,,,0.274535,0.000399654,8,0.175678
30971,24.1235,,,0.299894,0.000399653,8,0.125981
31000,24.1419,,,0.335236,0.000399653,8,0.179641
31029,24.1603,,,0.299609,0.000399652,8,0.155978
31058,24.1786,,,0.307267,0.000399651,8,0.197414
31087,24.1970,,,0.299046,0.000399651,8,0.353202
31116,24.2154,,,0.321958,0.00039965,8,0.175312
31145,24.2338,,,0.288282,0.000399649,8,0.215097
31174,24.2522,,,0.303732,0.000399649,8,0.210798
31203,24.2706,,,0.297194,0.000399648,8,0.193726
31232,24.2889,,,0.300121,0.000399647,8,0.27601
31261,24.3073,,,0.295128,0.000399647,8,0.212696
31290,24.3257,,,0.379377,0.000399646,8,0.248762
31319,24.3443,,,0.300174,0.000399645,8,0.236665
31348,24.3627,,,0.329843,0.000399645,8,0.19852
31377,24.3813,,,0.331543,0.000399644,8,0.219888
31406,24.3996,,,0.318194,0.000399643,8,0.224183
31435,24.4180,,,0.353855,0.000399643,8,0.340877
31464,24.4364,,,0.361046,0.000399642,8,0.327888
31493,24.4548,,,0.283846,0.000399641,8,0.214786
31522,24.4734,,,0.339931,0.00039964,8,0.198165
31551,24.4918,,,0.328558,0.00039964,8,0.297123
31580,24.5102,,,0.301444,0.000399639,8,0.227466
31609,24.5286,,,0.277529,0.000399638,8,0.150812
31638,24.5470,,,0.253196,0.000399638,8,0.132329
31667,24.5654,,,0.287461,0.000399637,8,0.17744
31696,24.5838,,,0.304845,0.000399636,8,0.266245
31725,24.6022,,,0.290539,0.000399636,8,0.165612
31754,24.6205,,,0.281717,0.000399635,8,0.200057
31783,24.6389,,,0.347538,0.000399634,8,0.216943
31812,24.6573,,,0.33356,0.000399634,8,0.228713
31841,24.6757,,,0.304709,0.000399633,8,0.162177
31870,24.6941,,,0.311704,0.000399632,8,0.23305
31899,24.7125,,,0.320946,0.000399632,8,0.195845
31928,24.7309,,,0.328981,0.000399631,8,0.187759
31957,24.7493,,,0.302497,0.00039963,8,0.16309
31986,24.7677,,,0.309173,0.000399629,8,0.169612
32015,24.7861,,,0.334971,0.000399629,8,0.180945
32044,24.8044,,,0.281337,0.000399628,8,0.16755
32073,24.8228,,,0.29438,0.000399627,8,0.221195
32102,24.8412,,,0.354931,0.000399627,8,0.173163
32131,24.8596,,,0.291353,0.000399626,8,0.18058
32160,24.8780,,,0.346854,0.000399625,8,0.178824
32189,24.8964,,,0.315562,0.000399625,8,0.191225
32218,24.9148,,,0.30139,0.000399624,8,0.225401
32247,24.9333,,,0.338096,0.000399623,8,0.210213
32276,24.9517,,,0.302534,0.000399623,8,0.177741
32305,24.9701,,,0.306017,0.000399622,8,0.183278
32334,24.9886,,,0.382122,0.000399621,8,0.262117
32363,25.0070,,,0.321006,0.00039962,8,0.251202
32392,25.0253,,,0.374099,0.00039962,8,0.285691
32421,25.0437,,,0.326508,0.000399619,8,0.239324
32450,25.0622,,,0.311451,0.000399618,8,0.146872
32479,25.0806,,,0.362843,0.000399618,8,0.276578
32508,25.0989,,,0.317322,0.000399617,8,0.229139
32537,25.1173,,,0.347163,0.000399616,8,0.198597
32566,25.1357,,,0.295955,0.000399615,8,0.181962
32595,25.1541,,,0.345375,0.000399615,8,0.232526
32624,25.1725,,,0.262225,0.000399614,8,0.1661
32653,25.1909,,,0.266863,0.000399613,8,0.161666
32678,25.7678,0.310353,0.31187,,,8,
32682,25.7711,,,0.336364,0.000399613,9,0.244987
32711,25.7895,,,0.293989,0.000399612,9,0.19391
32740,25.8080,,,0.300144,0.000399611,9,0.255658
32769,25.8264,,,0.292326,0.000399611,9,0.183127
32798,25.8448,,,0.294579,0.00039961,9,0.145918
32827,25.8633,,,0.288102,0.000399609,9,0.196084
32856,25.8817,,,0.337655,0.000399608,9,0.169844
32885,25.9001,,,0.289641,0.000399608,9,0.173374
32914,25.9186,,,0.354535,0.000399607,9,0.289376
32943,25.9370,,,0.30447,0.000399606,9,0.218684
32972,25.9554,,,0.33066,0.000399606,9,0.194549
33001,25.9738,,,0.263468,0.000399605,9,0.252106
33030,25.9923,,,0.297303,0.000399604,9,0.178644
33059,26.0107,,,0.26697,0.000399603,9,0.21696
33088,26.0291,,,0.305112,0.000399603,9,0.145144
33117,26.0475,,,0.271713,0.000399602,9,0.166815
33146,26.0660,,,0.282526,0.000399601,9,0.143199
33175,26.0844,,,0.301373,0.000399601,9,0.240329
33204,26.1028,,,0.340519,0.0003996,9,0.19121
33233,26.1212,,,0.350161,0.000399599,9,0.216574
33262,26.1396,,,0.287983,0.000399598,9,0.143995
33291,26.1581,,,0.306416,0.000399598,9,0.173328
33320,26.1765,,,0.304042,0.000399597,9,0.26211
33349,26.1949,,,0.340199,0.000399596,9,0.228971
33378,26.2133,,,0.339384,0.000399595,9,0.177024
33407,26.2317,,,0.258139,0.000399595,9,0.173733
33436,26.2502,,,0.334609,0.000399594,9,0.191867
33465,26.2686,,,0.300236,0.000399593,9,0.148992
33494,26.2870,,,0.268663,0.000399593,9,0.193798
33523,26.3054,,,0.347509,0.000399592,9,0.238944
33552,26.3238,,,0.321185,0.000399591,9,0.174514
33581,26.3423,,,0.346073,0.00039959,9,0.230266
33610,26.3607,,,0.310904,0.00039959,9,0.210364
33639,26.3791,,,0.314798,0.000399589,9,0.193818
33668,26.3977,,,0.357406,0.000399588,9,0.253814
33697,26.4161,,,0.372654,0.000399587,9,0.305003
33726,26.4345,,,0.323938,0.000399587,9,0.224378
33755,26.4529,,,0.343173,0.000399586,9,0.330308
33784,26.4713,,,0.32982,0.000399585,9,0.234756
33813,26.4898,,,0.30914,0.000399585,9,0.226304
33842,26.5082,,,0.305719,0.000399584,9,0.193342
33871,26.5266,,,0.283317,0.000399583,9,0.153051
33900,26.5450,,,0.287817,0.000399582,9,0.158972
33929,26.5634,,,0.300962,0.000399582,9,0.17665
33958,26.5818,,,0.236054,0.000399581,9,0.164439
33987,26.6002,,,0.286714,0.00039958,9,0.222113
34016,26.6186,,,0.321034,0.000399579,9,0.17885
34045,26.6370,,,0.249999,0.000399579,9,0.142809
34074,26.6554,,,0.371011,0.000399578,9,0.167344
34103,26.6738,,,0.333407,0.000399577,9,0.179988
34132,26.6922,,,0.419975,0.000399576,9,0.234469
34161,26.7106,,,0.313152,0.000399576,9,0.159356
34190,26.7290,,,0.312606,0.000399575,9,0.174149
34219,26.7474,,,0.315029,0.000399574,9,0.220262
34248,26.7658,,,0.276766,0.000399573,9,0.195459
34277,26.7842,,,0.315812,0.000399573,9,0.154485
34306,26.8026,,,0.307061,0.000399572,9,0.186174
34335,26.8210,,,0.247109,0.000399571,9,0.204526
34364,26.8395,,,0.281587,0.00039957,9,0.186507
34393,26.8579,,,0.346716,0.00039957,9,0.168527
34422,26.8765,,,0.222231,0.000399569,9,0.164711
34451,26.8951,,,0.290535,0.000399568,9,0.192834
34480,26.9137,,,0.298818,0.000399567,9,0.165853
34509,26.9322,,,0.30426,0.000399567,9,0.166422
34538,26.9506,,,0.35097,0.000399566,9,0.202378
34567,26.9691,,,0.269076,0.000399565,9,0.18315
34596,26.9877,,,0.269887,0.000399564,9,0.201319
34625,27.0064,,,0.309119,0.000399564,9,0.20114
34654,27.0251,,,0.326179,0.000399563,9,0.260825
34683,27.0438,,,0.405596,0.000399562,9,0.258848
34712,27.0625,,,0.319428,0.000399561,9,0.614384
34741,27.0811,,,0.258618,0.000399561,9,0.123447
34770,27.0997,,,0.380599,0.00039956,9,0.24973
34799,27.1184,,,0.315337,0.000399559,9,0.249929
34828,27.1370,,,0.271067,0.000399558,9,0.253651
34857,27.1556,,,0.299914,0.000399558,9,0.202396
34886,27.1742,,,0.311346,0.000399557,9,0.215203
34915,27.1929,,,0.311893,0.000399556,9,0.183779
34944,27.2116,,,0.302632,0.000399555,9,0.203479
34973,27.2303,,,0.338371,0.000399555,9,0.250502
35002,27.2489,,,0.280182,0.000399554,9,0.166268
35031,27.2675,,,0.314578,0.000399553,9,0.214342
35060,27.2862,,,0.338367,0.000399552,9,0.256599
35089,27.3048,,,0.347684,0.000399552,9,0.178925
35118,27.3235,,,0.297913,0.000399551,9,0.228704
35147,27.3420,,,0.286145,0.00039955,9,0.175361
35176,27.3604,,,0.358541,0.000399549,9,0.236278
35205,27.3789,,,0.342812,0.000399549,9,0.187274
35234,27.3973,,,0.304331,0.000399548,9,0.166422
35263,27.4158,,,0.337936,0.000399547,9,0.200998
35292,27.4345,,,0.288921,0.000399546,9,0.206295
35321,27.4531,,,0.354107,0.000399545,9,0.172848
35350,27.4717,,,0.300101,0.000399545,9,0.241207
35379,27.4904,,,0.341241,0.000399544,9,0.21048
35408,27.5090,,,0.280128,0.000399543,9,0.160192
35437,27.5277,,,0.331465,0.000399542,9,0.218218
35466,27.5464,,,0.395926,0.000399542,9,0.224287
35495,27.5651,,,0.252794,0.000399541,9,0.153944
35524,27.5837,,,0.299445,0.00039954,9,0.140196
35553,27.6024,,,0.285616,0.000399539,9,0.228462
35582,27.6210,,,0.333986,0.000399539,9,0.262963
35611,27.6396,,,0.322331,0.000399538,9,0.207479
35640,27.6583,,,0.40899,0.000399537,9,0.324179
35669,27.6770,,,0.343241,0.000399536,9,0.290037
35698,27.6956,,,0.291663,0.000399535,9,0.307941
35727,27.7143,,,0.271883,0.000399535,9,0.181706
35756,27.7330,,,0.249594,0.000399534,9,0.319472
35785,27.7516,,,0.292971,0.000399533,9,0.215605
35814,27.7702,,,0.296394,0.000399532,9,0.170102
35843,27.7888,,,0.309499,0.000399532,9,0.205227
35872,27.8074,,,0.29631,0.000399531,9,0.157373
35901,27.8259,,,0.347055,0.00039953,9,0.270375
35930,27.8443,,,0.365029,0.000399529,9,0.218184
35959,27.8628,,,0.294343,0.000399528,9,0.190847
35988,27.8812,,,0.298868,0.000399528,9,0.190371
36017,27.8997,,,0.290797,0.000399527,9,0.136729
36046,27.9181,,,0.295086,0.000399526,9,0.141852
36075,27.9366,,,0.293893,0.000399525,9,0.170418
36104,27.9550,,,0.407419,0.000399525,9,0.227936
36133,27.9734,,,0.315577,0.000399524,9,0.221613
36162,27.9917,,,0.326479,0.000399523,9,0.170771
36191,28.0101,,,0.391075,0.000399522,9,0.20037
36220,28.0285,,,0.288402,0.000399521,9,0.209741
36249,28.0469,,,0.270835,0.000399521,9,0.166216
36278,28.0654,,,0.322825,0.00039952,9,0.218242
36307,28.0838,,,0.311572,0.000399519,9,0.144227
36309,28.6457,0.302134,0.309808,,,9,
36336,28.6632,,,0.298282,0.000399518,10,0.184385
36365,28.6816,,,0.275768,0.000399517,10,0.207014
36394,28.7000,,,0.299317,0.000399517,10,0.156577
36423,28.7184,,,0.290442,0.000399516,10,0.194557
36452,28.7368,,,0.33315,0.000399515,10,0.191212
36481,28.7551,,,0.361748,0.000399514,10,0.176035
36510,28.7735,,,0.299243,0.000399513,10,0.250295
36539,28.7920,,,0.345679,0.000399513,10,0.217618
36568,28.8103,,,0.29966,0.000399512,10,0.220239
36597,28.8287,,,0.309998,0.000399511,10,0.254076
36626,28.8471,,,0.244392,0.00039951,10,0.126197
36655,28.8655,,,0.268908,0.000399509,10,0.226212
36684,28.8839,,,0.31749,0.000399509,10,0.156688
36713,28.9023,,,0.307003,0.000399508,10,0.25125
36742,28.9207,,,0.306535,0.000399507,10,0.191047
36771,28.9391,,,0.301278,0.000399506,10,0.193943
36800,28.9575,,,0.390538,0.000399505,10,0.218065
36829,28.9759,,,0.286134,0.000399505,10,0.178548
36858,28.9943,,,0.278741,0.000399504,10,0.17949
36887,29.0127,,,0.303041,0.000399503,10,0.167156
36916,29.0311,,,0.29232,0.000399502,10,0.145226
36945,29.0495,,,0.284648,0.000399501,10,0.140203
36974,29.0679,,,0.283536,0.000399501,10,0.194733
37003,29.0862,,,0.303921,0.0003995,10,0.167156
37032,29.1046,,,0.281522,0.000399499,10,0.145188
37061,29.1231,,,0.271417,0.000399498,10,0.158724
37090,29.1414,,,0.351106,0.000399497,10,0.162188
37119,29.1598,,,0.354088,0.000399497,10,0.200902
37148,29.1782,,,0.281872,0.000399496,10,0.168367
37177,29.1966,,,0.282297,0.000399495,10,0.166655
37206,29.2150,,,0.311328,0.000399494,10,0.163337
37235,29.2333,,,0.287485,0.000399493,10,0.147898
37264,29.2517,,,0.32602,0.000399493,10,0.210328
37293,29.2701,,,0.321487,0.000399492,10,0.259885
37322,29.2885,,,0.313044,0.000399491,10,0.177022
37351,29.3069,,,0.332091,0.00039949,10,0.205128
37380,29.3253,,,0.298854,0.000399489,10,0.240233
37409,29.3437,,,0.305667,0.000399489,10,0.285652
37438,29.3621,,,0.33232,0.000399488,10,0.187688
37467,29.3805,,,0.348906,0.000399487,10,0.20295
37496,29.3989,,,0.274925,0.000399486,10,0.169657
37525,29.4172,,,0.330235,0.000399485,10,0.185225
37554,29.4356,,,0.296354,0.000399484,10,0.129572
37583,29.4540,,,0.281585,0.000399484,10,0.174798
37612,29.4724,,,0.317995,0.000399483,10,0.22378
37641,29.4907,,,0.337827,0.000399482,10,0.232646
37670,29.5092,,,0.391301,0.000399481,10,0.18342
37699,29.5275,,,0.293294,0.00039948,10,0.194269
37728,29.5459,,,0.316503,0.00039948,10,0.219312
37757,29.5643,,,0.33856,0.000399479,10,0.204275
37786,29.5827,,,0.281083,0.000399478,10,0.18746
37815,29.6012,,,0.285982,0.000399477,10,0.178946
37844,29.6196,,,0.256224,0.000399476,10,0.204772
37873,29.6380,,,0.303302,0.000399475,10,0.171306
37902,29.6564,,,0.303289,0.000399475,10,0.161538
37931,29.6748,,,0.329457,0.000399474,10,0.224055
37960,29.6932,,,0.386107,0.000399473,10,0.195338
37989,29.7116,,,0.286919,0.000399472,10,0.1774
38018,29.7300,,,0.290763,0.000399471,10,0.220582
38047,29.7484,,,0.267642,0.00039947,10,0.174829
38076,29.7668,,,0.307928,0.00039947,10,0.381362
38105,29.7851,,,0.320228,0.000399469,10,0.281986
38134,29.8035,,,0.324303,0.000399468,10,0.189541
38163,29.8219,,,0.250356,0.000399467,10,0.14743
38192,29.8403,,,0.287266,0.000399466,10,0.1727
38221,29.8587,,,0.281235,0.000399465,10,0.13598
38250,29.8771,,,0.270474,0.000399465,10,0.170127
38279,29.8955,,,0.334647,0.000399464,10,0.213224
38308,29.9139,,,0.320403,0.000399463,10,0.152068
38337,29.9322,,,0.276069,0.000399462,10,0.160242
38366,29.9506,,,0.319026,0.000399461,10,0.161762
38395,29.9690,,,0.302849,0.00039946,10,0.198039
38424,29.9874,,,0.317777,0.00039946,10,0.184391
38453,30.0057,,,0.294184,0.000399459,10,0.163934
38482,30.0241,,,0.330664,0.000399458,10,0.182227
38511,30.0425,,,0.265874,0.000399457,10,0.161499
38540,30.0609,,,0.320943,0.000399456,10,0.192835
38569,30.0793,,,0.356702,0.000399455,10,0.168766
38598,30.0977,,,0.317348,0.000399455,10,0.177654
38627,30.1160,,,0.31426,0.000399454,10,0.299074
38656,30.1345,,,0.327628,0.000399453,10,0.167901
38685,30.1529,,,0.281266,0.000399452,10,0.182652
38714,30.1712,,,0.316819,0.000399451,10,0.193451
38743,30.1896,,,0.294596,0.00039945,10,0.198016
38772,30.2080,,,0.38048,0.00039945,10,0.168381
38801,30.2264,,,0.359693,0.000399449,10,0.192835
38830,30.2447,,,0.334918,0.000399448,10,0.217021
38859,30.2631,,,0.307248,0.000399447,10,0.153404
38888,30.2815,,,0.313688,0.000399446,10,0.165049
38917,30.2999,,,0.32565,0.000399445,10,0.229072
38946,30.3183,,,0.332128,0.000399444,10,0.198741
38975,30.3367,,,0.295629,0.000399444,10,0.214861
39004,30.3551,,,0.320696,0.000399443,10,0.218163
39033,30.3735,,,0.274123,0.000399442,10,0.205723
39062,30.3919,,,0.296143,0.000399441,10,0.163788
39091,30.4103,,,0.27797,0.00039944,10,0.217263
39120,30.4287,,,0.293095,0.000399439,10,0.217404
39149,30.4470,,,0.271317,0.000399438,10,0.193765
39178,30.4654,,,0.323674,0.000399438,10,0.247513
39207,30.4838,,,0.309653,0.000399437,10,0.252723
39236,30.5021,,,0.298944,0.000399436,10,0.159401
39265,30.5205,,,0.312465,0.000399435,10,0.239765
39294,30.5388,,,0.262187,0.000399434,10,0.141142
39323,30.5572,,,0.29395,0.000399433,10,0.208545
39352,30.5756,,,0.338717,0.000399432,10,0.251384
39381,30.5940,,,0.303675,0.000399432,10,0.154744
39410,30.6124,,,0.359779,0.000399431,10,0.281524
39439,30.6308,,,0.281311,0.00039943,10,0.171226
39468,30.6492,,,0.343237,0.000399429,10,0.228851
39497,30.6675,,,0.29813,0.000399428,10,0.285604
39526,30.6859,,,0.309085,0.000399427,10,0.166742
39555,30.7042,,,0.328038,0.000399426,10,0.195006
39584,30.7226,,,0.305765,0.000399426,10,0.180336
39613,30.7410,,,0.252913,0.000399425,10,0.164141
39642,30.7594,,,0.338351,0.000399424,10,0.244143
39671,30.7778,,,0.278649,0.000399423,10,0.14629
39700,30.7961,,,0.338156,0.000399422,10,0.162235
39729,30.8146,,,0.271787,0.000399421,10,0.184599
39758,30.8329,,,0.351915,0.00039942,10,0.21318
39787,30.8513,,,0.347243,0.00039942,10,0.203356
39816,30.8697,,,0.320304,0.000399419,10,0.25898
39845,30.8881,,,0.290058,0.000399418,10,0.181227
39874,30.9065,,,0.342307,0.000399417,10,4.97541
39903,30.9248,,,0.259955,0.000399416,10,0.189007
39932,30.9432,,,0.292005,0.000399415,10,0.188927
39940,31.5086,0.312369,0.308628,,,10,
39961,31.5231,,,0.320972,0.000399414,11,0.205765
39990,31.5415,,,0.274002,0.000399413,11,0.177451
40019,31.5599,,,0.300872,0.000399413,11,0.218025
40048,31.5783,,,0.27681,0.000399412,11,0.176896
40077,31.5967,,,0.368262,0.000399411,11,0.25919
40106,31.6150,,,0.333357,0.00039941,11,0.239188
40135,31.6334,,,0.37056,0.000399409,11,0.25003
40164,31.6517,,,0.282724,0.000399408,11,0.170293
40193,31.6701,,,0.26703,0.000399407,11,0.165261
40222,31.6884,,,0.334578,0.000399406,11,0.191385
40251,31.7068,,,0.291428,0.000399406,11,0.187437
40280,31.7252,,,0.279616,0.000399405,11,0.205917
40309,31.7436,,,0.383844,0.000399404,11,0.256443
40338,31.7619,,,0.369419,0.000399403,11,0.311122
40367,31.7803,,,0.267614,0.000399402,11,0.217219
40396,31.7987,,,0.287609,0.000399401,11,0.135276
40425,31.8170,,,0.384834,0.0003994,11,0.199277
40454,31.8353,,,0.269785,0.000399399,11,0.161186
40483,31.8537,,,0.326626,0.000399399,11,0.166285
40512,31.8720,,,0.330688,0.000399398,11,0.168985
40541,31.8904,,,0.294024,0.000399397,11,0.169977
40570,31.9088,,,0.294614,0.000399396,11,0.154313
40599,31.9271,,,0.319511,0.000399395,11,0.286713
40628,31.9455,,,0.339547,0.000399394,11,0.213901
40657,31.9639,,,0.306101,0.000399393,11,0.177828
40686,31.9823,,,0.304239,0.000399392,11,0.253748
40715,32.0007,,,0.305585,0.000399391,11,0.197596
40744,32.0191,,,0.344406,0.000399391,11,0.18048
40773,32.0374,,,0.309725,0.00039939,11,0.245138
40802,32.0558,,,0.347629,0.000399389,11,0.207489
40831,32.0742,,,0.324545,0.000399388,11,0.320167
40860,32.0927,,,0.349863,0.000399387,11,0.316992
40889,32.1111,,,0.299893,0.000399386,11,0.241156
40918,32.1294,,,0.291704,0.000399385,11,0.155383
40947,32.1478,,,0.308682,0.000399384,11,0.182739
40976,32.1664,,,0.368961,0.000399383,11,0.283387
41005,32.1848,,,0.370342,0.000399383,11,0.240706
41034,32.2032,,,0.314091,0.000399382,11,0.189805
41063,32.2215,,,0.32985,0.000399381,11,0.181734
41092,32.2399,,,0.335502,0.00039938,11,0.221373
41121,32.2583,,,0.297466,0.000399379,11,0.175951
41150,32.2767,,,0.293085,0.000399378,11,0.220224
41179,32.2951,,,0.313563,0.000399377,11,0.168593
41208,32.3135,,,0.35056,0.000399376,11,0.183809
41237,32.3319,,,0.283308,0.000399375,11,0.164992
41266,32.3503,,,0.349008,0.000399374,11,0.196653
41295,32.3687,,,0.37191,0.000399374,11,0.222533
41324,32.3871,,,0.303621,0.000399373,11,0.185965
41353,32.4055,,,0.323089,0.000399372,11,0.160097
41382,32.4239,,,0.237256,0.000399371,11,0.240851
41411,32.4423,,,0.331207,0.00039937,11,0.246524
41440,32.4607,,,0.273814,0.000399369,11,0.162094
41469,32.4791,,,0.31168,0.000399368,11,0.182994
41498,32.4975,,,0.308059,0.000399367,11,0.194192
41527,32.5159,,,0.331068,0.000399366,11,0.233003
41556,32.5342,,,0.2767,0.000399365,11,0.191729
41585,32.5526,,,0.310095,0.000399365,11,0.213982
41614,32.5710,,,0.324909,0.000399364,11,1.18129
41643,32.5893,,,0.308842,0.000399363,11,0.19508
41672,32.6077,,,0.275653,0.000399362,11,0.159625
41701,32.6261,,,0.300581,0.000399361,11,0.198236
41730,32.6445,,,0.303866,0.00039936,11,0.146017
41759,32.6629,,,0.284565,0.000399359,11,0.162845
41788,32.6813,,,0.325553,0.000399358,11,0.240573
41817,32.6996,,,0.28878,0.000399357,11,0.163764
41846,32.7180,,,0.332712,0.000399356,11,0.203581
41875,32.7364,,,0.288799,0.000399355,11,0.171784
41904,32.7548,,,0.321621,0.000399354,11,0.293258
41933,32.7732,,,0.323366,0.000399354,11,0.21753
41962,32.7916,,,0.323221,0.000399353,11,0.177145
41991,32.8099,,,0.356807,0.000399352,11,0.244901
42020,32.8283,,,0.340275,0.000399351,11,0.3404
42049,32.8467,,,0.322596,0.00039935,11,0.188782
42078,32.8651,,,0.281778,0.000399349,11,0.78083
42107,32.8835,,,0.326035,0.000399348,11,0.222601
42136,32.9019,,,0.275093,0.000399347,11,0.164818
42165,32.9203,,,0.31496,0.000399346,11,0.199825
42194,32.9387,,,0.280054,0.000399345,11,0.23409
42223,32.9571,,,0.351743,0.000399344,11,0.198468
42252,32.9755,,,0.351515,0.000399343,11,0.264137
42281,32.9939,,,0.34361,0.000399343,11,0.173757
42310,33.0123,,,0.303588,0.000399342,11,0.191009
42339,33.0306,,,0.279744,0.000399341,11,0.222802
42368,33.0490,,,0.329141,0.00039934,11,0.18379
42397,33.0674,,,0.222389,0.000399339,11,0.232467
42426,33.0858,,,0.325502,0.000399338,11,0.196282
42455,33.1042,,,0.299099,0.000399337,11,0.20059
42484,33.1226,,,0.289719,0.000399336,11,0.207285
42513,33.1410,,,0.328212,0.000399335,11,0.172579
42542,33.1594,,,0.33304,0.000399334,11,0.197292
42571,33.1778,,,0.306974,0.000399333,11,0.150654
42600,33.1962,,,0.296712,0.000399332,11,0.175901
42629,33.2145,,,0.351264,0.000399331,11,19.9592
42658,33.2329,,,0.295396,0.00039933,11,0.251657
42687,33.2513,,,0.375894,0.00039933,11,0.380313
42716,33.2697,,,0.312994,0.000399329,11,0.234744
42745,33.2881,,,0.309235,0.000399328,11,0.190902
42774,33.3065,,,0.27313,0.000399327,11,0.201132
42803,33.3249,,,0.337121,0.000399326,11,2.72852
42832,33.3433,,,0.352625,0.000399325,11,0.250085
42861,33.3617,,,0.303049,0.000399324,11,0.2077
42890,33.3801,,,0.375237,0.000399323,11,0.492175
42919,33.3985,,,0.292399,0.000399322,11,0.158084
42948,33.4169,,,0.320187,0.000399321,11,0.198917
42977,33.4353,,,0.302686,0.00039932,11,0.240817
43006,33.4537,,,0.291277,0.000399319,11,0.225266
43035,33.4721,,,0.273234,0.000399318,11,0.205839
43064,33.4905,,,0.328986,0.000399317,11,0.382186
43093,33.5089,,,0.257577,0.000399316,11,0.218849
43122,33.5273,,,0.286264,0.000399315,11,0.185692
43151,33.5457,,,0.321628,0.000399315,11,0.264964
43180,33.5641,,,0.316502,0.000399314,11,0.167887
43209,33.5825,,,0.322447,0.000399313,11,0.26045
43238,33.6009,,,0.322921,0.000399312,11,0.207738
43267,33.6193,,,0.302405,0.000399311,11,0.159151
43296,33.6377,,,0.393987,0.00039931,11,0.278985
43325,33.6561,,,0.301596,0.000399309,11,0.200403
43354,33.6745,,,0.273871,0.000399308,11,0.22297
43383,33.6929,,,0.365487,0.000399307,11,0.284122
43412,33.7112,,,0.268862,0.000399306,11,0.272378
43441,33.7297,,,0.278215,0.000399305,11,0.18721
43470,33.7481,,,0.316163,0.000399304,11,0.248558
43499,33.7664,,,0.270306,0.000399303,11,0.155567
43528,33.7848,,,0.342358,0.000399302,11,0.213974
43557,33.8032,,,0.346586,0.000399301,11,0.234812
43571,34.3724,0.304303,0.310461,,,11,
43586,34.3823,,,0.270865,0.0003993,12,0.203705
43615,34.4007,,,0.275428,0.000399299,12,0.21562
43644,34.4191,,,0.316719,0.000399298,12,0.16719
43673,34.4375,,,0.329551,0.000399297,12,0.226071
43702,34.4559,,,0.30757,0.000399297,12,0.257196
43731,34.4743,,,0.312232,0.000399296,12,0.228398
43760,34.4927,,,0.255262,0.000399295,12,0.157255
43789,34.5111,,,0.316491,0.000399294,12,0.221796
43818,34.5295,,,0.321136,0.000399293,12,0.227521
43847,34.5479,,,0.335054,0.000399292,12,0.253815
43876,34.5663,,,0.331249,0.000399291,12,0.140775
43905,34.5847,,,0.288935,0.00039929,12,0.177415
43934,34.6031,,,0.340104,0.000399289,12,0.245501
43963,34.6214,,,0.315272,0.000399288,12,0.196223
43992,34.6398,,,0.257401,0.000399287,12,0.174999
44021,34.6582,,,0.272622,0.000399286,12,0.167876
44050,34.6766,,,0.311607,0.000399285,12,0.210133
44079,34.6950,,,0.320911,0.000399284,12,0.261532
44108,34.7134,,,0.280581,0.000399283,12,0.215927
44137,34.7318,,,0.288527,0.000399282,12,0.211725
44166,34.7502,,,0.336905,0.000399281,12,0.207523
44195,34.7687,,,0.327834,0.00039928,12,0.169293
44224,34.7871,,,0.315958,0.000399279,12,0.1526
44253,34.8055,,,0.325336,0.000399278,12,0.23097
44282,34.8239,,,0.327303,0.000399277,12,0.188084
44311,34.8423,,,0.322194,0.000399276,12,0.290702
44340,34.8607,,,0.35343,0.000399275,12,0.165003
44369,34.8792,,,0.278834,0.000399274,12,0.209494
44398,34.8976,,,0.300138,0.000399273,12,0.18001
44427,34.9160,,,0.297371,0.000399272,12,0.190193
44456,34.9344,,,0.361884,0.000399271,12,0.266952
44485,34.9528,,,0.286524,0.000399271,12,0.202305
44514,34.9712,,,0.280449,0.00039927,12,0.230797
44543,34.9896,,,0.309469,0.000399269,12,0.259486
44572,35.0080,,,0.288717,0.000399268,12,0.150406
44601,35.0264,,,0.270122,0.000399267,12,0.167891
44630,35.0448,,,0.291632,0.000399266,12,0.185716
44659,35.0633,,,0.295151,0.000399265,12,0.15313
44688,35.0817,,,0.359356,0.000399264,12,0.190279
44717,35.1001,,,0.271897,0.000399263,12,0.304989
44746,35.1185,,,0.315999,0.000399262,12,0.226631
44775,35.1369,,,0.37198,0.000399261,12,0.336152
44804,35.1553,,,0.283977,0.00039926,12,0.243489
44833,35.1738,,,0.281947,0.000399259,12,0.224554
44862,35.1922,,,0.347261,0.000399258,12,0.190333
44891,35.2106,,,0.238928,0.000399257,12,0.241392
44920,35.2290,,,0.322685,0.000399256,12,0.230019
44949,35.2474,,,0.331957,0.000399255,12,0.197667
44978,35.2658,,,0.331364,0.000399254,12,0.299761
45007,35.2842,,,0.362841,0.000399253,12,0.177732
45036,35.3027,,,0.256759,0.000399252,12,0.262624
45065,35.3211,,,0.2871,0.000399251,12,0.15093
45094,35.3395,,,0.323844,0.00039925,12,0.213332
45123,35.3579,,,0.31755,0.000399249,12,0.178105
45152,35.3763,,,0.280205,0.000399248,12,0.149986
45181,35.3948,,,0.255333,0.000399247,12,0.215467
45210,35.4132,,,0.304153,0.000399246,12,0.163944
45239,35.4316,,,0.260264,0.000399245,12,0.172375
45268,35.4500,,,0.291881,0.000399244,12,0.17122
45297,35.4684,,,0.261104,0.000399243,12,0.169454
45326,35.4868,,,0.284316,0.000399242,12,0.183135
45355,35.5052,,,0.304202,0.000399241,12,0.180471
45384,35.5236,,,0.284096,0.00039924,12,0.151629
45413,35.5421,,,0.308028,0.000399239,12,0.182698
45442,35.5605,,,0.325407,0.000399238,12,0.240102
45471,35.5789,,,0.321791,0.000399237,12,0.205953
45500,35.5973,,,0.289156,0.000399236,12,0.190192
45529,35.6157,,,0.33984,0.000399235,12,0.172857
45558,35.6341,,,0.299332,0.000399234,12,0.240649
45587,35.6525,,,0.329694,0.000399233,12,0.177457
45616,35.6709,,,0.271685,0.000399232,12,0.209953
45645,35.6893,,,0.290559,0.000399231,12,0.150598
45674,35.7077,,,0.306017,0.00039923,12,0.166642
45703,35.7261,,,0.303843,0.000399229,12,0.164764
45732,35.7445,,,0.315234,0.000399228,12,0.256079
45761,35.7630,,,0.30306,0.000399227,12,0.163656
45790,35.7814,,,0.283883,0.000399226,12,0.210156
45819,35.7998,,,0.3485,0.000399225,12,0.211537
45848,35.8182,,,0.314782,0.000399224,12,0.242219
45877,35.8366,,,0.306898,0.000399223,12,0.197943
45906,35.8550,,,0.355204,0.000399222,12,0.161853
45935,35.8734,,,0.367863,0.000399221,12,0.23589
45964,35.8918,,,0.308514,0.00039922,12,0.229731
45993,35.9102,,,0.316854,0.000399219,12,0.213926
46022,35.9287,,,0.257143,0.000399218,12,0.205955
46051,35.9471,,,0.366361,0.000399217,12,0.204608
46080,35.9655,,,0.329582,0.000399216,12,0.204426
46109,35.9839,,,0.323803,0.000399215,12,0.203038
46138,36.0023,,,0.324135,0.000399214,12,0.243194
46167,36.0207,,,0.248672,0.000399213,12,0.187974
46196,36.0391,,,0.322619,0.000399212,12,0.196341
46225,36.0576,,,0.316075,0.000399211,12,0.168115
46254,36.0760,,,0.329307,0.00039921,12,0.219814
46283,36.0944,,,0.321509,0.000399209,12,0.156601
46312,36.1128,,,0.285104,0.000399208,12,0.231015
46341,36.1312,,,0.33925,0.000399207,12,0.2224
46370,36.1496,,,0.277091,0.000399206,12,0.163022
46399,36.1680,,,0.310814,0.000399205,12,0.154234
46428,36.1865,,,0.312622,0.000399204,12,0.165851
46457,36.2049,,,0.335649,0.000399203,12,0.178235
46486,36.2233,,,0.308045,0.000399202,12,0.244235
46515,36.2417,,,0.301,0.000399201,12,0.13785
46544,36.2601,,,0.357726,0.0003992,12,0.188373
46573,36.2785,,,0.264779,0.000399199,12,0.21218
46602,36.2969,,,0.301079,0.000399198,12,0.184755
46631,36.3154,,,0.301484,0.000399197,12,0.147372
46660,36.3338,,,0.269106,0.000399196,12,0.287719
46689,36.3522,,,0.339744,0.000399195,12,0.233772
46718,36.3706,,,0.319507,0.000399194,12,0.293883
46747,36.3890,,,0.311076,0.000399193,12,0.175872
46776,36.4074,,,0.294551,0.000399192,12,0.164273
46805,36.4258,,,0.267539,0.000399191,12,0.176128
46834,36.4442,,,0.289788,0.00039919,12,0.248637
46863,36.4627,,,0.319083,0.000399189,12,0.163998
46892,36.4811,,,0.248773,0.000399188,12,0.180193
46921,36.4995,,,0.293702,0.000399187,12,0.180749
46950,36.5179,,,0.30928,0.000399186,12,0.155735
46979,36.5363,,,0.371826,0.000399185,12,0.302969
47008,36.5548,,,0.233328,0.000399183,12,0.159242
47037,36.5732,,,0.30323,0.000399182,12,0.177931
47066,36.5916,,,0.361217,0.000399181,12,0.26232
47095,36.6100,,,0.310619,0.00039918,12,0.241976
47124,36.6284,,,0.344584,0.000399179,12,0.21519
47153,36.6468,,,0.328377,0.000399178,12,0.251707
47182,36.6652,,,0.380197,0.000399177,12,0.289514
47202,37.2391,0.311231,0.310781,,,12,
47211,37.2452,,,0.334657,0.000399176,13,0.177124
47240,37.2637,,,0.320816,0.000399175,13,0.233516
47269,37.2821,,,0.285616,0.000399174,13,0.201246
47298,37.3005,,,0.304896,0.000399173,13,0.245986
47327,37.3189,,,0.2741,0.000399172,13,0.146853
47356,37.3373,,,0.287837,0.000399171,13,0.188905
47385,37.3557,,,0.339731,0.00039917,13,0.187556
47414,37.3741,,,0.406927,0.000399169,13,0.27488
47443,37.3926,,,0.304687,0.000399168,13,0.173153
47472,37.4110,,,0.333797,0.000399167,13,0.200765
47501,37.4294,,,0.290658,0.000399166,13,0.151715
47530,37.4478,,,0.323372,0.000399165,13,0.197686
47559,37.4662,,,0.304435,0.000399164,13,0.22612
47588,37.4847,,,0.300013,0.000399163,13,0.188124
47617,37.5031,,,0.28909,0.000399162,13,0.220475
47646,37.5215,,,0.256929,0.000399161,13,0.149293
47675,37.5399,,,0.313479,0.00039916,13,0.21694
47704,37.5583,,,0.316995,0.000399159,13,0.280937
47733,37.5767,,,0.289003,0.000399158,13,0.146077
47762,37.5951,,,0.281478,0.000399157,13,0.211277
47791,37.6135,,,0.291736,0.000399155,13,0.202539
47820,37.6319,,,0.338434,0.000399154,13,0.169142
47849,37.6503,,,0.269767,0.000399153,13,0.181786
47878,37.6687,,,0.263328,0.000399152,13,0.228808
47907,37.6871,,,0.303687,0.000399151,13,0.188732
47936,37.7056,,,0.292818,0.00039915,13,0.186065
47965,37.7240,,,0.260879,0.000399149,13,0.144293
47994,37.7424,,,0.237687,0.000399148,13,0.386923
48023,37.7608,,,0.327788,0.000399147,13,0.270749
48052,37.7792,,,0.27355,0.000399146,13,0.182396
48081,37.7976,,,0.273293,0.000399145,13,0.201629
48110,37.8160,,,0.309375,0.000399144,13,0.193324
48139,37.8344,,,0.343671,0.000399143,13,0.234778
48168,37.8528,,,0.307311,0.000399142,13,0.231005
48197,37.8712,,,0.337536,0.000399141,13,0.414208
48226,37.8896,,,0.333885,0.00039914,13,0.231132
48255,37.9080,,,0.279633,0.000399139,13,0.170315
48284,37.9265,,,0.296606,0.000399138,13,0.160097
48313,37.9449,,,0.287044,0.000399137,13,0.152944
48342,37.9633,,,0.302836,0.000399135,13,0.174171
48371,37.9817,,,0.2917,0.000399134,13,0.170546
48400,38.0001,,,0.337332,0.000399133,13,0.225308
48429,38.0185,,,0.321336,0.000399132,13,0.229036
48458,38.0370,,,0.297183,0.000399131,13,0.142639
48487,38.0554,,,0.310645,0.00039913,13,0.161588
48516,38.0738,,,0.263921,0.000399129,13,0.17076
48545,38.0922,,,0.318236,0.000399128,13,0.165965
48574,38.1106,,,0.286254,0.000399127,13,0.186298
48603,38.1290,,,0.278075,0.000399126,13,0.157871
48632,38.1474,,,0.294491,0.000399125,13,0.168097
48661,38.1659,,,0.28147,0.000399124,13,0.199698
48690,38.1843,,,0.280384,0.000399123,13,0.229705
48719,38.2027,,,0.349089,0.000399122,13,0.230672
48748,38.2211,,,0.288297,0.000399121,13,0.21929
48777,38.2396,,,0.306463,0.00039912,13,0.252554
48806,38.2580,,,0.277353,0.000399118,13,0.162237
48835,38.2764,,,0.34894,0.000399117,13,0.18955
48864,38.2948,,,0.336028,0.000399116,13,0.2651
48893,38.3132,,,0.303801,0.000399115,13,0.190264
48922,38.3316,,,0.334033,0.000399114,13,0.341285
48951,38.3500,,,0.339281,0.000399113,13,0.164677
48980,38.3684,,,0.267024,0.000399112,13,0.146747
49009,38.3868,,,0.267116,0.000399111,13,0.145678
49038,38.4052,,,0.263916,0.00039911,13,0.170759
49067,38.4236,,,0.298778,0.000399109,13,0.190373
49096,38.4421,,,0.303766,0.000399108,13,0.197052
49125,38.4605,,,0.335096,0.000399107,13,0.290228
49154,38.4789,,,0.373878,0.000399106,13,0.276759
49183,38.4973,,,0.256326,0.000399104,13,0.198082
49212,38.5157,,,0.305753,0.000399103,13,0.267707
49241,38.5341,,,0.251262,0.000399102,13,0.243471
49270,38.5525,,,0.265095,0.000399101,13,0.161845
49299,38.5709,,,0.328752,0.0003991,13,0.174261
49328,38.5893,,,0.277283,0.000399099,13,0.157318
49357,38.6077,,,0.34714,0.000399098,13,0.289492
49386,38.6261,,,0.275922,0.000399097,13,0.172842
49415,38.6445,,,0.293581,0.000399096,13,0.17062
49444,38.6629,,,0.314201,0.000399095,13,0.201746
49473,38.6813,,,0.335749,0.000399094,13,0.149761
49502,38.6997,,,0.254069,0.000399093,13,0.12846
49531,38.7181,,,0.268295,0.000399092,13,0.192357
49560,38.7365,,,0.325298,0.00039909,13,0.183491
49589,38.7549,,,0.329554,0.000399089,13,0.363235
49618,38.7734,,,0.277719,0.000399088,13,0.204482
49647,38.7918,,,0.321514,0.000399087,13,0.264409
49676,38.8102,,,0.31743,0.000399086,13,0.259771
49705,38.8286,,,0.351584,0.000399085,13,0.253926
49734,38.8470,,,0.297243,0.000399084,13,0.260091
49763,38.8654,,,0.293158,0.000399083,13,0.200677
49792,38.8838,,,0.293601,0.000399082,13,2.68286
49821,38.9022,,,0.302067,0.000399081,13,0.258925
49850,38.9206,,,0.308225,0.00039908,13,0.249142
49879,38.9390,,,0.294405,0.000399078,13,0.338165
49908,38.9575,,,0.295897,0.000399077,13,0.232492
49937,38.9759,,,0.344494,0.000399076,13,0.245623
49966,38.9943,,,0.280222,0.000399075,13,0.168119
49995,39.0127,,,0.300073,0.000399074,13,0.228753
50024,39.0311,,,0.399035,0.000399073,13,0.245437
50053,39.0495,,,0.290451,0.000399072,13,0.195389
50082,39.0679,,,0.296739,0.000399071,13,0.232264
50111,39.0864,,,0.292552,0.00039907,13,0.166453
50140,39.1048,,,0.313257,0.000399069,13,0.228109
50169,39.1233,,,0.353703,0.000399068,13,0.186174
50198,39.1417,,,0.336626,0.000399066,13,0.214547
50227,39.1601,,,0.306418,0.000399065,13,0.197693
50256,39.1785,,,0.32646,0.000399064,13,0.362621
50285,39.1969,,,0.323026,0.000399063,13,0.191153
50314,39.2153,,,0.290437,0.000399062,13,0.164486
50343,39.2337,,,0.293353,0.000399061,13,0.152051
50372,39.2522,,,0.318774,0.00039906,13,0.172543
50401,39.2706,,,0.342141,0.000399059,13,0.186293
50430,39.2890,,,0.302897,0.000399058,13,0.211686
50459,39.3074,,,0.307981,0.000399056,13,0.154185
50488,39.3258,,,0.38866,0.000399055,13,0.232569
50517,39.3442,,,0.320533,0.000399054,13,0.205303
50546,39.3626,,,0.262795,0.000399053,13,0.151883
50575,39.3813,,,0.314126,0.000399052,13,0.215229
50604,39.3997,,,0.296412,0.000399051,13,0.177911
50633,39.4181,,,0.351975,0.00039905,13,0.24144
50662,39.4369,,,0.305324,0.000399049,13,0.172774
50691,39.4553,,,0.31705,0.000399048,13,0.23038
50720,39.4737,,,0.325265,0.000399046,13,0.19374
50749,39.4921,,,0.270569,0.000399045,13,0.141126
50778,39.5105,,,0.290191,0.000399044,13,0.236338
50807,39.5290,,,0.338394,0.000399043,13,0.159191
50833,40.1066,0.304245,0.309916,,,13,
50836,40.1090,,,0.396175,0.000399042,14,0.199634
50865,40.1274,,,0.278363,0.000399041,14,0.152874
50894,40.1458,,,0.263281,0.00039904,14,0.142353
50923,40.1642,,,0.273496,0.000399039,14,0.201512
50952,40.1826,,,0.339213,0.000399038,14,0.182129
50981,40.2010,,,0.323224,0.000399036,14,0.494165
51010,40.2194,,,0.350472,0.000399035,14,0.229151
51039,40.2378,,,0.306518,0.000399034,14,0.20561
51068,40.2563,,,0.340106,0.000399033,14,0.202909
51097,40.2747,,,0.362622,0.000399032,14,0.366183
51126,40.2931,,,0.267909,0.000399031,14,0.152736
51155,40.3115,,,0.341893,0.00039903,14,0.195768
51184,40.3299,,,0.360693,0.000399029,14,0.197087
51213,40.3483,,,0.310657,0.000399028,14,0.184207
51242,40.3667,,,0.282616,0.000399026,14,0.20063
51271,40.3851,,,0.345575,0.000399025,14,0.160475
51300,40.4036,,,0.332316,0.000399024,14,0.162667
51329,40.4220,,,0.296885,0.000399023,14,0.215168
51358,40.4404,,,0.299479,0.000399022,14,0.232389
51387,40.4588,,,0.31569,0.000399021,14,0.189777
51416,40.4772,,,0.32367,0.00039902,14,0.250418
51445,40.4957,,,0.337556,0.000399019,14,0.219512
51474,40.5141,,,0.3116,0.000399017,14,0.210555
51503,40.5331,,,0.322656,0.000399016,14,0.146042
51532,40.5520,,,0.322238,0.000399015,14,0.213825
51561,40.5704,,,0.277549,0.000399014,14,0.151263
51590,40.5888,,,0.285416,0.000399013,14,0.178799
51619,40.6072,,,0.346221,0.000399012,14,0.211097
51648,40.6256,,,0.24653,0.000399011,14,0.339548
51677,40.6440,,,0.247103,0.000399009,14,0.138329
51706,40.6624,,,0.30369,0.000399008,14,0.190817
51735,40.6808,,,0.298522,0.000399007,14,0.146514
51764,40.6992,,,0.360778,0.000399006,14,0.245689
51793,40.7177,,,0.283248,0.000399005,14,0.158107
51822,40.7361,,,0.32692,0.000399004,14,0.262273
51851,40.7545,,,0.299968,0.000399003,14,0.207609
51880,40.7729,,,0.323912,0.000399002,14,0.206695
51909,40.7913,,,0.325196,0.000399,14,0.16784
51938,40.8097,,,0.363968,0.000398999,14,0.314867
51967,40.8281,,,0.32936,0.000398998,14,0.333358
51996,40.8465,,,0.291295,0.000398997,14,0.175712
52025,40.8649,,,0.301606,0.000398996,14,0.234722
52054,40.8833,,,0.29144,0.000398995,14,0.162475
52083,40.9017,,,0.313174,0.000398994,14,0.243409
52112,40.9201,,,0.294714,0.000398992,14,0.179891
52141,40.9385,,,0.28056,0.000398991,14,0.288915
52170,40.9569,,,0.279342,0.00039899,14,0.275063
52199,40.9753,,,0.327866,0.000398989,14,0.224455
52228,40.9938,,,0.293649,0.000398988,14,0.240017
52257,41.0122,,,0.351529,0.000398987,14,0.435566
52286,41.0306,,,0.348493,0.000398986,14,0.326598
52315,41.0490,,,0.305035,0.000398984,14,0.29197
52344,41.0673,,,0.293347,0.000398983,14,0.165286
52373,41.0857,,,0.281775,0.000398982,14,0.199528
52402,41.1041,,,0.309136,0.000398981,14,0.402876
52431,41.1225,,,0.283007,0.00039898,14,0.210064
52460,41.1409,,,0.317695,0.000398979,14,0.217469
52489,41.1593,,,0.294285,0.000398978,14,0.155589
52518,41.1777,,,0.293847,0.000398976,14,0.228626
52547,41.1961,,,0.291831,0.000398975,14,0.255176
52576,41.2145,,,0.319342,0.000398974,14,0.260447
52605,41.2330,,,0.310015,0.000398973,14,0.226564
52634,41.2514,,,0.284934,0.000398972,14,0.255493
52663,41.2698,,,0.306179,0.000398971,14,0.209173
52692,41.2882,,,0.365714,0.000398969,14,0.32195
52721,41.3066,,,0.276406,0.000398968,14,0.194618
52750,41.3250,,,0.304476,0.000398967,14,0.246647
52779,41.3434,,,0.27396,0.000398966,14,0.245096
52808,41.3618,,,0.287885,0.000398965,14,0.199226
52837,41.3802,,,0.278394,0.000398964,14,0.241537
52866,41.3986,,,0.278734,0.000398962,14,0.290597
52895,41.4170,,,0.341352,0.000398961,14,0.231058
52924,41.4354,,,0.332577,0.00039896,14,0.319957
52953,41.4538,,,0.401068,0.000398959,14,0.762725
52982,41.4722,,,0.283893,0.000398958,14,0.240413
53011,41.4906,,,0.333389,0.000398957,14,0.25684
53040,41.5090,,,0.312197,0.000398956,14,0.274043
53069,41.5274,,,0.312577,0.000398954,14,0.248836
53098,41.5458,,,0.276524,0.000398953,14,0.156475
53127,41.5642,,,0.358039,0.000398952,14,0.202874
53156,41.5826,,,0.309745,0.000398951,14,0.236265
53185,41.6011,,,0.308688,0.00039895,14,0.193212
53214,41.6195,,,0.257262,0.000398949,14,0.159475
53243,41.6379,,,0.284977,0.000398947,14,0.175665
53272,41.6563,,,0.308401,0.000398946,14,0.256983
53301,41.6747,,,0.302009,0.000398945,14,0.230009
53330,41.6931,,,0.39823,0.000398944,14,0.210996
53359,41.7115,,,0.322055,0.000398943,14,0.206691
53388,41.7299,,,0.352167,0.000398942,14,0.336025
53417,41.7483,,,0.280596,0.00039894,14,0.207621
53446,41.7667,,,0.314151,0.000398939,14,0.202944
53475,41.7851,,,0.332671,0.000398938,14,0.265613
53504,41.8035,,,0.339312,0.000398937,14,0.294885
53533,41.8219,,,0.30859,0.000398936,14,0.22774
53562,41.8403,,,0.330441,0.000398934,14,0.211486
53591,41.8587,,,0.301588,0.000398933,14,0.15203
53620,41.8771,,,0.264775,0.000398932,14,0.159265
53649,41.8955,,,0.305948,0.000398931,14,0.235355
53678,41.9139,,,0.316656,0.00039893,14,0.307502
53707,41.9323,,,0.294227,0.000398929,14,0.164974
53736,41.9507,,,0.299044,0.000398927,14,0.171367
53765,41.9692,,,0.361756,0.000398926,14,0.198977
53794,41.9876,,,0.304918,0.000398925,14,0.208457
53823,42.0061,,,0.32581,0.000398924,14,0.205563
53852,42.0245,,,0.284261,0.000398923,14,0.199757
53881,42.0429,,,0.323268,0.000398922,14,0.201502
53910,42.0613,,,0.328909,0.00039892,14,0.173557
53939,42.0797,,,0.343571,0.000398919,14,0.27402
53968,42.0981,,,0.264438,0.000398918,14,0.20341
53997,42.1166,,,0.313866,0.000398917,14,0.282981
54026,42.1350,,,0.262056,0.000398916,14,0.25219
54055,42.1534,,,0.342373,0.000398914,14,0.307034
54084,42.1718,,,0.311283,0.000398913,14,0.193482
54113,42.1902,,,0.298143,0.000398912,14,0.218211
54142,42.2086,,,0.327023,0.000398911,14,0.246152
54171,42.2270,,,0.292252,0.00039891,14,0.234266
54200,42.2454,,,0.357682,0.000398908,14,0.274886
54229,42.2638,,,0.305477,0.000398907,14,0.155838
54258,42.2823,,,0.310545,0.000398906,14,0.213848
54287,42.3007,,,0.274532,0.000398905,14,0.164983
54316,42.3191,,,0.380038,0.000398904,14,0.214547
54345,42.3375,,,0.292435,0.000398903,14,0.232474
54374,42.3559,,,0.32977,0.000398901,14,0.23222
54403,42.3743,,,0.319318,0.0003989,14,0.201235
54432,42.3927,,,0.336753,0.000398899,14,0.24495
54461,42.4112,,,0.322811,0.000398898,14,0.309815
54464,42.9742,0.308622,0.311193,,,14,
54490,42.9916,,,0.412697,0.000398897,15,0.728278
54519,43.0101,,,0.301675,0.000398895,15,0.210578
54548,43.0285,,,0.445024,0.000398894,15,0.281901
54577,43.0469,,,0.345513,0.000398893,15,0.483418
54606,43.0653,,,0.303296,0.000398892,15,0.276164
54635,43.0837,,,0.337169,0.000398891,15,0.288124
54664,43.1021,,,0.353027,0.000398889,15,0.228553
54693,43.1205,,,0.329415,0.000398888,15,0.158904
54722,43.1388,,,0.313666,0.000398887,15,0.200929
54751,43.1572,,,0.314488,0.000398886,15,0.178051
54780,43.1756,,,0.313891,0.000398885,15,0.447195
54809,43.1940,,,0.292945,0.000398883,15,0.178432
54838,43.2124,,,0.273235,0.000398882,15,0.208948
54867,43.2308,,,0.35462,0.000398881,15,0.217336
54896,43.2492,,,0.251739,0.00039888,15,0.216256
54925,43.2675,,,0.374347,0.000398879,15,0.240941
54954,43.2859,,,0.271094,0.000398877,15,0.147987
54983,43.3043,,,0.348634,0.000398876,15,0.190731
55012,43.3227,,,0.282893,0.000398875,15,0.20202
55041,43.3412,,,0.339901,0.000398874,15,0.225206
55070,43.3596,,,0.307143,0.000398873,15,0.194298
55099,43.3780,,,0.290347,0.000398871,15,0.2014
55128,43.3964,,,0.287819,0.00039887,15,0.228698
55157,43.4147,,,0.324546,0.000398869,15,0.248113
55186,43.4331,,,0.320843,0.000398868,15,0.299839
55215,43.4515,,,0.290143,0.000398866,15,0.237018
55244,43.4699,,,0.327691,0.000398865,15,0.274892
55273,43.4883,,,0.294765,0.000398864,15,0.221108
55302,43.5067,,,0.437348,0.000398863,15,0.347174
55331,43.5252,,,0.319459,0.000398862,15,0.169562
55360,43.5436,,,0.355793,0.00039886,15,0.233821
55389,43.5620,,,0.340503,0.000398859,15,0.298691
55418,43.5804,,,0.346072,0.000398858,15,0.253535
55447,43.5988,,,0.333471,0.000398857,15,0.232297
55476,43.6172,,,0.308145,0.000398856,15,0.22974
55505,43.6356,,,0.324145,0.000398854,15,0.218702
55534,43.6540,,,0.305616,0.000398853,15,0.225467
55563,43.6724,,,0.273537,0.000398852,15,0.197129
55592,43.6908,,,0.302997,0.000398851,15,0.183597
55621,43.7092,,,0.268603,0.000398849,15,0.197326
55650,43.7276,,,0.358121,0.000398848,15,0.235502
55679,43.7460,,,0.332242,0.000398847,15,0.241101
55708,43.7644,,,0.260468,0.000398846,15,0.203607
55737,43.7828,,,0.281015,0.000398845,15,0.210752
55766,43.8012,,,0.291034,0.000398843,15,0.244211
55795,43.8197,,,0.270105,0.000398842,15,0.176762
55824,43.8381,,,0.301509,0.000398841,15,0.165759
55853,43.8565,,,0.308201,0.00039884,15,0.256441
55882,43.8749,,,0.284894,0.000398838,15,0.158094
55911,43.8933,,,0.353365,0.000398837,15,0.25531
55940,43.9117,,,0.278751,0.000398836,15,0.176943
55969,43.9301,,,0.270063,0.000398835,15,0.174199
55998,43.9485,,,0.383927,0.000398834,15,0.324853
56027,43.9669,,,0.346402,0.000398832,15,0.292899
56056,43.9853,,,0.31673,0.000398831,15,0.25087
56085,44.0037,,,0.273174,0.00039883,15,0.175828
56114,44.0221,,,0.294207,0.000398829,15,0.195167
56143,44.0405,,,0.29264,0.000398827,15,0.22596
56172,44.0589,,,0.251355,0.000398826,15,0.172986
56201,44.0774,,,0.350896,0.000398825,15,0.217277
56230,44.0958,,,0.324782,0.000398824,15,0.230753
56259,44.1142,,,0.317313,0.000398822,15,0.20589
56288,44.1326,,,0.342606,0.000398821,15,0.218758
56317,44.1510,,,0.293966,0.00039882,15,0.18439
56346,44.1694,,,0.353366,0.000398819,15,0.201268
56375,44.1878,,,0.338662,0.000398818,15,0.208507
56404,44.2062,,,0.305415,0.000398816,15,0.170683
56433,44.2246,,,0.3635,0.000398815,15,0.20469
56462,44.2431,,,0.270848,0.000398814,15,0.151244
56491,44.2615,,,0.296507,0.000398813,15,0.163423
56520,44.2799,,,0.286285,0.000398811,15,0.290278
56549,44.2983,,,0.334626,0.00039881,15,0.245418
56578,44.3167,,,0.299535,0.000398809,15,0.265003
56607,44.3351,,,0.365197,0.000398808,15,0.194341
56636,44.3535,,,0.343356,0.000398806,15,0.221314
56665,44.3719,,,0.294726,0.000398805,15,0.157948
56694,44.3903,,,0.272768,0.000398804,15,0.222779
56723,44.4087,,,0.323159,0.000398803,15,0.185077
56752,44.4271,,,0.287166,0.000398801,15,0.2218
56781,44.4456,,,0.323143,0.0003988,15,0.169878
56810,44.4640,,,0.270636,0.000398799,15,0.14308
56839,44.4824,,,0.326114,0.000398798,15,0.307239
56868,44.5008,,,0.36043,0.000398796,15,0.188652
56897,44.5192,,,0.317258,0.000398795,15,0.178026
56926,44.5376,,,0.285644,0.000398794,15,0.201066
56955,44.5560,,,0.265899,0.000398793,15,0.178495
56984,44.5744,,,0.296596,0.000398791,15,0.138703
57013,44.5928,,,0.29921,0.00039879,15,0.30039
57042,44.6112,,,0.313118,0.000398789,15,0.179307
57071,44.6296,,,0.334332,0.000398788,15,0.174015
57100,44.6481,,,0.291651,0.000398786,15,0.175831
57129,44.6665,,,0.316907,0.000398785,15,0.253874
57158,44.6849,,,0.31743,0.000398784,15,0.174722
57187,44.7033,,,0.277674,0.000398783,15,0.158306
57216,44.7217,,,0.318422,0.000398781,15,0.198326
57245,44.7401,,,0.369758,0.00039878,15,0.217729
57274,44.7586,,,0.309947,0.000398779,15,0.241133
57303,44.7770,,,0.316014,0.000398778,15,0.170572
57332,44.7954,,,0.293328,0.000398776,15,0.20115
57361,44.8138,,,0.260258,0.000398775,15,0.165385
57390,44.8322,,,0.302493,0.000398774,15,0.137407
57419,44.8506,,,0.265544,0.000398773,15,0.177123
57448,44.8690,,,0.364667,0.000398771,15,0.227633
57477,44.8874,,,0.268053,0.00039877,15,0.245225
57506,44.9059,,,0.33294,0.000398769,15,0.300745
57535,44.9243,,,0.290582,0.000398768,15,0.207379
57564,44.9427,,,0.342868,0.000398766,15,0.213501
57593,44.9611,,,0.382425,0.000398765,15,0.216147
57622,44.9795,,,0.316495,0.000398764,15,0.276432
57651,44.9979,,,0.296756,0.000398762,15,0.256035
57680,45.0163,,,0.34011,0.000398761,15,0.174428
57709,45.0347,,,0.263794,0.00039876,15,0.212815
57738,45.0532,,,0.287078,0.000398759,15,0.174872
57767,45.0716,,,0.343785,0.000398757,15,0.275415
57796,45.0900,,,0.277537,0.000398756,15,0.204222
57825,45.1084,,,0.301219,0.000398755,15,0.205684
57854,45.1268,,,0.329914,0.000398754,15,0.221461
57883,45.1452,,,0.299338,0.000398752,15,0.180104
57912,45.1636,,,0.336289,0.000398751,15,0.211722
57941,45.1821,,,0.268426,0.00039875,15,0.172639
57970,45.2005,,,0.382596,0.000398748,15,0.235408
57999,45.2189,,,0.327463,0.000398747,15,0.277836
58028,45.2373,,,0.298955,0.000398746,15,0.159685
58057,45.2557,,,0.285519,0.000398745,15,0.162408
58086,45.2741,,,0.300235,0.000398743,15,0.167466
58095,45.8412,0.304152,0.309332,,,15,
58115,45.8543,,,0.314262,0.000398742,16,0.170406
58144,45.8727,,,0.40037,0.000398741,16,0.237578
58173,45.8911,,,0.319347,0.00039874,16,0.169501
58202,45.9095,,,0.25802,0.000398738,16,0.192792
58231,45.9279,,,0.285228,0.000398737,16,0.24868
58260,45.9464,,,0.292642,0.000398736,16,0.185485
58289,45.9648,,,0.314304,0.000398734,16,0.174833
58318,45.9832,,,0.287505,0.000398733,16,0.122669
58347,46.0016,,,0.29526,0.000398732,16,0.186013
58376,46.0200,,,0.31883,0.000398731,16,0.304249
58405,46.0384,,,0.322951,0.000398729,16,0.20338
58434,46.0568,,,0.321118,0.000398728,16,0.205691
58463,46.0752,,,0.296862,0.000398727,16,0.198581
58492,46.0936,,,0.254874,0.000398725,16,0.202074
58521,46.1120,,,0.284267,0.000398724,16,0.173016
58550,46.1305,,,0.30655,0.000398723,16,0.193145
58579,46.1489,,,0.351112,0.000398722,16,0.277483
58608,46.1673,,,0.369018,0.00039872,16,0.212901
58637,46.1857,,,0.358353,0.000398719,16,0.331719
58666,46.2041,,,0.348713,0.000398718,16,0.187293
58695,46.2225,,,0.368958,0.000398716,16,0.242884
58724,46.2409,,,0.330144,0.000398715,16,0.271292
58753,46.2593,,,0.272216,0.000398714,16,0.193976
58782,46.2779,,,0.295865,0.000398713,16,0.213436
58811,46.2964,,,0.310558,0.000398711,16,0.163245
58840,46.3148,,,0.321207,0.00039871,16,0.207612
58869,46.3332,,,0.297608,0.000398709,16,0.194285
58898,46.3516,,,0.279725,0.000398707,16,0.142809
58927,46.3700,,,0.298725,0.000398706,16,0.223198
58956,46.3885,,,0.307307,0.000398705,16,0.198665
58985,46.4069,,,0.30258,0.000398704,16,0.196974
59014,46.4253,,,0.290247,0.000398702,16,0.211481
59043,46.4437,,,0.321368,0.000398701,16,0.185578
59072,46.4622,,,0.298621,0.0003987,16,0.232111
59101,46.4806,,,0.318432,0.000398698,16,0.202936
59130,46.4990,,,0.308455,0.000398697,16,0.200136
59159,46.5175,,,0.31568,0.000398696,16,0.161318
59188,46.5359,,,0.286669,0.000398694,16,0.361378
59217,46.5543,,,0.321964,0.000398693,16,0.237562
59246,46.5727,,,0.289514,0.000398692,16,0.134831
59275,46.5912,,,0.344197,0.000398691,16,0.236078
59304,46.6096,,,0.284863,0.000398689,16,0.12996
59333,46.6280,,,0.30009,0.000398688,16,0.19056
59362,46.6464,,,0.353958,0.000398687,16,0.235145
59391,46.6649,,,0.313943,0.000398685,16,0.238549
59420,46.6833,,,0.298884,0.000398684,16,0.214506
59449,46.7017,,,0.360167,0.000398683,16,0.248843
59478,46.7202,,,0.261135,0.000398681,16,0.200306
59507,46.7386,,,0.33405,0.00039868,16,0.245213
59536,46.7570,,,0.357387,0.000398679,16,0.343931
59565,46.7754,,,0.334648,0.000398677,16,0.196152
59594,46.7939,,,0.345701,0.000398676,16,0.241929
59623,46.8123,,,0.229286,0.000398675,16,0.156013
59652,46.8307,,,0.291041,0.000398674,16,0.155858
59681,46.8491,,,0.378568,0.000398672,16,0.208549
59710,46.8675,,,0.294494,0.000398671,16,0.220586
59739,46.8860,,,0.297643,0.00039867,16,0.201327
59768,46.9044,,,0.322443,0.000398668,16,0.211662
59797,46.9228,,,0.27623,0.000398667,16,0.173891
59826,46.9412,,,0.274347,0.000398666,16,0.228334
59855,46.9597,,,0.261784,0.000398664,16,0.173441
59884,46.9781,,,0.289167,0.000398663,16,0.184872
59913,46.9965,,,0.320368,0.000398662,16,0.204475
59942,47.0150,,,0.256206,0.00039866,16,0.140206
59971,47.0334,,,0.343002,0.000398659,16,0.259571
60000,47.0518,,,0.294923,0.000398658,16,0.199993
60029,47.0702,,,0.327388,0.000398656,16,0.190748
60058,47.0887,,,0.440537,0.000398655,16,0.234062
60087,47.1071,,,0.341683,0.000398654,16,0.313691
60116,47.1255,,,0.36046,0.000398653,16,1.96098
60145,47.1439,,,0.337347,0.000398651,16,0.276812
60174,47.1624,,,0.307932,0.00039865,16,0.217603
60203,47.1808,,,0.266378,0.000398649,16,0.381069
60232,47.1992,,,0.307525,0.000398647,16,0.21079
60261,47.2176,,,0.317659,0.000398646,16,0.214639
60290,47.2361,,,0.329708,0.000398645,16,0.215877
60319,47.2545,,,0.395849,0.000398643,16,0.274534
60348,47.2729,,,0.32971,0.000398642,16,0.199724
60377,47.2914,,,0.282304,0.000398641,16,0.200617
60406,47.3098,,,0.338845,0.000398639,16,0.231436
60435,47.3282,,,0.357901,0.000398638,16,0.176901
60464,47.3466,,,0.281097,0.000398637,16,0.333224
60493,47.3651,,,0.284353,0.000398635,16,0.16917
60522,47.3835,,,0.294043,0.000398634,16,0.156844
60551,47.4019,,,0.320395,0.000398633,16,0.249164
60580,47.4203,,,0.294341,0.000398631,16,0.206422
60609,47.4388,,,0.322261,0.00039863,16,0.218285
60638,47.4572,,,0.320935,0.000398629,16,0.22031
60667,47.4756,,,0.365989,0.000398627,16,0.208378
60696,47.4940,,,0.300265,0.000398626,16,0.184921
60725,47.5124,,,0.288935,0.000398625,16,0.181551
60754,47.5309,,,0.320318,0.000398623,16,0.222983
60783,47.5493,,,0.267092,0.000398622,16,0.157998
60812,47.5677,,,0.333089,0.000398621,16,0.261524
60841,47.5861,,,0.297457,0.000398619,16,0.231387
60870,47.6046,,,0.352783,0.000398618,16,0.26746
60899,47.6230,,,0.292711,0.000398617,16,0.278084
60928,47.6414,,,0.282696,0.000398615,16,0.183664
60957,47.6598,,,0.306563,0.000398614,16,0.172999
60986,47.6783,,,0.318916,0.000398613,16,0.337706
61015,47.6967,,,0.296682,0.000398611,16,0.181594
61044,47.7151,,,0.285485,0.00039861,16,0.200324
61073,47.7335,,,0.331554,0.000398609,16,0.197934
61102,47.7520,,,0.337988,0.000398607,16,0.228517
61131,47.7704,,,0.330982,0.000398606,16,0.224768
61160,47.7888,,,0.307554,0.000398605,16,0.194884
61189,47.8072,,,0.268486,0.000398603,16,0.212117
61218,47.8257,,,0.321058,0.000398602,16,0.231815
61247,47.8441,,,0.286786,0.000398601,16,0.190087
61276,47.8625,,,0.330308,0.000398599,16,0.217087
61305,47.8810,,,0.297828,0.000398598,16,0.132817
61334,47.8994,,,0.308585,0.000398596,16,0.184681
61363,47.9178,,,0.369717,0.000398595,16,0.302525
61392,47.9363,,,0.302184,0.000398594,16,0.192394
61421,47.9547,,,0.281313,0.000398592,16,0.175932
61450,47.9732,,,0.306851,0.000398591,16,0.305505
61479,47.9916,,,0.313575,0.00039859,16,0.181195
61508,48.0100,,,0.284204,0.000398588,16,0.166855
61537,48.0285,,,0.277397,0.000398587,16,0.207787
61566,48.0469,,,0.252751,0.000398586,16,0.184192
61595,48.0653,,,0.307986,0.000398584,16,0.198384
61624,48.0838,,,0.311031,0.000398583,16,0.177028
61653,48.1022,,,0.256258,0.000398582,16,0.234408
61682,48.1206,,,0.284476,0.00039858,16,0.160526
61711,48.1390,,,0.310976,0.000398579,16,0.210165
61726,48.7100,0.302043,0.309146,,,16,
61740,48.7195,,,0.283571,0.000398578,17,0.247012
61769,48.7379,,,0.268781,0.000398576,17,0.143703
61798,48.7564,,,0.248799,0.000398575,17,0.152503
61827,48.7748,,,0.293764,0.000398573,17,0.223736
61856,48.7932,,,0.306508,0.000398572,17,0.158018
61885,48.8117,,,0.257592,0.000398571,17,0.193235
61914,48.8301,,,0.318238,0.000398569,17,0.18097
61943,48.8485,,,0.366672,0.000398568,17,0.22876
61972,48.8669,,,0.291624,0.000398567,17,0.163059
62001,48.8854,,,0.317484,0.000398565,17,0.196446
62030,48.9038,,,0.279439,0.000398564,17,0.275419
62059,48.9222,,,0.365249,0.000398563,17,0.223469
62088,48.9406,,,0.327414,0.000398561,17,0.159626
62117,48.9591,,,0.23866,0.00039856,17,0.206552
62146,48.9775,,,0.261957,0.000398559,17,0.21273
62175,48.9959,,,0.292929,0.000398557,17,0.216318
62204,49.0143,,,0.29994,0.000398556,17,0.162332
62233,49.0327,,,0.340702,0.000398554,17,0.189396
62262,49.0512,,,0.295547,0.000398553,17,0.175951
62291,49.0696,,,0.307114,0.000398552,17,0.186264
62320,49.0880,,,0.262571,0.00039855,17,0.203958
62349,49.1064,,,0.334313,0.000398549,17,0.221467
62378,49.1248,,,0.301438,0.000398548,17,0.179664
62407,49.1432,,,0.336697,0.000398546,17,0.451778
62436,49.1617,,,0.287519,0.000398545,17,0.345667
62465,49.1801,,,0.297828,0.000398543,17,0.15854
62494,49.1985,,,0.270532,0.000398542,17,0.177832
62523,49.2169,,,0.323101,0.000398541,17,0.240564
62552,49.2353,,,0.314824,0.000398539,17,0.273793
62581,49.2538,,,0.313519,0.000398538,17,0.227292
62610,49.2722,,,0.309093,0.000398537,17,0.195855
62639,49.2906,,,0.254364,0.000398535,17,0.1964
62668,49.3090,,,0.288713,0.000398534,17,0.146916
62697,49.3274,,,0.387456,0.000398532,17,0.318398
62726,49.3459,,,0.267768,0.000398531,17,0.18764
62755,49.3643,,,0.312283,0.00039853,17,1.97838
62784,49.3827,,,0.308301,0.000398528,17,0.206005
62813,49.4011,,,0.336292,0.000398527,17,0.218033
62842,49.4196,,,0.336265,0.000398526,17,0.223677
62871,49.4380,,,0.338346,0.000398524,17,0.254282
62900,49.4564,,,0.308686,0.000398523,17,0.175546
62929,49.4748,,,0.312074,0.000398521,17,0.606158
62958,49.4933,,,0.316386,0.00039852,17,0.219721
62987,49.5117,,,0.294872,0.000398519,17,0.25038
63016,49.5301,,,0.341933,0.000398517,17,0.385441
63045,49.5485,,,0.321787,0.000398516,17,0.213575
63074,49.5670,,,0.285743,0.000398514,17,0.190219
63103,49.5854,,,0.291997,0.000398513,17,0.204209
63132,49.6038,,,0.331815,0.000398512,17,0.254827
63161,49.6222,,,0.289676,0.00039851,17,2.56073
63190,49.6406,,,0.294074,0.000398509,17,0.219793
63219,49.6590,,,0.258877,0.000398508,17,0.19518
63248,49.6775,,,0.344619,0.000398506,17,0.406247
63277,49.6959,,,0.348479,0.000398505,17,0.588969
63306,49.7143,,,0.405955,0.000398503,17,0.379181
63335,49.7327,,,0.322204,0.000398502,17,0.224471
63364,49.7511,,,0.312608,0.000398501,17,0.525698
63393,49.7696,,,0.308225,0.000398499,17,0.317333
63422,49.7880,,,0.355802,0.000398498,17,0.258481
63451,49.8064,,,0.254208,0.000398496,17,0.133724
63480,49.8249,,,0.319499,0.000398495,17,0.193153
63509,49.8433,,,0.304992,0.000398494,17,0.23372
63538,49.8617,,,0.259262,0.000398492,17,0.200315
63567,49.8801,,,0.35316,0.000398491,17,0.257635
63596,49.8986,,,0.280216,0.000398489,17,0.311685
63625,49.9170,,,0.322138,0.000398488,17,0.321833
63654,49.9354,,,0.343844,0.000398487,17,0.267471
63683,49.9538,,,0.318833,0.000398485,17,0.24248
63712,49.9722,,,0.293961,0.000398484,17,0.204018
63741,49.9907,,,0.272717,0.000398482,17,0.1833
63770,50.0091,,,0.297854,0.000398481,17,0.204848
63799,50.0275,,,0.287527,0.00039848,17,0.151408
63828,50.0459,,,0.321018,0.000398478,17,0.188805
63857,50.0644,,,0.34182,0.000398477,17,0.284109
63886,50.0828,,,0.260293,0.000398475,17,0.209073
63915,50.1012,,,0.317023,0.000398474,17,0.222073
63944,50.1196,,,0.288671,0.000398473,17,0.23586
63973,50.1380,,,0.376636,0.000398471,17,0.219147
64002,50.1565,,,0.303172,0.00039847,17,0.249001
64031,50.1749,,,0.344139,0.000398468,17,0.19263
64060,50.1933,,,0.326328,0.000398467,17,0.1872
64089,50.2117,,,0.37224,0.000398466,17,0.441472
64118,50.2301,,,0.321315,0.000398464,17,0.183678
64147,50.2486,,,0.322379,0.000398463,17,0.195712
64176,50.2670,,,0.40114,0.000398461,17,0.269271
64205,50.2854,,,0.273155,0.00039846,17,0.170777
64234,50.3039,,,0.336309,0.000398459,17,0.232493
64263,50.3223,,,0.308535,0.000398457,17,0.189616
64292,50.3407,,,0.234948,0.000398456,17,0.171543
64321,50.3591,,,0.297397,0.000398454,17,0.291003
64350,50.3776,,,0.268666,0.000398453,17,0.147705
64379,50.3960,,,0.307234,0.000398451,17,0.209976
64408,50.4144,,,0.351156,0.00039845,17,0.170282
64437,50.4329,,,0.326855,0.000398449,17,0.201114
64466,50.4513,,,0.315058,0.000398447,17,0.243022
64495,50.4697,,,0.327688,0.000398446,17,0.208187
64524,50.4881,,,0.354004,0.000398444,17,0.197387
64553,50.5065,,,0.280863,0.000398443,17,0.224459
64582,50.5250,,,0.308484,0.000398442,17,0.2784
64611,50.5434,,,0.329746,0.00039844,17,0.171984
64640,50.5618,,,0.225631,0.000398439,17,0.189587
64669,50.5802,,,0.288216,0.000398437,17,0.2203
64698,50.5986,,,0.281068,0.000398436,17,0.195
64727,50.6171,,,0.303731,0.000398434,17,0.226106
64756,50.6355,,,0.279306,0.000398433,17,0.207269
64785,50.6539,,,0.324169,0.000398432,17,0.315288
64814,50.6723,,,0.305045,0.00039843,17,0.205982
64843,50.6907,,,0.310591,0.000398429,17,0.180255
64872,50.7091,,,0.283374,0.000398427,17,0.145931
64901,50.7276,,,0.364271,0.000398426,17,0.170013
64930,50.7460,,,0.304316,0.000398424,17,0.157724
64959,50.7644,,,0.258043,0.000398423,17,0.22201
64988,50.7828,,,0.276871,0.000398422,17,0.214762
65017,50.8013,,,0.295958,0.00039842,17,0.283538
65046,50.8197,,,0.331415,0.000398419,17,0.215421
65075,50.8381,,,0.317482,0.000398417,17,0.203654
65104,50.8565,,,0.350511,0.000398416,17,0.220113
65133,50.8749,,,0.280307,0.000398414,17,0.213851
65162,50.8934,,,0.306532,0.000398413,17,0.182832
65191,50.9118,,,0.320259,0.000398412,17,0.234893
65220,50.9302,,,0.320615,0.00039841,17,0.249634
65249,50.9486,,,0.308513,0.000398409,17,0.212725
65278,50.9671,,,0.305065,0.000398407,17,0.240141
65307,50.9855,,,0.291464,0.000398406,17,0.170541
65336,51.0039,,,0.33281,0.000398404,17,0.196621
65357,51.5785,0.30611,0.310567,,,17,
65365,51.5842,,,0.244526,0.000398403,18,0.196552
65394,51.6026,,,0.298607,0.000398401,18,0.185299
65423,51.6210,,,0.303064,0.0003984,18,0.173233
65452,51.6394,,,0.347314,0.000398399,18,0.197853
65481,51.6578,,,0.289196,0.000398397,18,0.157387
65510,51.6763,,,0.291386,0.000398396,18,0.176417
65539,51.6947,,,0.309601,0.000398394,18,0.23658
65568,51.7131,,,0.327906,0.000398393,18,0.168872
65597,51.7315,,,0.317895,0.000398391,18,0.327827
65626,51.7500,,,0.335504,0.00039839,18,0.242368
65655,51.7684,,,0.310896,0.000398389,18,0.161819
65684,51.7868,,,0.316464,0.000398387,18,0.178769
65713,51.8052,,,0.31921,0.000398386,18,0.15824
65742,51.8237,,,0.31466,0.000398384,18,0.182391
65771,51.8421,,,0.337681,0.000398383,18,0.211896
65800,51.8605,,,0.267529,0.000398381,18,0.178394
65829,51.8789,,,0.257017,0.00039838,18,0.132043
65858,51.8973,,,0.316362,0.000398378,18,0.162724
65887,51.9158,,,0.310012,0.000398377,18,0.211174
65916,51.9342,,,0.314248,0.000398376,18,0.201208
65945,51.9526,,,0.330935,0.000398374,18,0.221609
65974,51.9710,,,0.272651,0.000398373,18,0.213131
66003,51.9894,,,0.303038,0.000398371,18,0.199784
66032,52.0079,,,0.304182,0.00039837,18,0.152799
66061,52.0263,,,0.266279,0.000398368,18,0.173284
66090,52.0447,,,0.316905,0.000398367,18,0.210175
66119,52.0631,,,0.301507,0.000398365,18,0.205826
66148,52.0816,,,0.281716,0.000398364,18,0.196852
66177,52.1000,,,0.312569,0.000398362,18,0.198209
66206,52.1184,,,0.317038,0.000398361,18,0.15611
66235,52.1368,,,0.26557,0.00039836,18,0.173198
66264,52.1553,,,0.294973,0.000398358,18,0.215749
66293,52.1737,,,0.279728,0.000398357,18,0.201909
66322,52.1921,,,0.290351,0.000398355,18,0.246711
66351,52.2105,,,0.293018,0.000398354,18,0.227914
66380,52.2289,,,0.268126,0.000398352,18,0.192352
66409,52.2474,,,0.281679,0.000398351,18,0.205602
66438,52.2658,,,0.332617,0.000398349,18,0.198056
66467,52.2842,,,0.286538,0.000398348,18,0.170282
66496,52.3026,,,0.304151,0.000398346,18,0.231785
66525,52.3210,,,0.327533,0.000398345,18,0.200721
66554,52.3395,,,0.322486,0.000398343,18,0.202571
66583,52.3579,,,0.29262,0.000398342,18,0.194328
66612,52.3763,,,0.333485,0.000398341,18,0.169186
66641,52.3948,,,0.258974,0.000398339,18,0.200357
66670,52.4132,,,0.342848,0.000398338,18,0.196818
66699,52.4316,,,0.337208,0.000398336,18,0.17385
66728,52.4500,,,0.297175,0.000398335,18,0.240784
66757,52.4684,,,0.259788,0.000398333,18,0.139035
66786,52.4869,,,0.32843,0.000398332,18,0.176582
66815,52.5053,,,0.304196,0.00039833,18,0.15562
66844,52.5237,,,0.32206,0.000398329,18,0.248268
66873,52.5421,,,0.275433,0.000398327,18,0.188207
66902,52.5605,,,0.260364,0.000398326,18,0.202752
66931,52.5789,,,0.287955,0.000398324,18,0.180413
66960,52.5974,,,0.329074,0.000398323,18,0.157088
66989,52.6158,,,0.300128,0.000398321,18,0.157223
67018,52.6342,,,0.302772,0.00039832,18,0.197377
67047,52.6526,,,0.283132,0.000398318,18,0.185024
67076,52.6710,,,0.350192,0.000398317,18,0.197
67105,52.6895,,,0.303625,0.000398316,18,0.184148
67134,52.7079,,,0.299933,0.000398314,18,0.222469
67163,52.7263,,,0.326503,0.000398313,18,0.170945
67192,52.7447,,,0.303042,0.000398311,18,0.240422
67221,52.7631,,,0.355451,0.00039831,18,0.26939
67250,52.7815,,,0.3224,0.000398308,18,0.287985
67279,52.8000,,,0.271192,0.000398307,18,0.186436
67308,52.8184,,,0.287049,0.000398305,18,0.147546
67337,52.8368,,,0.345138,0.000398304,18,0.250733
67366,52.8552,,,0.311459,0.000398302,18,0.227171
67395,52.8737,,,0.29533,0.000398301,18,0.170891
67424,52.8921,,,0.345227,0.000398299,18,0.243315
67453,52.9105,,,0.28402,0.000398298,18,0.403553
67482,52.9289,,,0.295378,0.000398296,18,0.179653
67511,52.9473,,,0.368325,0.000398295,18,0.279765
67540,52.9658,,,0.292924,0.000398293,18,0.205276
67569,52.9842,,,0.311527,0.000398292,18,0.253725
67598,53.0026,,,0.269447,0.00039829,18,0.162531
67627,53.0210,,,0.283859,0.000398289,18,0.248647
67656,53.0394,,,0.337083,0.000398287,18,0.213019
67685,53.0579,,,0.380848,0.000398286,18,0.299369
67714,53.0763,,,0.282217,0.000398284,18,0.161864
67743,53.0947,,,0.2864,0.000398283,18,0.197624
67772,53.1131,,,0.306771,0.000398281,18,0.203459
67801,53.1316,,,0.320044,0.00039828,18,0.241775
67830,53.1500,,,0.345864,0.000398278,18,0.203952
67859,53.1684,,,0.315067,0.000398277,18,0.206186
67888,53.1868,,,0.315218,0.000398275,18,0.172031
67917,53.2053,,,0.291937,0.000398274,18,0.205927
67946,53.2237,,,0.296743,0.000398272,18,0.1378
67975,53.2421,,,0.286833,0.000398271,18,0.229584
68004,53.2605,,,0.281402,0.000398269,18,0.201928
68033,53.2790,,,0.285027,0.000398268,18,0.159126
68062,53.2974,,,0.28298,0.000398266,18,0.17601
68091,53.3159,,,0.360569,0.000398265,18,0.159772
68120,53.3343,,,0.314771,0.000398263,18,0.174757
68149,53.3527,,,0.294271,0.000398262,18,0.166625
68178,53.3712,,,0.388138,0.00039826,18,0.257358
68207,53.3896,,,0.337633,0.000398259,18,0.18292
68236,53.4080,,,0.283813,0.000398257,18,0.158052
68265,53.4264,,,0.321088,0.000398256,18,0.194517
68294,53.4448,,,0.33668,0.000398254,18,0.240609
68323,53.4633,,,0.31866,0.000398253,18,0.249154
68352,53.4817,,,0.283803,0.000398251,18,0.161855
68381,53.5001,,,0.306194,0.00039825,18,0.228942
68410,53.5185,,,0.370501,0.000398248,18,0.217053
68439,53.5369,,,0.287095,0.000398247,18,0.163606
68468,53.5554,,,0.256844,0.000398245,18,0.135482
68497,53.5738,,,0.269173,0.000398244,18,0.160751
68526,53.5922,,,0.325034,0.000398242,18,0.159391
68555,53.6106,,,0.296082,0.000398241,18,0.228231
68584,53.6290,,,0.371036,0.000398239,18,0.237231
68613,53.6474,,,0.363015,0.000398238,18,0.259732
68642,53.6659,,,0.360111,0.000398236,18,0.169131
68671,53.6843,,,0.293011,0.000398235,18,0.1962
68700,53.7027,,,0.390449,0.000398233,18,0.234787
68729,53.7211,,,0.362636,0.000398232,18,0.264327
68758,53.7395,,,0.389514,0.00039823,18,0.245075
68787,53.7579,,,0.310464,0.000398229,18,0.237982
68816,53.7764,,,0.375823,0.000398227,18,0.308019
68845,53.7948,,,0.328496,0.000398226,18,0.230988
68874,53.8132,,,0.336428,0.000398224,18,0.306312
68903,53.8316,,,0.342932,0.000398223,18,0.379309
68932,53.8500,,,0.26077,0.000398221,18,0.172024
68961,53.8685,,,0.248266,0.00039822,18,0.15654
68988,54.4467,0.3102,0.30707,,,18,
68990,54.4487,,,0.276019,0.000398218,19,0.151998
69019,54.4671,,,0.30701,0.000398217,19,0.219058
69048,54.4856,,,0.347354,0.000398215,19,0.186807
69077,54.5040,,,0.289698,0.000398214,19,0.1602
69106,54.5224,,,0.358135,0.000398212,19,0.223427
69135,54.5408,,,0.301973,0.000398211,19,0.20344
69164,54.5592,,,0.286663,0.000398209,19,0.211426
69193,54.5776,,,0.289299,0.000398208,19,0.143352
69222,54.5960,,,0.279045,0.000398206,19,0.187677
69251,54.6145,,,0.323358,0.000398205,19,0.187073
69280,54.6329,,,0.328563,0.000398203,19,0.181077
69309,54.6513,,,0.272875,0.000398202,19,0.18551
69338,54.6697,,,0.301108,0.0003982,19,0.177784
69367,54.6882,,,0.355459,0.000398198,19,4.04529
69396,54.7066,,,0.274595,0.000398197,19,0.160985
69425,54.7250,,,0.328828,0.000398195,19,0.221413
69454,54.7434,,,0.285267,0.000398194,19,0.179476
69483,54.7618,,,0.296851,0.000398192,19,0.286312
69512,54.7802,,,0.275563,0.000398191,19,0.213554
69541,54.7986,,,0.357919,0.000398189,19,0.250885
69570,54.8171,,,0.264309,0.000398188,19,0.135271
69599,54.8355,,,0.364179,0.000398186,19,0.205404
69628,54.8539,,,0.295014,0.000398185,19,0.293277
69657,54.8723,,,0.26544,0.000398183,19,0.19219
69686,54.8907,,,0.318549,0.000398182,19,0.157902
69715,54.9091,,,0.30329,0.00039818,19,0.201363
69744,54.9275,,,0.414239,0.000398179,19,0.325655
69773,54.9459,,,0.374692,0.000398177,19,0.21685
69802,54.9643,,,0.256799,0.000398175,19,0.142645
69831,54.9828,,,0.260762,0.000398174,19,0.158841
69860,55.0012,,,0.270536,0.000398172,19,0.456071
69889,55.0196,,,0.319332,0.000398171,19,0.167954
69918,55.0380,,,0.31947,0.000398169,19,0.244389
69947,55.0564,,,0.298647,0.000398168,19,0.228098
69976,55.0748,,,0.345231,0.000398166,19,0.231103
70005,55.0933,,,0.294572,0.000398165,19,0.157109
70034,55.1117,,,0.305836,0.000398163,19,0.207834
70063,55.1301,,,0.331173,0.000398162,19,0.575469
70092,55.1485,,,0.281817,0.00039816,19,0.192764
70121,55.1669,,,0.317805,0.000398159,19,0.216993
70150,55.1853,,,0.314654,0.000398157,19,0.203101
70179,55.2038,,,0.285439,0.000398155,19,0.162127
70208,55.2222,,,0.272721,0.000398154,19,0.167342
70237,55.2406,,,0.334419,0.000398152,19,0.239279
70266,55.2590,,,0.347573,0.000398151,19,0.254893
70295,55.2774,,,0.3081,0.000398149,19,0.216689
70324,55.2958,,,0.392365,0.000398148,19,0.230808
70353,55.3142,,,0.273696,0.000398146,19,0.201778
70382,55.3327,,,0.295786,0.000398145,19,0.155693
70411,55.3511,,,0.365335,0.000398143,19,0.214881
70440,55.3695,,,0.343546,0.000398142,19,0.244796
70469,55.3879,,,0.349086,0.00039814,19,0.194038
70498,55.4063,,,0.306727,0.000398138,19,0.172021
70527,55.4247,,,0.342289,0.000398137,19,0.212618
70556,55.4431,,,0.308575,0.000398135,19,0.211662
70585,55.4615,,,0.268192,0.000398134,19,0.183109
70614,55.4799,,,0.302685,0.000398132,19,0.234088
70643,55.4984,,,0.378572,0.000398131,19,0.348233
70672,55.5168,,,0.294291,0.000398129,19,0.159838
70701,55.5352,,,0.280146,0.000398128,19,0.207828
70730,55.5536,,,0.302137,0.000398126,19,0.224269
70759,55.5720,,,0.346307,0.000398124,19,0.178603
70788,55.5904,,,0.285952,0.000398123,19,0.434552
70817,55.6088,,,0.34455,0.000398121,19,0.264412
70846,55.6272,,,0.245726,0.00039812,19,0.218364
70875,55.6457,,,0.353351,0.000398118,19,0.251078
70904,55.6641,,,0.319333,0.000398117,19,0.171299
70933,55.6825,,,0.311841,0.000398115,19,0.237844
70962,55.7009,,,0.232142,0.000398114,19,0.140888
70991,55.7193,,,0.304637,0.000398112,19,0.166439
71020,55.7378,,,0.306682,0.00039811,19,0.351123
71049,55.7562,,,0.294499,0.000398109,19,0.201082
71078,55.7746,,,0.332189,0.000398107,19,0.204349
71107,55.7930,,,0.325839,0.000398106,19,0.206419
71136,55.8114,,,0.405546,0.000398104,19,0.30222
71165,55.8298,,,0.317194,0.000398103,19,0.171221
71194,55.8483,,,0.297871,0.000398101,19,0.204514
71223,55.8667,,,0.279131,0.000398099,19,0.20388
71252,55.8851,,,0.285612,0.000398098,19,0.138038
71281,55.9035,,,0.347997,0.000398096,19,0.2411
71310,55.9219,,,0.323532,0.000398095,19,0.167813
71339,55.9404,,,0.295378,0.000398093,19,0.169544
71368,55.9588,,,0.300307,0.000398092,19,0.158548
71397,55.9772,,,0.297392,0.00039809,19,0.207434
71426,55.9956,,,0.273321,0.000398088,19,0.215845
71455,56.0140,,,0.254972,0.000398087,19,0.185098
71484,56.0324,,,0.292745,0.000398085,19,0.192217
71513,56.0509,,,0.376044,0.000398084,19,0.207922
71542,56.0693,,,0.275409,0.000398082,19,0.139806
71571,56.0877,,,0.31358,0.000398081,19,0.188156
71600,56.1061,,,0.271273,0.000398079,19,0.153817
71629,56.1246,,,0.348331,0.000398077,19,0.236181
71658,56.1430,,,0.344858,0.000398076,19,0.279883
71687,56.1614,,,0.331106,0.000398074,19,0.184947
71716,56.1798,,,0.265233,0.000398073,19,0.176381
71745,56.1983,,,0.347804,0.000398071,19,0.260152
71774,56.2167,,,0.332414,0.00039807,19,0.216572
71803,56.2351,,,0.275945,0.000398068,19,0.212468
71832,56.2536,,,0.290049,0.000398066,19,0.205657
71861,56.2720,,,0.32672,0.000398065,19,0.214344
71890,56.2904,,,0.336547,0.000398063,19,0.220438
71919,56.3088,,,0.315562,0.000398062,19,0.165301
71948,56.3272,,,0.34983,0.00039806,19,0.346634
71977,56.3457,,,0.290707,0.000398059,19,0.163467
72006,56.3641,,,0.295521,0.000398057,19,0.186301
72035,56.3825,,,0.274179,0.000398055,19,0.180989
72064,56.4009,,,0.319164,0.000398054,19,0.228422
72093,56.4194,,,0.304688,0.000398052,19,0.157438
72122,56.4378,,,0.333916,0.000398051,19,0.2911
72151,56.4562,,,0.288341,0.000398049,19,0.670756
72180,56.4746,,,0.338374,0.000398047,19,0.205876
72209,56.4931,,,0.345973,0.000398046,19,0.311905
72238,56.5115,,,0.342655,0.000398044,19,0.243305
72267,56.5299,,,0.305306,0.000398043,19,0.217843
72296,56.5483,,,0.288712,0.000398041,19,0.20982
72325,56.5667,,,0.329315,0.000398039,19,0.224025
72354,56.5851,,,0.318352,0.000398038,19,0.236054
72383,56.6036,,,0.280483,0.000398036,19,0.178741
72412,56.6220,,,0.209799,0.000398035,19,0.163291
72441,56.6404,,,0.328569,0.000398033,19,0.206887
72470,56.6588,,,0.282906,0.000398031,19,0.163916
72499,56.6772,,,0.352561,0.00039803,19,0.217667
72528,56.6957,,,0.285469,0.000398028,19,0.229282
72557,56.7141,,,0.282369,0.000398027,19,0.173879
72586,56.7325,,,0.315427,0.000398025,19,0.234544
72615,56.7509,,,0.310699,0.000398024,19,0.160522
72619,57.3149,0.305023,0.308737,,,19,
72644,57.3312,,,0.291669,0.000398022,20,0.18998
72673,57.3497,,,0.272685,0.00039802,20,0.178353
72702,57.3681,,,0.341218,0.000398019,20,0.202147
72731,57.3866,,,0.366522,0.000398017,20,0.212922
72760,57.4050,,,0.348516,0.000398016,20,0.17356
72789,57.4235,,,0.31003,0.000398014,20,0.21706
72818,57.4419,,,0.284894,0.000398012,20,0.147889
72847,57.4603,,,0.33108,0.000398011,20,0.23156
72876,57.4787,,,0.293287,0.000398009,20,0.198263
72905,57.4971,,,0.339819,0.000398008,20,0.277566
72934,57.5155,,,0.310152,0.000398006,20,0.21176
72963,57.5340,,,0.358943,0.000398004,20,0.200804
72992,57.5524,,,0.314931,0.000398003,20,0.209451
73021,57.5708,,,0.35872,0.000398001,20,0.283865
73050,57.5893,,,0.342858,0.000397999,20,0.234645
73079,57.6077,,,0.285899,0.000397998,20,0.165524
73108,57.6261,,,0.39032,0.000397996,20,0.336392
73137,57.6446,,,0.343722,0.000397995,20,0.30442
73166,57.6630,,,0.257621,0.000397993,20,0.19528
73195,57.6814,,,0.294686,0.000397991,20,0.167655
73224,57.6999,,,0.272884,0.00039799,20,0.165079
73253,57.7183,,,0.308625,0.000397988,20,0.830972
73282,57.7367,,,0.297088,0.000397987,20,0.278407
73311,57.7551,,,0.279505,0.000397985,20,0.209335
73340,57.7736,,,0.370044,0.000397983,20,0.412714
73369,57.7920,,,0.310657,0.000397982,20,0.199465
73398,57.8104,,,0.275051,0.00039798,20,0.2716
73427,57.8289,,,0.311586,0.000397979,20,0.267409
73456,57.8473,,,0.345811,0.000397977,20,0.271555
73485,57.8658,,,0.34865,0.000397975,20,0.273738
73514,57.8842,,,0.301995,0.000397974,20,0.197563
73543,57.9026,,,0.302869,0.000397972,20,0.186905
73572,57.9211,,,0.324195,0.00039797,20,0.180754
73601,57.9395,,,0.311575,0.000397969,20,0.256966
73630,57.9579,,,0.309709,0.000397967,20,0.221236
73659,57.9764,,,0.331961,0.000397966,20,0.289925
73688,57.9948,,,0.306316,0.000397964,20,0.256902
73717,58.0132,,,0.257092,0.000397962,20,0.179577
73746,58.0316,,,0.285784,0.000397961,20,0.170381
73775,58.0501,,,0.319947,0.000397959,20,0.219917
73804,58.0686,,,0.28858,0.000397957,20,0.224192
73833,58.0870,,,0.337507,0.000397956,20,0.171359
73862,58.1054,,,0.319623,0.000397954,20,0.181865
73891,58.1239,,,0.282681,0.000397953,20,0.179812
73920,58.1423,,,0.26302,0.000397951,20,0.229171
73949,58.1608,,,0.32027,0.000397949,20,0.202774
73978,58.1792,,,0.290941,0.000397948,20,0.146825
74007,58.1977,,,0.322771,0.000397946,20,0.202838
74036,58.2161,,,0.311391,0.000397944,20,0.185615
74065,58.2346,,,0.356682,0.000397943,20,0.314685
74094,58.2530,,,0.320748,0.000397941,20,0.203794
74123,58.2715,,,0.355224,0.00039794,20,0.232132
74152,58.2899,,,0.298669,0.000397938,20,0.171242
74181,58.3084,,,0.319339,0.000397936,20,0.264217
74210,58.3268,,,0.316293,0.000397935,20,0.203
74239,58.3452,,,0.322606,0.000397933,20,0.204576
74268,58.3637,,,0.338285,0.000397931,20,0.23816
74297,58.3821,,,0.283454,0.00039793,20,0.201025
74326,58.4006,,,0.341092,0.000397928,20,0.198504
74355,58.4190,,,0.35505,0.000397926,20,0.560889
74384,58.4375,,,0.286454,0.000397925,20,0.170821
74413,58.4559,,,0.347778,0.000397923,20,0.377666
74442,58.4744,,,0.313969,0.000397922,20,0.183393
74471,58.4928,,,0.308813,0.00039792,20,0.222408
74500,58.5113,,,0.329214,0.000397918,20,0.197288
74529,58.5297,,,0.290975,0.000397917,20,0.251543
74558,58.5482,,,0.249867,0.000397915,20,0.195974
74587,58.5667,,,0.293563,0.000397913,20,0.155948
74616,58.5851,,,0.322643,0.000397912,20,0.210953
74645,58.6036,,,0.347168,0.00039791,20,0.23311
74674,58.6220,,,0.292771,0.000397908,20,0.128109
74703,58.6404,,,0.321215,0.000397907,20,0.152986
74732,58.6589,,,0.28555,0.000397905,20,0.154379
74761,58.6773,,,0.28192,0.000397903,20,0.177868
74790,58.6958,,,0.309819,0.000397902,20,0.178635
74819,58.7142,,,0.272845,0.0003979,20,0.145758
74848,58.7326,,,0.290076,0.000397899,20,0.229304
74877,58.7511,,,0.348269,0.000397897,20,0.208434
74906,58.7695,,,0.340053,0.000397895,20,0.257492
74935,58.7880,,,0.366934,0.000397894,20,0.220408
74964,58.8064,,,0.369737,0.000397892,20,0.247967
74993,58.8249,,,0.30413,0.00039789,20,0.203382
75022,58.8433,,,0.259841,0.000397889,20,0.208146
75051,58.8618,,,0.310841,0.000397887,20,0.16294
75080,58.8802,,,0.286605,0.000397885,20,0.210307
75109,58.8987,,,0.341152,0.000397884,20,0.184669
75138,58.9171,,,0.322055,0.000397882,20,0.163561
75167,58.9356,,,0.280901,0.00039788,20,0.293395
75196,58.9540,,,0.323584,0.000397879,20,0.172789
75225,58.9725,,,0.272558,0.000397877,20,0.182058
75254,58.9909,,,0.29896,0.000397875,20,0.184306
75283,59.0093,,,0.307348,0.000397874,20,0.20986
75312,59.0278,,,0.368355,0.000397872,20,0.201936
75341,59.0462,,,0.305761,0.00039787,20,0.189917
75370,59.0646,,,0.30825,0.000397869,20,0.216798
75399,59.0831,,,0.312102,0.000397867,20,0.18173
75428,59.1016,,,0.328518,0.000397865,20,0.182378
75457,59.1203,,,0.283572,0.000397864,20,0.142949
75486,59.1387,,,0.29426,0.000397862,20,0.208475
75515,59.1572,,,0.263573,0.00039786,20,0.157699
75544,59.1756,,,0.304683,0.000397859,20,0.190496
75573,59.1940,,,0.281898,0.000397857,20,0.234969
75602,59.2125,,,0.300647,0.000397856,20,0.231341
75631,59.2309,,,0.312092,0.000397854,20,0.206437
75660,59.2493,,,0.284219,0.000397852,20,0.214211
75689,59.2678,,,0.291183,0.00039785,20,1.0843
75718,59.2862,,,0.311386,0.000397849,20,0.283669
75747,59.3046,,,0.319936,0.000397847,20,0.38406
75776,59.3231,,,0.287713,0.000397845,20,0.213003
75805,59.3415,,,0.261594,0.000397844,20,0.248068
75834,59.3600,,,0.340077,0.000397842,20,0.277712
75863,59.3784,,,0.301464,0.00039784,20,0.224982
75892,59.3968,,,0.305902,0.000397839,20,0.193115
75921,59.4153,,,0.32202,0.000397837,20,0.387625
75950,59.4337,,,0.297798,0.000397835,20,0.237918
75979,59.4521,,,0.332462,0.000397834,20,0.249084
76008,59.4706,,,0.302685,0.000397832,20,0.221531
76037,59.4890,,,0.351279,0.00039783,20,0.282354
76066,59.5074,,,0.314608,0.000397829,20,0.308993
76095,59.5258,,,0.34723,0.000397827,20,0.791733
76124,59.5442,,,0.279776,0.000397825,20,0.233394
76153,59.5626,,,0.296252,0.000397824,20,0.277564
76182,59.5811,,,0.372738,0.000397822,20,0.40389
76211,59.5995,,,0.332726,0.00039782,20,0.270021
76240,59.6179,,,0.264842,0.000397819,20,0.183163
76250,60.1852,0.307584,0.309351,,,20,
76269,60.1979,,,0.319539,0.000397817,21,0.224291
76298,60.2163,,,0.29091,0.000397815,21,0.571953
76327,60.2347,,,0.288625,0.000397814,21,0.193603
76356,60.2532,,,0.272879,0.000397812,21,0.219558
76385,60.2716,,,0.298744,0.00039781,21,0.236525
76414,60.2900,,,0.382135,0.000397809,21,0.307454
76443,60.3084,,,0.30535,0.000397807,21,0.229517
76472,60.3268,,,0.285723,0.000397805,21,0.231929
76501,60.3453,,,0.280961,0.000397804,21,0.265719
76530,60.3637,,,0.374469,0.000397802,21,0.285409
76559,60.3821,,,0.291704,0.0003978,21,0.194875
76588,60.4005,,,0.289718,0.000397799,21,0.210034
76617,60.4189,,,0.285551,0.000397797,21,0.196095
76646,60.4374,,,0.266046,0.000397795,21,0.248841
76675,60.4557,,,0.302392,0.000397793,21,0.147735
76704,60.4741,,,0.300068,0.000397792,21,0.212172
76733,60.4926,,,0.268849,0.00039779,21,0.204779
76762,60.5110,,,0.306926,0.000397788,21,0.233519
76791,60.5294,,,0.346226,0.000397787,21,0.480566
76820,60.5478,,,0.250692,0.000397785,21,0.19759
76849,60.5662,,,0.273456,0.000397783,21,0.203988
76878,60.5846,,,0.332282,0.000397782,21,0.238901
76907,60.6030,,,0.287761,0.00039778,21,0.201366
76936,60.6214,,,0.284263,0.000397778,21,0.207176
76965,60.6398,,,0.269761,0.000397777,21,0.176715
76994,60.6582,,,0.288751,0.000397775,21,0.195013
77023,60.6767,,,0.303348,0.000397773,21,0.193566
77052,60.6951,,,0.303084,0.000397771,21,0.208696
77081,60.7135,,,0.352919,0.00039777,21,0.269813
77110,60.7319,,,0.373701,0.000397768,21,0.359005
77139,60.7503,,,0.270555,0.000397766,21,0.182653
77168,60.7687,,,0.326039,0.000397765,21,0.206923
77197,60.7872,,,0.340202,0.000397763,21,0.163589
77226,60.8056,,,0.281236,0.000397761,21,0.258886
77255,60.8240,,,0.329456,0.00039776,21,0.231302
77284,60.8424,,,0.287303,0.000397758,21,0.288219
77313,60.8608,,,0.27965,0.000397756,21,0.284685
77342,60.8792,,,0.350074,0.000397754,21,0.251225
77371,60.8976,,,0.357118,0.000397753,21,0.214705
77400,60.9161,,,0.294107,0.000397751,21,0.269268
77429,60.9345,,,0.350679,0.000397749,21,0.336748
77458,60.9529,,,0.256224,0.000397748,21,0.221501
77487,60.9713,,,0.333397,0.000397746,21,0.212716
77516,60.9897,,,0.345509,0.000397744,21,0.281239
77545,61.0081,,,0.37709,0.000397743,21,0.35036
77574,61.0265,,,0.278829,0.000397741,21,0.202155
77603,61.0449,,,0.392385,0.000397739,21,0.305525
77632,61.0634,,,0.28758,0.000397737,21,0.19364
77661,61.0818,,,0.324781,0.000397736,21,0.190691
77690,61.1001,,,0.33381,0.000397734,21,0.271642
77719,61.1185,,,0.332018,0.000397732,21,1.3218
77748,61.1370,,,0.314009,0.000397731,21,0.183463
77777,61.1553,,,0.244751,0.000397729,21,0.184926
77806,61.1737,,,0.320894,0.000397727,21,0.194452
77835,61.1921,,,0.245009,0.000397725,21,0.179296
77864,61.2106,,,0.2887,0.000397724,21,0.245156
77893,61.2290,,,0.31922,0.000397722,21,0.20321
77922,61.2474,,,0.31155,0.00039772,21,0.271099
77951,61.2658,,,0.261045,0.000397719,21,0.207637
77980,61.2842,,,0.315775,0.000397717,21,0.206387
78009,61.3026,,,0.288092,0.000397715,21,0.311649
78038,61.3210,,,0.334899,0.000397713,21,0.262691
78067,61.3394,,,0.337057,0.000397712,21,0.212997
78096,61.3578,,,0.28723,0.00039771,21,0.180285
78125,61.3762,,,0.264491,0.000397708,21,0.169606
78154,61.3946,,,0.27503,0.000397707,21,0.189906
78183,61.4130,,,0.271513,0.000397705,21,0.214586
78212,61.4314,,,0.327232,0.000397703,21,0.214126
78241,61.4498,,,0.351512,0.000397701,21,0.3965
78270,61.4681,,,0.237788,0.0003977,21,0.201344
78299,61.4865,,,0.304167,0.000397698,21,2.05072
78328,61.5049,,,0.310585,0.000397696,21,0.219815
78357,61.5233,,,0.266136,0.000397695,21,0.327964
78386,61.5417,,,0.300264,0.000397693,21,0.175568
78415,61.5601,,,0.36743,0.000397691,21,0.276939
78444,61.5786,,,0.296635,0.000397689,21,0.240089
78473,61.5970,,,0.306537,0.000397688,21,0.261601
78502,61.6154,,,0.352122,0.000397686,21,0.273783
78531,61.6338,,,0.279866,0.000397684,21,0.219206
78560,61.6522,,,0.301693,0.000397682,21,0.198155
78589,61.6706,,,0.351996,0.000397681,21,0.195161
78618,61.6890,,,0.298462,0.000397679,21,0.242447
78647,61.7074,,,0.355116,0.000397677,21,0.226081
78676,61.7258,,,0.285722,0.000397675,21,0.180535
78705,61.7442,,,0.306705,0.000397674,21,0.203451
78734,61.7626,,,0.31514,0.000397672,21,0.191925
78763,61.7810,,,0.329795,0.00039767,21,0.21666
78792,61.7994,,,0.407281,0.000397669,21,0.419783
78821,61.8178,,,0.26814,0.000397667,21,0.21239
78850,61.8362,,,0.339598,0.000397665,21,0.288086
78879,61.8546,,,0.318047,0.000397663,21,0.317045
78908,61.8730,,,0.341374,0.000397662,21,0.26363
78937,61.8914,,,0.342217,0.00039766,21,0.302742
78966,61.9098,,,0.31557,0.000397658,21,0.340595
78995,61.9282,,,0.295655,0.000397656,21,0.270815
79024,61.9466,,,0.356827,0.000397655,21,0.321781
79053,61.9650,,,0.313029,0.000397653,21,1.87212
79082,61.9834,,,0.300252,0.000397651,21,0.224819
79111,62.0018,,,0.266851,0.000397649,21,0.207631
79140,62.0202,,,0.292636,0.000397648,21,0.239677
79169,62.0386,,,0.299892,0.000397646,21,0.334219
79198,62.0569,,,0.259345,0.000397644,21,0.215501
79227,62.0754,,,0.322547,0.000397642,21,1.24999
79256,62.0938,,,0.283369,0.000397641,21,0.244464
79285,62.1122,,,0.311772,0.000397639,21,0.503948
79314,62.1306,,,0.325947,0.000397637,21,0.292522
79343,62.1490,,,0.313254,0.000397635,21,0.333469
79372,62.1674,,,0.278622,0.000397634,21,0.317574
79401,62.1858,,,0.28947,0.000397632,21,0.290018
79430,62.2042,,,0.373004,0.00039763,21,0.394016
79459,62.2226,,,0.34936,0.000397628,21,0.214595
79488,62.2411,,,0.315623,0.000397627,21,0.269472
79517,62.2595,,,0.316943,0.000397625,21,0.246561
79546,62.2779,,,0.35433,0.000397623,21,0.350002
79575,62.2963,,,0.327796,0.000397621,21,0.270366
79604,62.3147,,,0.320491,0.00039762,21,0.28851
79633,62.3331,,,0.312969,0.000397618,21,0.364053
79662,62.3515,,,0.311724,0.000397616,21,0.264442
79691,62.3699,,,0.347355,0.000397614,21,0.259314
79720,62.3883,,,0.305616,0.000397613,21,0.240679
79749,62.4067,,,0.255715,0.000397611,21,0.254308
79778,62.4251,,,0.311035,0.000397609,21,0.229892
79807,62.4435,,,0.30074,0.000397607,21,0.214747
79836,62.4619,,,0.321407,0.000397606,21,0.268604
79865,62.4804,,,0.301654,0.000397604,21,0.203709
79881,63.0516,0.310165,0.309221,,,21,
79894,63.0604,,,0.327497,0.000397602,22,0.302938
79923,63.0788,,,0.286204,0.0003976,22,0.319773
79952,63.0972,,,0.289064,0.000397599,22,0.219551
79981,63.1156,,,0.296875,0.000397597,22,0.197512
80010,63.1340,,,0.285671,0.000397595,22,0.215268
80039,63.1524,,,0.30368,0.000397593,22,0.287419
80068,63.1709,,,0.395343,0.000397592,22,0.456849
80097,63.1894,,,0.312582,0.00039759,22,0.249854
80126,63.2078,,,0.291387,0.000397588,22,0.235369
80155,63.2262,,,0.318923,0.000397586,22,0.179713
80184,63.2446,,,0.268196,0.000397585,22,0.16875
80213,63.2631,,,0.304228,0.000397583,22,0.237062
80242,63.2815,,,0.306102,0.000397581,22,0.21607
80271,63.2999,,,0.321867,0.000397579,22,0.2168
80300,63.3183,,,0.340095,0.000397577,22,0.656804
80329,63.3368,,,0.327933,0.000397576,22,0.217521
80358,63.3552,,,0.28008,0.000397574,22,0.209411
80387,63.3736,,,0.305169,0.000397572,22,0.226386
80416,63.3920,,,0.301031,0.00039757,22,0.179708
80445,63.4104,,,0.264102,0.000397569,22,0.206397
80474,63.4289,,,0.362724,0.000397567,22,0.395677
80503,63.4473,,,0.277332,0.000397565,22,0.23653
80532,63.4657,,,0.252621,0.000397563,22,0.224534
80561,63.4841,,,0.338373,0.000397562,22,0.249694
80590,63.5025,,,0.324259,0.00039756,22,0.22949
80619,63.5210,,,0.349222,0.000397558,22,0.328151
80648,63.5394,,,0.274404,0.000397556,22,0.168748
80677,63.5578,,,0.312033,0.000397554,22,0.246863
80706,63.5762,,,0.410881,0.000397553,22,0.36039
80735,63.5946,,,0.277774,0.000397551,22,0.196127
80764,63.6130,,,0.345285,0.000397549,22,0.440607
80793,63.6314,,,0.312767,0.000397547,22,0.488699
80822,63.6498,,,0.349342,0.000397546,22,0.323451
80851,63.6683,,,0.289282,0.000397544,22,0.202096
80880,63.6867,,,0.321247,0.000397542,22,0.226693
80909,63.7051,,,0.315818,0.00039754,22,0.218784
80938,63.7235,,,0.398629,0.000397538,22,0.369712
80967,63.7420,,,0.301997,0.000397537,22,0.239503
80996,63.7604,,,0.285117,0.000397535,22,0.217284
81025,63.7788,,,0.252896,0.000397533,22,0.235968
81054,63.7972,,,0.244017,0.000397531,22,0.300948
81083,63.8156,,,0.266549,0.000397529,22,0.261233
81112,63.8340,,,0.316361,0.000397528,22,0.229622
81141,63.8524,,,0.288855,0.000397526,22,0.275702
81170,63.8709,,,0.31372,0.000397524,22,0.320001
81199,63.8893,,,0.327614,0.000397522,22,0.211486
81228,63.9077,,,0.357073,0.000397521,22,0.286363
81257,63.9261,,,0.269653,0.000397519,22,0.23777
81286,63.9445,,,0.337195,0.000397517,22,0.355275
81315,63.9629,,,0.296216,0.000397515,22,0.227334
81344,63.9813,,,0.301775,0.000397513,22,0.281108
81373,63.9997,,,0.252444,0.000397512,22,0.202706
81402,64.0181,,,0.282837,0.00039751,22,0.203486
81431,64.0365,,,0.307039,0.000397508,22,0.19494
81460,64.0549,,,0.253889,0.000397506,22,0.192713
81489,64.0734,,,0.277769,0.000397504,22,0.228648
81518,64.0918,,,0.328225,0.000397503,22,0.359923
81547,64.1102,,,0.32475,0.000397501,22,0.160953
81576,64.1286,,,0.340038,0.000397499,22,0.292559
81605,64.1470,,,0.279082,0.000397497,22,0.214245
81634,64.1654,,,0.305394,0.000397495,22,0.217906
81663,64.1838,,,0.34435,0.000397494,22,0.237895
81692,64.2022,,,0.319544,0.000397492,22,0.335055
81721,64.2206,,,0.297043,0.00039749,22,0.191805
81750,64.2390,,,0.307232,0.000397488,22,0.229894
81779,64.2574,,,0.281777,0.000397486,22,0.150417
81808,64.2759,,,0.349433,0.000397485,22,0.255723
81837,64.2943,,,0.329307,0.000397483,22,0.273991
81866,64.3127,,,0.301016,0.000397481,22,0.201616
81895,64.3311,,,0.302296,0.000397479,22,0.228792
81924,64.3495,,,0.306141,0.000397477,22,0.208974
81953,64.3680,,,0.347054,0.000397476,22,0.371954
81982,64.3864,,,0.290548,0.000397474,22,0.427166
82011,64.4048,,,0.30168,0.000397472,22,0.244506
82040,64.4232,,,0.241352,0.00039747,22,0.183376
82069,64.4416,,,0.316559,0.000397468,22,0.203755
82098,64.4601,,,0.308538,0.000397467,22,0.24212
82127,64.4785,,,0.319534,0.000397465,22,0.214422
82156,64.4969,,,0.340073,0.000397463,22,0.249189
82185,64.5153,,,0.313091,0.000397461,22,0.254192
82214,64.5337,,,0.330454,0.000397459,22,0.303653
82243,64.5521,,,0.320007,0.000397458,22,0.238641
82272,64.5705,,,0.34027,0.000397456,22,0.221505
82301,64.5890,,,0.287603,0.000397454,22,0.2101
82330,64.6074,,,0.28739,0.000397452,22,0.153864
82359,64.6258,,,0.291558,0.00039745,22,0.216561
82388,64.6442,,,0.324577,0.000397448,22,0.232732
82417,64.6626,,,0.31067,0.000397447,22,0.212577
82446,64.6810,,,0.370484,0.000397445,22,0.241104
82475,64.6994,,,0.314423,0.000397443,22,0.198051
82504,64.7179,,,0.281814,0.000397441,22,0.250111
82533,64.7363,,,0.321459,0.000397439,22,0.192108
82562,64.7547,,,0.299809,0.000397438,22,0.194984
82591,64.7731,,,0.317907,0.000397436,22,0.198438
82620,64.7915,,,0.291681,0.000397434,22,0.236219
82649,64.8099,,,0.293517,0.000397432,22,0.209986
82678,64.8283,,,0.330754,0.00039743,22,0.282658
82707,64.8468,,,0.299365,0.000397428,22,0.260858
82736,64.8652,,,0.302803,0.000397427,22,0.254057
82765,64.8836,,,0.292243,0.000397425,22,0.274656
82794,64.9019,,,0.295089,0.000397423,22,0.180963
82823,64.9204,,,0.27347,0.000397421,22,0.173386
82852,64.9388,,,0.274749,0.000397419,22,0.171487
82881,64.9571,,,0.315511,0.000397418,22,0.194193
82910,64.9755,,,0.29969,0.000397416,22,0.267868
82939,64.9939,,,0.28062,0.000397414,22,0.230309
82968,65.0123,,,0.291785,0.000397412,22,0.235246
82997,65.0307,,,0.329625,0.00039741,22,0.302521
83026,65.0490,,,0.258845,0.000397408,22,0.227879
83055,65.0674,,,0.284665,0.000397407,22,0.218334
83084,65.0859,,,0.286655,0.000397405,22,0.190408
83113,65.1043,,,0.338636,0.000397403,22,0.229774
83142,65.1227,,,0.3206,0.000397401,22,0.220669
83171,65.1411,,,0.343426,0.000397399,22,0.22691
83200,65.1595,,,0.281909,0.000397397,22,0.179122
83229,65.1780,,,0.283683,0.000397396,22,0.16578
83258,65.1964,,,0.379806,0.000397394,22,0.277695
83287,65.2148,,,0.351775,0.000397392,22,0.230539
83316,65.2332,,,0.345834,0.00039739,22,0.257682
83345,65.2516,,,0.287845,0.000397388,22,0.19436
83374,65.2700,,,0.264474,0.000397386,22,0.229352
83403,65.2885,,,0.255308,0.000397385,22,0.217555
83432,65.3069,,,0.299592,0.000397383,22,0.176916
83461,65.3253,,,0.270701,0.000397381,22,0.216205
83490,65.3438,,,0.313442,0.000397379,22,0.233979
83512,65.9191,0.302893,0.308422,,,22,
83519,65.9241,,,0.250512,0.000397377,23,0.177115
83548,65.9426,,,0.33853,0.000397375,23,0.226091
83577,65.9610,,,0.335837,0.000397374,23,0.187445
83606,65.9794,,,0.314934,0.000397372,23,0.222237
83635,65.9978,,,0.302974,0.00039737,23,0.228586
83664,66.0162,,,0.314698,0.000397368,23,0.21688
83693,66.0347,,,0.276406,0.000397366,23,0.19928
83722,66.0531,,,0.322987,0.000397364,23,0.174759
83751,66.0714,,,0.275667,0.000397363,23,0.231063
83780,66.0898,,,0.305551,0.000397361,23,0.264264
83809,66.1082,,,0.29986,0.000397359,23,0.235762
83838,66.1267,,,0.239229,0.000397357,23,0.189645
83867,66.1451,,,0.260167,0.000397355,23,0.23014
83896,66.1635,,,0.352339,0.000397353,23,0.333012
83925,66.1819,,,0.299292,0.000397351,23,0.21765
83954,66.2003,,,0.30581,0.00039735,23,0.238308
83983,66.2186,,,0.320453,0.000397348,23,0.342912
84012,66.2370,,,0.308637,0.000397346,23,0.26075
84041,66.2555,,,0.293956,0.000397344,23,0.221855
84070,66.2739,,,0.340104,0.000397342,23,0.269172
84099,66.2923,,,0.378007,0.00039734,23,0.234697
84128,66.3107,,,0.397838,0.000397338,23,0.291937
84157,66.3291,,,0.257134,0.000397337,23,0.185787
84186,66.3475,,,0.267034,0.000397335,23,0.227717
84215,66.3660,,,0.363251,0.000397333,23,0.285978
84244,66.3844,,,0.308752,0.000397331,23,8.3322
84273,66.4028,,,0.303753,0.000397329,23,0.253577
84302,66.4212,,,0.273232,0.000397327,23,0.264691
84331,66.4396,,,0.290929,0.000397325,23,0.341588
84360,66.4579,,,0.331445,0.000397324,23,0.457168
84389,66.4763,,,0.31791,0.000397322,23,0.4197
84418,66.4947,,,0.391246,0.00039732,23,0.318508
84447,66.5131,,,0.280586,0.000397318,23,0.218184
84476,66.5315,,,0.302042,0.000397316,23,0.219261
84505,66.5499,,,0.343065,0.000397314,23,0.28733
84534,66.5683,,,0.272656,0.000397312,23,0.232908
84563,66.5867,,,0.371358,0.000397311,23,0.299949
84592,66.6051,,,0.321868,0.000397309,23,0.305671
84621,66.6234,,,0.323119,0.000397307,23,0.358446
84650,66.6418,,,0.303127,0.000397305,23,0.231978
84679,66.6602,,,0.336891,0.000397303,23,0.212226
84708,66.6786,,,0.301705,0.000397301,23,0.21456
84737,66.6970,,,0.283504,0.000397299,23,0.213941
84766,66.7154,,,0.292315,0.000397298,23,0.194787
84795,66.7338,,,0.3067,0.000397296,23,0.228598
84824,66.7521,,,0.289609,0.000397294,23,0.203632
84853,66.7706,,,0.286893,0.000397292,23,0.203705
84882,66.7890,,,0.261866,0.00039729,23,0.184584
84911,66.8073,,,0.301548,0.000397288,23,0.237778
84940,66.8257,,,0.284869,0.000397286,23,0.189923
84969,66.8441,,,0.30584,0.000397284,23,0.189893
84998,66.8625,,,0.3431,0.000397283,23,0.220587
85027,66.8809,,,0.314993,0.000397281,23,0.197932
85056,66.8992,,,0.267763,0.000397279,23,0.222546
85085,66.9176,,,0.322517,0.000397277,23,0.242475
85114,66.9360,,,0.318754,0.000397275,23,0.208971
85143,66.9544,,,0.280582,0.000397273,23,0.141284
85172,66.9728,,,0.339914,0.000397271,23,0.227937
85201,66.9912,,,0.300514,0.000397269,23,0.217921
85230,67.0097,,,0.316026,0.000397268,23,0.218831
85259,67.0281,,,0.310104,0.000397266,23,0.224728
85288,67.0465,,,0.273673,0.000397264,23,0.176549
85317,67.0649,,,0.282777,0.000397262,23,0.181533
85346,67.0834,,,0.269135,0.00039726,23,0.251931
85375,67.1020,,,0.269244,0.000397258,23,0.171253
85404,67.1204,,,0.282507,0.000397256,23,0.197288
85433,67.1388,,,0.309566,0.000397254,23,0.178066
85462,67.1572,,,0.33544,0.000397253,23,0.17092
85491,67.1756,,,0.283841,0.000397251,23,0.184558
85520,67.1940,,,0.280278,0.000397249,23,0.207345
85549,67.2124,,,0.327287,0.000397247,23,0.333987
85578,67.2308,,,0.33314,0.000397245,23,0.232921
85607,67.2492,,,0.29666,0.000397243,23,0.236198
85636,67.2676,,,0.305414,0.000397241,23,0.267718
85665,67.2861,,,0.343776,0.000397239,23,0.262
85694,67.3045,,,0.281101,0.000397237,23,0.299539
85723,67.3229,,,0.262318,0.000397236,23,0.294962
85752,67.3414,,,0.307115,0.000397234,23,0.255487
85781,67.3598,,,0.299714,0.000397232,23,0.244346
85810,67.3782,,,0.348801,0.00039723,23,0.201699
85839,67.3967,,,0.320063,0.000397228,23,0.150923
85868,67.4152,,,0.303728,0.000397226,23,0.270525
85897,67.4336,,,0.267516,0.000397224,23,0.259012
85926,67.4521,,,0.38618,0.000397222,23,0.246362
85955,67.4705,,,0.295588,0.00039722,23,0.217178
85984,67.4890,,,0.336384,0.000397219,23,0.240565
86013,67.5075,,,0.276185,0.000397217,23,0.164343
86042,67.5259,,,0.347133,0.000397215,23,0.292392
86071,67.5444,,,0.292761,0.000397213,23,0.212596
86100,67.5629,,,0.276642,0.000397211,23,0.238282
86129,67.5813,,,0.286085,0.000397209,23,0.162695
86158,67.5998,,,0.312512,0.000397207,23,0.168482
86187,67.6182,,,0.266065,0.000397205,23,0.179634
86216,67.6367,,,0.289792,0.000397203,23,0.207467
86245,67.6551,,,0.294399,0.000397202,23,0.295018
86274,67.6736,,,0.257254,0.0003972,23,0.16552
86303,67.6920,,,0.271924,0.000397198,23,0.182136
86332,67.7105,,,0.228065,0.000397196,23,0.169523
86361,67.7290,,,0.287785,0.000397194,23,0.251109
86390,67.7474,,,0.315468,0.000397192,23,0.179602
86419,67.7659,,,0.274802,0.00039719,23,0.210356
86448,67.7843,,,0.269344,0.000397188,23,0.227751
86477,67.8027,,,0.293606,0.000397186,23,0.262727
86506,67.8212,,,0.322977,0.000397184,23,0.149642
86535,67.8396,,,0.280592,0.000397182,23,0.142401
86564,67.8580,,,0.280122,0.000397181,23,0.17952
86593,67.8765,,,0.334423,0.000397179,23,0.172315
86622,67.8950,,,0.334346,0.000397177,23,0.370341
86651,67.9134,,,0.31912,0.000397175,23,0.302458
86680,67.9318,,,0.251032,0.000397173,23,0.218151
86709,67.9503,,,0.34521,0.000397171,23,0.33392
86738,67.9687,,,0.278178,0.000397169,23,0.234742
86767,67.9872,,,0.298397,0.000397167,23,0.209865
86796,68.0056,,,0.347513,0.000397165,23,0.368255
86825,68.0241,,,0.282668,0.000397163,23,0.252843
86854,68.0425,,,0.260463,0.000397161,23,0.312927
86883,68.0610,,,0.291358,0.00039716,23,0.251554
86912,68.0794,,,0.33771,0.000397158,23,0.232229
86941,68.0978,,,0.251721,0.000397156,23,0.196551
86970,68.1163,,,0.288635,0.000397154,23,0.185622
86999,68.1347,,,0.328446,0.000397152,23,0.203514
87028,68.1531,,,0.282073,0.00039715,23,0.228976
87057,68.1716,,,0.23119,0.000397148,23,0.204932
87086,68.1900,,,0.34314,0.000397146,23,0.23065
87115,68.2084,,,0.298061,0.000397144,23,0.192007
87143,68.7885,0.302447,0.306022,,,23,
87144,68.7902,,,0.269707,0.000397142,24,7.64177
87173,68.8086,,,0.286313,0.00039714,24,0.198535
87202,68.8270,,,0.244696,0.000397138,24,0.252325
87231,68.8454,,,0.244907,0.000397137,24,0.256724
87260,68.8639,,,0.284957,0.000397135,24,0.303376
87289,68.8823,,,0.304492,0.000397133,24,0.241861
87318,68.9007,,,0.308742,0.000397131,24,0.305511
87347,68.9191,,,0.296879,0.000397129,24,0.204243
87376,68.9375,,,0.278895,0.000397127,24,0.203075
87405,68.9560,,,0.378838,0.000397125,24,0.384545
87434,68.9744,,,0.320749,0.000397123,24,0.291102
87463,68.9928,,,0.255933,0.000397121,24,0.202475
87492,69.0112,,,0.329824,0.000397119,24,0.21241
87521,69.0296,,,0.382336,0.000397117,24,0.315442
87550,69.0480,,,0.303372,0.000397115,24,0.235544
87579,69.0664,,,0.313907,0.000397113,24,0.195352
87608,69.0848,,,0.264117,0.000397112,24,0.258057
87637,69.1032,,,0.27348,0.00039711,24,0.165562
87666,69.1216,,,0.33627,0.000397108,24,0.267021
87695,69.1400,,,0.345091,0.000397106,24,0.19787
87724,69.1584,,,0.300859,0.000397104,24,0.275052
87753,69.1768,,,0.309276,0.000397102,24,0.215361
87782,69.1952,,,0.328951,0.0003971,24,0.254044
87811,69.2136,,,0.279901,0.000397098,24,0.183024
87840,69.2320,,,0.268,0.000397096,24,0.153497
87869,69.2504,,,0.251951,0.000397094,24,0.220598
87898,69.2688,,,0.345737,0.000397092,24,0.282454
87927,69.2871,,,0.334947,0.00039709,24,0.317991
87956,69.3055,,,0.281408,0.000397088,24,0.217634
87985,69.3239,,,0.242148,0.000397086,24,0.1569
88014,69.3423,,,0.30582,0.000397084,24,0.192392
88043,69.3607,,,0.264933,0.000397083,24,0.220625
88072,69.3791,,,0.281219,0.000397081,24,0.236646
88101,69.3974,,,0.340484,0.000397079,24,0.186966
88130,69.4158,,,0.311867,0.000397077,24,0.239253
88159,69.4342,,,0.238183,0.000397075,24,0.157116
88188,69.4526,,,0.310776,0.000397073,24,0.261534
88217,69.4710,,,0.289642,0.000397071,24,0.2076
88246,69.4894,,,0.259059,0.000397069,24,0.20525
88275,69.5078,,,0.341533,0.000397067,24,0.277802
88304,69.5262,,,0.279024,0.000397065,24,0.252148
88333,69.5445,,,0.279433,0.000397063,24,0.288036
88362,69.5629,,,0.291442,0.000397061,24,0.226538
88391,69.5813,,,0.273875,0.000397059,24,0.199215
88420,69.5997,,,0.270854,0.000397057,24,0.218087
88449,69.6181,,,0.284173,0.000397055,24,0.218552
88478,69.6365,,,0.326405,0.000397053,24,0.186941
88507,69.6549,,,0.337495,0.000397051,24,0.265967
88536,69.6733,,,0.323118,0.000397049,24,0.350261
88565,69.6917,,,0.361524,0.000397047,24,0.202151
88594,69.7101,,,0.29006,0.000397046,24,0.156006
88623,69.7285,,,0.285838,0.000397044,24,0.224354
88652,69.7469,,,0.297253,0.000397042,24,0.215601
88681,69.7653,,,0.255191,0.00039704,24,0.228803
88710,69.7837,,,0.304926,0.000397038,24,0.251447
88739,69.8021,,,0.320571,0.000397036,24,0.245302
88768,69.8205,,,0.316715,0.000397034,24,0.283882
88797,69.8389,,,0.326081,0.000397032,24,0.238123
88826,69.8573,,,0.331471,0.00039703,24,0.222105
88855,69.8757,,,0.30763,0.000397028,24,0.257268
88884,69.8941,,,0.286154,0.000397026,24,0.195572
88913,69.9125,,,0.268134,0.000397024,24,0.209786
88942,69.9309,,,0.367958,0.000397022,24,0.223828
88971,69.9493,,,0.279887,0.00039702,24,0.209166
89000,69.9677,,,0.297154,0.000397018,24,0.219466
89029,69.9861,,,0.293893,0.000397016,24,0.186239
89058,70.0045,,,0.290812,0.000397014,24,0.405728
89087,70.0229,,,0.337787,0.000397012,24,0.204008
89116,70.0413,,,0.323087,0.00039701,24,0.187409
89145,70.0597,,,0.278847,0.000397008,24,0.189693
89174,70.0781,,,0.325796,0.000397006,24,0.193942
89203,70.0965,,,0.274202,0.000397004,24,0.166396
89232,70.1149,,,0.317242,0.000397002,24,0.231567
89261,70.1333,,,0.34004,0.000397,24,0.291891
89290,70.1517,,,0.324566,0.000396999,24,0.179814
89319,70.1701,,,0.340671,0.000396997,24,0.224168
89348,70.1885,,,0.326077,0.000396995,24,0.184381
89377,70.2069,,,0.281495,0.000396993,24,0.218951
89406,70.2253,,,0.370404,0.000396991,24,0.288719
89435,70.2437,,,0.282459,0.000396989,24,0.191811
89464,70.2623,,,0.306164,0.000396987,24,0.289015
89493,70.2807,,,0.278215,0.000396985,24,0.144421
89522,70.2991,,,0.331302,0.000396983,24,0.243951
89551,70.3175,,,0.305396,0.000396981,24,0.236667
89580,70.3359,,,0.2713,0.000396979,24,0.174816
89609,70.3543,,,0.270247,0.000396977,24,0.277345
89638,70.3727,,,0.336986,0.000396975,24,0.175158
89667,70.3911,,,0.288188,0.000396973,24,0.16136
89696,70.4095,,,0.357412,0.000396971,24,0.259708
89725,70.4279,,,0.310643,0.000396969,24,0.17478
89754,70.4466,,,0.266778,0.000396967,24,0.201571
89783,70.4650,,,0.31549,0.000396965,24,0.334722
89812,70.4834,,,0.32858,0.000396963,24,0.172161
89841,70.5018,,,0.322669,0.000396961,24,0.159213
89870,70.5202,,,0.318061,0.000396959,24,0.182776
89899,70.5386,,,0.353863,0.000396957,24,0.221652
89928,70.5570,,,0.328891,0.000396955,24,0.243183
89957,70.5754,,,0.292897,0.000396953,24,0.20779
89986,70.5938,,,0.229168,0.000396951,24,0.158116
90015,70.6122,,,0.280863,0.000396949,24,0.166456
90044,70.6306,,,0.296614,0.000396947,24,0.232072
90073,70.6490,,,0.317745,0.000396945,24,0.161071
90102,70.6674,,,0.345109,0.000396943,24,0.370488
90131,70.6858,,,0.296911,0.000396941,24,0.189456
90160,70.7041,,,0.297215,0.000396939,24,0.156401
90189,70.7225,,,0.356038,0.000396937,24,0.206296
90218,70.7409,,,0.274711,0.000396935,24,0.223818
90247,70.7593,,,0.329989,0.000396933,24,0.316276
90276,70.7777,,,0.31894,0.000396931,24,0.197287
90305,70.7961,,,0.336349,0.000396929,24,0.259638
90334,70.8145,,,0.28639,0.000396927,24,0.233929
90363,70.8329,,,0.329495,0.000396925,24,0.252493
90392,70.8513,,,0.296033,0.000396923,24,0.222738
90421,70.8697,,,0.363941,0.000396921,24,0.343245
90450,70.8881,,,0.305175,0.000396919,24,0.171626
90479,70.9065,,,0.298386,0.000396917,24,0.236544
90508,70.9249,,,0.362263,0.000396915,24,0.302706
90537,70.9433,,,0.330276,0.000396913,24,0.205277
90566,70.9617,,,0.284235,0.000396911,24,0.183077
90595,70.9801,,,0.248265,0.000396909,24,0.195492
90624,70.9986,,,0.310659,0.000396907,24,0.268255
90653,71.0170,,,0.268115,0.000396905,24,0.168258
90682,71.0354,,,0.313329,0.000396903,24,0.329198
90711,71.0538,,,0.292171,0.000396901,24,0.220338
90740,71.0722,,,0.214181,0.000396899,24,0.136528
90769,71.0906,,,0.343538,0.000396897,24,0.249298
90774,71.6541,0.297432,0.304722,,,24,
90798,71.6699,,,0.331666,0.000396895,25,0.302713
90827,71.6883,,,0.3004,0.000396893,25,0.259863
90856,71.7067,,,0.283693,0.000396891,25,0.175712
90885,71.7251,,,0.334537,0.000396889,25,0.23099
90914,71.7435,,,0.303258,0.000396887,25,0.202306
90943,71.7619,,,0.288111,0.000396885,25,0.233997
90972,71.7803,,,0.283563,0.000396883,25,0.17225
91001,71.7986,,,0.297047,0.000396881,25,0.186879
91030,71.8171,,,0.346763,0.000396879,25,0.276971
91059,71.8354,,,0.380558,0.000396877,25,0.273537
91088,71.8538,,,0.347139,0.000396875,25,0.264256
91117,71.8722,,,0.369137,0.000396873,25,0.215605
91146,71.8906,,,0.285588,0.000396871,25,0.182008
91175,71.9090,,,0.367887,0.000396869,25,0.34369
91204,71.9274,,,0.257665,0.000396867,25,0.133979
91233,71.9458,,,0.323811,0.000396865,25,0.283751
91262,71.9642,,,0.306075,0.000396863,25,0.286597
91291,71.9826,,,0.27382,0.000396861,25,0.224332
91320,72.0010,,,0.298791,0.000396859,25,0.176751
91349,72.0194,,,0.32112,0.000396857,25,0.175181
91378,72.0378,,,0.304777,0.000396855,25,0.257364
91407,72.0562,,,0.36739,0.000396853,25,0.325403
91436,72.0746,,,0.268566,0.000396851,25,0.245339
91465,72.0930,,,0.274616,0.000396849,25,0.285288
91494,72.1114,,,0.340452,0.000396847,25,0.240424
91523,72.1298,,,0.273336,0.000396845,25,0.228296
91552,72.1482,,,0.290027,0.000396843,25,0.235636
91581,72.1666,,,0.359947,0.000396841,25,0.262256
91610,72.1850,,,0.356437,0.000396839,25,2.34196
91639,72.2034,,,0.314285,0.000396837,25,0.406978
91668,72.2218,,,0.353369,0.000396835,25,0.310371
91697,72.2402,,,0.287746,0.000396833,25,0.181918
91726,72.2586,,,0.284101,0.000396831,25,0.254616
91755,72.2770,,,0.275898,0.000396829,25,0.28761
91784,72.2954,,,0.293877,0.000396827,25,0.277012
91813,72.3138,,,0.357792,0.000396825,25,0.433858
91842,72.3322,,,0.309642,0.000396823,25,0.333741
91871,72.3506,,,0.335552,0.000396821,25,0.250883
91900,72.3690,,,0.283227,0.000396819,25,0.256179
91929,72.3874,,,0.375433,0.000396817,25,0.423294
91958,72.4058,,,0.357366,0.000396815,25,0.382639
91987,72.4242,,,0.334199,0.000396813,25,0.808222
92016,72.4426,,,0.336994,0.000396811,25,0.36845
92045,72.4610,,,0.355025,0.000396809,25,0.44121
92074,72.4794,,,0.349637,0.000396807,25,0.41282
92103,72.4977,,,0.356809,0.000396805,25,0.350823
92132,72.5162,,,0.332181,0.000396803,25,0.286521
92161,72.5346,,,0.296002,0.000396801,25,0.241869
92190,72.5530,,,0.330854,0.000396799,25,1.42843
92219,72.5714,,,0.34636,0.000396797,25,0.746039
92248,72.5898,,,0.305203,0.000396795,25,0.269412
92277,72.6082,,,0.34091,0.000396793,25,0.39175
92306,72.6266,,,0.27299,0.000396791,25,0.33762
92335,72.6450,,,0.333091,0.000396788,25,0.288058
92364,72.6633,,,0.320398,0.000396786,25,0.294767
92393,72.6817,,,0.327393,0.000396784,25,0.401167
92422,72.7001,,,0.266093,0.000396782,25,0.29438
92451,72.7185,,,0.277332,0.00039678,25,0.326033
92480,72.7369,,,0.33944,0.000396778,25,0.255447
92509,72.7553,,,0.290938,0.000396776,25,0.230115
92538,72.7737,,,0.28713,0.000396774,25,0.229098
92567,72.7921,,,0.366313,0.000396772,25,0.271019
92596,72.8105,,,0.276675,0.00039677,25,0.217197
92625,72.8290,,,0.291407,0.000396768,25,0.258169
92654,72.8474,,,0.299512,0.000396766,25,0.293632
92683,72.8658,,,0.339979,0.000396764,25,0.333644
92712,72.8842,,,0.273976,0.000396762,25,0.236962
92741,72.9026,,,0.32125,0.00039676,25,1.11914
92770,72.9210,,,0.268073,0.000396758,25,0.266527
92799,72.9394,,,0.313727,0.000396756,25,0.445092
92828,72.9578,,,0.318133,0.000396754,25,0.40369
92857,72.9762,,,0.278148,0.000396752,25,0.314112
92886,72.9946,,,0.333592,0.00039675,25,0.322632
92915,73.0130,,,0.296935,0.000396748,25,0.284918
92944,73.0314,,,0.318034,0.000396746,25,0.219059
92973,73.0499,,,0.315114,0.000396744,25,0.26184
93002,73.0683,,,0.313246,0.000396742,25,0.306779
93031,73.0867,,,0.340556,0.000396739,25,0.214056
93060,73.1051,,,0.342966,0.000396737,25,0.255767
93089,73.1235,,,0.299649,0.000396735,25,0.288841
93118,73.1419,,,0.332059,0.000396733,25,0.261807
93147,73.1603,,,0.271588,0.000396731,25,0.233186
93176,73.1787,,,0.280395,0.000396729,25,1.14302
93205,73.1971,,,0.367616,0.000396727,25,0.315784
93234,73.2155,,,0.300724,0.000396725,25,0.298561
93263,73.2339,,,0.317627,0.000396723,25,0.178491
93292,73.2523,,,0.296451,0.000396721,25,0.265427
93321,73.2707,,,0.308941,0.000396719,25,0.221126
93350,73.2891,,,0.293297,0.000396717,25,0.233426
93379,73.3075,,,0.356602,0.000396715,25,0.257373
93408,73.3259,,,0.297392,0.000396713,25,193.707
93437,73.3444,,,0.31349,0.000396711,25,0.305245
93466,73.3628,,,0.293212,0.000396709,25,0.222983
93495,73.3812,,,0.273023,0.000396707,25,0.348443
93524,73.3996,,,0.341169,0.000396705,25,0.217263
93553,73.4180,,,0.29513,0.000396702,25,0.188018
93582,73.4364,,,0.303629,0.0003967,25,0.323754
93611,73.4548,,,0.297524,0.000396698,25,0.278133
93640,73.4732,,,0.343132,0.000396696,25,0.287866
93669,73.4916,,,0.348472,0.000396694,25,0.346313
93698,73.5100,,,0.385551,0.000396692,25,0.227066
93727,73.5284,,,0.290083,0.00039669,25,0.237734
93756,73.5468,,,0.253959,0.000396688,25,0.193325
93785,73.5652,,,0.322928,0.000396686,25,0.212319
93814,73.5836,,,0.272293,0.000396684,25,0.202667
93843,73.6020,,,0.333983,0.000396682,25,0.218533
93872,73.6204,,,0.321493,0.00039668,25,0.243208
93901,73.6388,,,0.293449,0.000396678,25,0.172208
93930,73.6572,,,0.301406,0.000396676,25,0.214261
93959,73.6756,,,0.307868,0.000396674,25,0.301383
93988,73.6940,,,0.308629,0.000396672,25,0.170673
94017,73.7124,,,0.283985,0.000396669,25,0.234263
94046,73.7308,,,0.346754,0.000396667,25,0.222607
94075,73.7493,,,0.324007,0.000396665,25,0.276854
94104,73.7677,,,0.266442,0.000396663,25,0.208044
94133,73.7861,,,0.266795,0.000396661,25,0.376538
94162,73.8045,,,0.268814,0.000396659,25,0.16149
94191,73.8229,,,0.289493,0.000396657,25,0.218522
94220,73.8413,,,0.284977,0.000396655,25,0.22882
94249,73.8597,,,0.301172,0.000396653,25,0.181959
94278,73.8781,,,0.360733,0.000396651,25,0.401252
94307,73.8965,,,0.33584,0.000396649,25,0.341243
94336,73.9149,,,0.347783,0.000396647,25,0.356182
94365,73.9333,,,0.318439,0.000396645,25,0.225109
94394,73.9517,,,0.280732,0.000396642,25,0.196038
94405,74.5199,0.306139,0.311833,,,25,
94423,74.5319,,,0.337077,0.00039664,26,0.23802
94452,74.5503,,,0.27218,0.000396638,26,0.258495
94481,74.5687,,,0.263684,0.000396636,26,0.215735
94510,74.5872,,,0.288592,0.000396634,26,0.174398
94539,74.6056,,,0.298931,0.000396632,26,0.211643
94568,74.6240,,,0.283084,0.00039663,26,0.202654
94597,74.6424,,,0.298633,0.000396628,26,0.202757
94626,74.6608,,,0.336648,0.000396626,26,0.26584
94655,74.6792,,,0.330912,0.000396624,26,0.225593
94684,74.6976,,,0.310935,0.000396622,26,2.78463
94713,74.7160,,,0.287789,0.00039662,26,0.320015
94742,74.7344,,,0.256019,0.000396617,26,0.181806
94771,74.7530,,,0.309901,0.000396615,26,0.492707
94800,74.7715,,,0.297848,0.000396613,26,0.267883
94829,74.7899,,,0.297811,0.000396611,26,0.240068
94858,74.8084,,,0.368236,0.000396609,26,0.412181
94887,74.8268,,,0.319845,0.000396607,26,0.28946
94916,74.8452,,,0.304013,0.000396605,26,0.216732
94945,74.8636,,,0.322074,0.000396603,26,0.300322
94974,74.8821,,,0.361166,0.000396601,26,0.391002
95003,74.9005,,,0.270207,0.000396599,26,0.221432
95032,74.9189,,,0.357875,0.000396597,26,0.33979
95061,74.9373,,,0.241852,0.000396594,26,0.258237
95090,74.9558,,,0.281379,0.000396592,26,0.585006
95119,74.9744,,,0.317538,0.00039659,26,0.320241
95148,74.9928,,,0.323893,0.000396588,26,0.448896
95177,75.0112,,,0.318525,0.000396586,26,0.393637
95206,75.0296,,,0.253796,0.000396584,26,0.205304
95235,75.0480,,,0.269768,0.000396582,26,0.189857
95264,75.0664,,,0.372124,0.00039658,26,0.410969
95293,75.0848,,,0.305782,0.000396578,26,0.335203
95322,75.1032,,,0.271567,0.000396576,26,0.304525
95351,75.1217,,,0.390973,0.000396573,26,0.382712
95380,75.1402,,,0.28539,0.000396571,26,0.236592
95409,75.1586,,,0.288118,0.000396569,26,0.257916
95438,75.1770,,,0.322668,0.000396567,26,0.310502
95467,75.1954,,,0.301834,0.000396565,26,0.200329
95496,75.2138,,,0.289636,0.000396563,26,0.199678
95525,75.2322,,,0.400472,0.000396561,26,0.316316
95554,75.2506,,,0.32935,0.000396559,26,0.378067
95583,75.2690,,,0.273227,0.000396557,26,0.193356
95612,75.2875,,,0.35961,0.000396555,26,0.248084
95641,75.3059,,,0.339194,0.000396552,26,0.276839
95670,75.3243,,,0.288145,0.00039655,26,0.290199
95699,75.3427,,,0.295474,0.000396548,26,0.295603
95728,75.3611,,,0.315195,0.000396546,26,0.231417
95757,75.3795,,,0.275663,0.000396544,26,0.332405
95786,75.3979,,,0.331046,0.000396542,26,0.440247
95815,75.4163,,,0.297429,0.00039654,26,0.209525
95844,75.4347,,,0.296766,0.000396538,26,0.221123
95873,75.4531,,,0.29289,0.000396536,26,0.242281
95902,75.4715,,,0.273834,0.000396533,26,0.184587
95931,75.4900,,,0.28129,0.000396531,26,0.273114
95960,75.5084,,,0.297772,0.000396529,26,0.193996
95989,75.5268,,,0.392138,0.000396527,26,0.300516
96018,75.5452,,,0.310344,0.000396525,26,0.246216
96047,75.5636,,,0.335794,0.000396523,26,0.23205
96076,75.5820,,,0.314752,0.000396521,26,0.203059
96105,75.6004,,,0.326728,0.000396519,26,0.292941
96134,75.6188,,,0.289932,0.000396517,26,0.169488
96163,75.6373,,,0.335338,0.000396514,26,0.259078
96192,75.6557,,,0.294619,0.000396512,26,0.220766
96221,75.6741,,,0.345198,0.00039651,26,0.273469
96250,75.6925,,,0.335345,0.000396508,26,0.238087
96279,75.7109,,,0.266647,0.000396506,26,0.190045
96308,75.7293,,,0.263864,0.000396504,26,0.207624
96337,75.7477,,,0.276627,0.000396502,26,0.214922
96366,75.7661,,,0.363388,0.0003965,26,0.220524
96395,75.7845,,,0.271824,0.000396497,26,0.201351
96424,75.8029,,,0.258465,0.000396495,26,0.217461
96453,75.8213,,,0.331466,0.000396493,26,0.237795
96482,75.8398,,,0.289384,0.000396491,26,0.163833
96511,75.8582,,,0.33634,0.000396489,26,0.277387
96540,75.8766,,,0.315855,0.000396487,26,0.281356
96569,75.8950,,,0.267157,0.000396485,26,0.257352
96598,75.9135,,,0.266856,0.000396483,26,0.19064
96627,75.9319,,,0.295231,0.00039648,26,0.310145
96656,75.9503,,,0.304571,0.000396478,26,0.24665
96685,75.9688,,,0.314668,0.000396476,26,0.28051
96714,75.9872,,,0.304026,0.000396474,26,0.191574
96743,76.0056,,,0.25676,0.000396472,26,0.172213
96772,76.0240,,,0.313724,0.00039647,26,0.239757
96801,76.0424,,,0.296582,0.000396468,26,0.241064
96830,76.0608,,,0.336804,0.000396466,26,0.219375
96859,76.0792,,,0.34384,0.000396463,26,0.227629
96888,76.0976,,,0.374265,0.000396461,26,0.447711
96917,76.1160,,,0.395394,0.000396459,26,0.347918
96946,76.1344,,,0.323615,0.000396457,26,0.287831
96975,76.1528,,,0.317318,0.000396455,26,0.243737
97004,76.1712,,,0.267742,0.000396453,26,0.599303
97033,76.1896,,,0.353915,0.000396451,26,0.258206
97062,76.2080,,,0.288207,0.000396448,26,0.274212
97091,76.2265,,,0.365183,0.000396446,26,0.362661
97120,76.2449,,,0.231121,0.000396444,26,0.552543
97149,76.2633,,,0.283577,0.000396442,26,0.204763
97178,76.2818,,,0.3197,0.00039644,26,0.211562
97207,76.3002,,,0.345475,0.000396438,26,0.33089
97236,76.3186,,,0.304185,0.000396436,26,0.206426
97265,76.3370,,,0.266367,0.000396433,26,0.172262
97294,76.3554,,,0.306833,0.000396431,26,0.227141
97323,76.3738,,,0.300938,0.000396429,26,0.238309
97352,76.3923,,,0.283177,0.000396427,26,0.176136
97381,76.4107,,,0.287668,0.000396425,26,0.265653
97410,76.4291,,,0.288166,0.000396423,26,0.178955
97439,76.4475,,,0.277378,0.000396421,26,0.192287
97468,76.4659,,,0.31444,0.000396418,26,0.196512
97497,76.4843,,,0.264612,0.000396416,26,0.212366
97526,76.5027,,,0.287495,0.000396414,26,0.291149
97555,76.5211,,,0.292502,0.000396412,26,0.196806
97584,76.5395,,,0.308267,0.00039641,26,0.289483
97613,76.5579,,,0.284471,0.000396408,26,0.306919
97642,76.5763,,,0.439149,0.000396406,26,0.357413
97671,76.5948,,,0.272434,0.000396403,26,0.167208
97700,76.6132,,,0.27619,0.000396401,26,0.156217
97729,76.6316,,,0.290052,0.000396399,26,0.247792
97758,76.6500,,,0.320214,0.000396397,26,0.266058
97787,76.6684,,,0.32423,0.000396395,26,0.20602
97816,76.6868,,,0.321507,0.000396393,26,0.270213
97845,76.7052,,,0.292277,0.000396391,26,0.196883
97874,76.7236,,,0.303453,0.000396388,26,0.190649
97903,76.7421,,,0.253867,0.000396386,26,0.185564
97932,76.7605,,,0.255331,0.000396384,26,0.225452
97961,76.7789,,,0.285942,0.000396382,26,0.168073
97990,76.7973,,,0.344224,0.00039638,26,0.24452
98019,76.8157,,,0.320981,0.000396378,26,0.253507
98036,77.3875,0.301085,0.309031,,,26,
98048,77.3956,,,0.272529,0.000396375,27,0.183476
98077,77.4140,,,0.279225,0.000396373,27,0.303443
98106,77.4324,,,0.295504,0.000396371,27,0.186154
98135,77.4508,,,0.268679,0.000396369,27,0.227095
98164,77.4692,,,0.267926,0.000396367,27,0.19699
98193,77.4876,,,0.287539,0.000396365,27,0.208163
98222,77.5060,,,0.300409,0.000396362,27,0.245356
98251,77.5244,,,0.295333,0.00039636,27,0.153188
98280,77.5428,,,0.352744,0.000396358,27,0.340166
98309,77.5612,,,0.286045,0.000396356,27,0.255509
98338,77.5796,,,0.380252,0.000396354,27,0.279458
98367,77.5980,,,0.276771,0.000396352,27,0.213971
98396,77.6164,,,0.313286,0.000396349,27,0.286055
98425,77.6348,,,0.374352,0.000396347,27,0.305281
98454,77.6533,,,0.319288,0.000396345,27,0.221536
98483,77.6717,,,0.307572,0.000396343,27,0.24053
98512,77.6901,,,0.298409,0.000396341,27,0.258831
98541,77.7085,,,0.251655,0.000396339,27,0.181565
98570,77.7269,,,0.342433,0.000396336,27,0.243995
98599,77.7453,,,0.253995,0.000396334,27,0.14433
98628,77.7638,,,0.335924,0.000396332,27,0.25613
98657,77.7822,,,0.301617,0.00039633,27,0.192415
98686,77.8006,,,0.277393,0.000396328,27,0.191043
98715,77.8190,,,0.256415,0.000396326,27,0.161879
98744,77.8374,,,0.259393,0.000396323,27,0.159584
98773,77.8558,,,0.31501,0.000396321,27,0.313943
98802,77.8742,,,0.287948,0.000396319,27,0.192684
98831,77.8926,,,0.28175,0.000396317,27,0.240056
98860,77.9110,,,0.325433,0.000396315,27,0.195427
98889,77.9294,,,0.30849,0.000396313,27,0.262926
98918,77.9478,,,0.305796,0.00039631,27,0.191657
98947,77.9662,,,0.315343,0.000396308,27,0.280735
98976,77.9846,,,0.32593,0.000396306,27,0.195653
99005,78.0031,,,0.260707,0.000396304,27,0.171613
99034,78.0215,,,0.303784,0.000396302,27,0.22688
99063,78.0399,,,0.311639,0.000396299,27,0.192239
99092,78.0583,,,0.325472,0.000396297,27,0.264806
99121,78.0767,,,0.259611,0.000396295,27,0.216416
99150,78.0951,,,0.313607,0.000396293,27,0.275304
99179,78.1135,,,0.270392,0.000396291,27,0.174949
99208,78.1319,,,0.312238,0.000396288,27,0.33968
99237,78.1503,,,0.335301,0.000396286,27,0.233721
99266,78.1687,,,0.260102,0.000396284,27,0.199671
99295,78.1871,,,0.287178,0.000396282,27,0.222496
99324,78.2055,,,0.307028,0.00039628,27,0.189745
99353,78.2239,,,0.337654,0.000396278,27,0.210441
99382,78.2423,,,0.334045,0.000396275,27,0.207807
99411,78.2607,,,0.258732,0.000396273,27,0.157794
99440,78.2791,,,0.293052,0.000396271,27,0.188132
99469,78.2975,,,0.314914,0.000396269,27,0.268135
99498,78.3160,,,0.30596,0.000396267,27,0.159745
99527,78.3344,,,0.299004,0.000396264,27,0.18999
99556,78.3528,,,0.252635,0.000396262,27,0.170407
99585,78.3712,,,0.321918,0.00039626,27,0.294234
99614,78.3896,,,0.27324,0.000396258,27,0.150746
99643,78.4080,,,0.313155,0.000396256,27,0.245792
99672,78.4264,,,0.248239,0.000396253,27,0.186534
99701,78.4448,,,0.30374,0.000396251,27,0.228491
99730,78.4632,,,0.337261,0.000396249,27,0.201438
99759,78.4816,,,0.329602,0.000396247,27,0.311867
99788,78.5000,,,0.304816,0.000396245,27,0.269264
99817,78.5184,,,0.323131,0.000396242,27,0.263873
99846,78.5368,,,0.307478,0.00039624,27,0.323428
99875,78.5552,,,0.277479,0.000396238,27,0.424176
99904,78.5736,,,0.294332,0.000396236,27,0.265634
99933,78.5920,,,0.331756,0.000396234,27,0.201629
99962,78.6104,,,0.287731,0.000396231,27,0.221695
99991,78.6289,,,0.251571,0.000396229,27,0.231391
100020,78.6473,,,0.299597,0.000396227,27,0.223704
100049,78.6657,,,0.306907,0.000396225,27,0.220096
100078,78.6841,,,0.30498,0.000396223,27,0.210084
100107,78.7025,,,0.306614,0.00039622,27,0.285333
100136,78.7209,,,0.313331,0.000396218,27,0.265028
100165,78.7393,,,0.354216,0.000396216,27,0.20903
100194,78.7577,,,0.294559,0.000396214,27,0.176239
100223,78.7761,,,0.313565,0.000396212,27,0.31471
100252,78.7945,,,0.357349,0.000396209,27,0.389758
100281,78.8129,,,0.297122,0.000396207,27,0.212536
100310,78.8313,,,0.330446,0.000396205,27,0.208649
100339,78.8497,,,0.317651,0.000396203,27,0.274424
100368,78.8681,,,0.305447,0.000396201,27,0.172024
100397,78.8865,,,0.255967,0.000396198,27,0.170831
100426,78.9049,,,0.310976,0.000396196,27,0.260876
100455,78.9233,,,0.273002,0.000396194,27,0.23078
100484,78.9417,,,0.312901,0.000396192,27,0.282436
100513,78.9601,,,0.330971,0.00039619,27,0.204156
100542,78.9785,,,0.32572,0.000396187,27,0.194361
100571,78.9970,,,0.299542,0.000396185,27,0.197073
100600,79.0154,,,0.286571,0.000396183,27,0.227499
100629,79.0338,,,0.265182,0.000396181,27,0.535717
100658,79.0522,,,0.37521,0.000396178,27,0.185981
100687,79.0706,,,0.345573,0.000396176,27,0.24218
100716,79.0890,,,0.278482,0.000396174,27,0.193914
100745,79.1074,,,0.283379,0.000396172,27,0.259247
100774,79.1258,,,0.306356,0.00039617,27,0.196685
100803,79.1442,,,0.302209,0.000396167,27,0.19356
100832,79.1626,,,0.33186,0.000396165,27,0.203172
100861,79.1810,,,0.314361,0.000396163,27,0.223901
100890,79.1994,,,0.28788,0.000396161,27,0.229634
100919,79.2178,,,0.317115,0.000396158,27,0.246101
100948,79.2362,,,0.268327,0.000396156,27,0.20482
100977,79.2546,,,0.316972,0.000396154,27,0.263101
101006,79.2730,,,0.305308,0.000396152,27,0.26669
101035,79.2914,,,0.306327,0.00039615,27,0.230767
101064,79.3098,,,0.267989,0.000396147,27,0.165013
101093,79.3282,,,0.267283,0.000396145,27,0.255597
101122,79.3467,,,0.311119,0.000396143,27,0.177462
101151,79.3651,,,0.298601,0.000396141,27,0.226255
101180,79.3835,,,0.288345,0.000396138,27,0.256116
101209,79.4019,,,0.389782,0.000396136,27,0.209092
101238,79.4203,,,0.330041,0.000396134,27,0.243762
101267,79.4388,,,0.298052,0.000396132,27,0.25604
101296,79.4572,,,0.274836,0.00039613,27,0.222377
101325,79.4756,,,0.329865,0.000396127,27,0.249729
101354,79.4940,,,0.309919,0.000396125,27,0.344331
101383,79.5124,,,0.334369,0.000396123,27,0.282846
101412,79.5308,,,0.308909,0.000396121,27,0.292225
101441,79.5492,,,0.246665,0.000396118,27,0.190607
101470,79.5676,,,0.349073,0.000396116,27,0.253594
101499,79.5860,,,0.284515,0.000396114,27,0.335259
101528,79.6044,,,0.284193,0.000396112,27,0.269244
101557,79.6229,,,0.264273,0.000396109,27,0.26947
101586,79.6413,,,0.29415,0.000396107,27,0.376292
101615,79.6597,,,0.340903,0.000396105,27,0.269479
101644,79.6781,,,0.310437,0.000396103,27,0.280165
101667,80.2537,0.301314,0.306874,,,27,
101673,80.2580,,,0.34254,0.0003961,28,0.425309
101702,80.2764,,,0.330442,0.000396098,28,0.348815
101731,80.2948,,,0.304238,0.000396096,28,0.237401
101760,80.3132,,,0.309459,0.000396094,28,0.225221
101789,80.3316,,,0.290007,0.000396092,28,0.283981
101818,80.3500,,,0.309314,0.000396089,28,0.21434
101847,80.3685,,,0.318366,0.000396087,28,0.324196
101876,80.3869,,,0.332179,0.000396085,28,0.32697
101905,80.4053,,,0.387129,0.000396083,28,0.300239
101934,80.4237,,,0.324107,0.00039608,28,0.19831
101963,80.4421,,,0.310512,0.000396078,28,0.195835
101992,80.4605,,,0.303044,0.000396076,28,0.172238
102021,80.4789,,,0.395281,0.000396074,28,0.25677
102050,80.4973,,,0.270331,0.000396071,28,0.160003
102079,80.5157,,,0.308673,0.000396069,28,0.222026
102108,80.5341,,,0.272928,0.000396067,28,0.251656
102137,80.5526,,,0.342759,0.000396065,28,0.189526
102166,80.5710,,,0.323701,0.000396062,28,0.18755
102195,80.5894,,,0.302253,0.00039606,28,0.22091
102224,80.6078,,,0.274577,0.000396058,28,0.205577
102253,80.6262,,,0.280944,0.000396056,28,0.939384
102282,80.6446,,,0.297394,0.000396053,28,0.236313
102311,80.6630,,,0.294845,0.000396051,28,0.208958
102340,80.6814,,,0.321239,0.000396049,28,0.255069
102369,80.6998,,,0.358414,0.000396047,28,0.351028
102398,80.7182,,,0.379528,0.000396044,28,0.288803
102427,80.7366,,,0.284623,0.000396042,28,0.213326
102456,80.7551,,,0.36277,0.00039604,28,0.270651
102485,80.7735,,,0.270853,0.000396038,28,0.223192
102514,80.7919,,,0.246563,0.000396035,28,0.227723
102543,80.8103,,,0.378291,0.000396033,28,0.404551
102572,80.8287,,,0.355258,0.000396031,28,0.329044
102601,80.8471,,,0.329022,0.000396028,28,0.304438
102630,80.8655,,,0.321978,0.000396026,28,0.302932
102659,80.8839,,,0.324917,0.000396024,28,0.278352
102688,80.9024,,,0.271012,0.000396022,28,0.215037
102717,80.9208,,,0.330925,0.000396019,28,0.227666
102746,80.9392,,,0.347172,0.000396017,28,0.262955
102775,80.9576,,,0.409426,0.000396015,28,0.25334
102804,80.9760,,,0.308279,0.000396013,28,0.29653
102833,80.9943,,,0.249995,0.00039601,28,0.239503
102862,81.0127,,,0.263117,0.000396008,28,0.223459
102891,81.0311,,,0.284663,0.000396006,28,0.221128
102920,81.0495,,,0.331148,0.000396004,28,0.284818
102949,81.0679,,,0.344765,0.000396001,28,0.334985
102978,81.0863,,,0.256672,0.000395999,28,0.288784
103007,81.1047,,,0.346572,0.000395997,28,0.240493
103036,81.1231,,,0.316022,0.000395995,28,0.329211
103065,81.1415,,,0.257363,0.000395992,28,0.184017
103094,81.1599,,,0.314084,0.00039599,28,0.237542
103123,81.1784,,,0.255185,0.000395988,28,0.224022
103152,81.1968,,,0.237627,0.000395985,28,0.164299
103181,81.2152,,,0.298165,0.000395983,28,0.206006
103210,81.2336,,,0.304028,0.000395981,28,0.18891
103239,81.2520,,,0.272884,0.000395979,28,0.214958
103268,81.2704,,,0.298536,0.000395976,28,0.253017
103297,81.2888,,,0.349606,0.000395974,28,0.205658
103326,81.3072,,,0.304244,0.000395972,28,0.319744
103355,81.3256,,,0.344401,0.00039597,28,0.37416
103384,81.3440,,,0.292709,0.000395967,28,0.203199
103413,81.3624,,,0.320442,0.000395965,28,1.07288
103442,81.3808,,,0.336388,0.000395963,28,0.312437
103471,81.3992,,,0.363323,0.00039596,28,0.29056
103500,81.4176,,,0.272804,0.000395958,28,0.258686
103529,81.4360,,,0.355012,0.000395956,28,2.28422
103558,81.4544,,,0.29018,0.000395954,28,0.250865
103587,81.4728,,,0.285376,0.000395951,28,0.312942
103616,81.4912,,,0.310238,0.000395949,28,0.194528
103645,81.5096,,,0.328327,0.000395947,28,0.32446
103674,81.5280,,,0.243821,0.000395944,28,0.173392
103703,81.5464,,,0.300729,0.000395942,28,0.20048
103732,81.5648,,,0.304964,0.00039594,28,0.247895
103761,81.5832,,,0.381154,0.000395938,28,0.241773
103790,81.6016,,,0.259853,0.000395935,28,0.245688
103819,81.6200,,,0.278315,0.000395933,28,0.204875
103848,81.6384,,,0.32273,0.000395931,28,0.264252
103877,81.6568,,,0.335205,0.000395928,28,0.270056
103906,81.6752,,,0.264917,0.000395926,28,0.277442
103935,81.6936,,,0.294901,0.000395924,28,0.267709
103964,81.7119,,,0.302893,0.000395922,28,0.298327
103993,81.7303,,,0.27928,0.000395919,28,0.171166
104022,81.7487,,,0.283952,0.000395917,28,0.236937
104051,81.7671,,,0.383613,0.000395915,28,0.308149
104080,81.7855,,,0.300166,0.000395912,28,0.221597
104109,81.8039,,,0.293538,0.00039591,28,0.233231
104138,81.8223,,,0.315827,0.000395908,28,0.301491
104167,81.8407,,,0.314389,0.000395906,28,0.217498
104196,81.8590,,,0.318339,0.000395903,28,0.201535
104225,81.8774,,,0.31112,0.000395901,28,0.244264
104254,81.8958,,,0.298698,0.000395899,28,0.297394
104283,81.9142,,,0.409072,0.000395896,28,0.284112
104312,81.9326,,,0.334881,0.000395894,28,0.258479
104341,81.9510,,,0.380995,0.000395892,28,0.27984
104370,81.9693,,,0.317561,0.000395889,28,0.173095
104399,81.9877,,,0.288649,0.000395887,28,0.247394
104428,82.0062,,,0.266752,0.000395885,28,0.207711
104457,82.0245,,,0.32639,0.000395883,28,0.229384
104486,82.0430,,,0.290309,0.00039588,28,0.151462
104515,82.0614,,,0.303082,0.000395878,28,0.362492
104544,82.0798,,,0.321794,0.000395876,28,0.302233
104573,82.0982,,,0.311846,0.000395873,28,0.204707
104602,82.1165,,,0.322074,0.000395871,28,0.288101
104631,82.1349,,,0.326608,0.000395869,28,0.212459
104660,82.1533,,,0.287624,0.000395866,28,0.190569
104689,82.1717,,,0.257862,0.000395864,28,0.212602
104718,82.1901,,,0.251695,0.000395862,28,0.211613
104747,82.2085,,,0.349648,0.00039586,28,0.388598
104776,82.2269,,,0.334563,0.000395857,28,0.303039
104805,82.2453,,,0.320306,0.000395855,28,0.216426
104834,82.2637,,,0.283321,0.000395853,28,0.184178
104863,82.2821,,,0.277384,0.00039585,28,0.229406
104892,82.3005,,,0.291817,0.000395848,28,0.219557
104921,82.3189,,,0.307104,0.000395846,28,0.354314
104950,82.3373,,,0.303518,0.000395843,28,0.339974
104979,82.3557,,,0.326401,0.000395841,28,0.280706
105008,82.3742,,,0.287524,0.000395839,28,0.172774
105037,82.3926,,,0.263746,0.000395836,28,0.295441
105066,82.4111,,,0.305505,0.000395834,28,0.339357
105095,82.4295,,,0.345739,0.000395832,28,0.300969
105124,82.4480,,,0.314063,0.000395829,28,0.229481
105153,82.4665,,,0.331343,0.000395827,28,0.238743
105182,82.4849,,,0.325178,0.000395825,28,0.264125
105211,82.5034,,,0.313255,0.000395823,28,0.233316
105240,82.5218,,,0.321211,0.00039582,28,0.278813
105269,82.5402,,,0.294575,0.000395818,28,0.316152
105298,83.1210,0.3057,0.307552,0.283335,0.000395816,28,0.323399
105327,83.1399,,,0.339351,0.000395813,29,0.332306
105356,83.1583,,,0.298369,0.000395811,29,0.215229
105385,83.1768,,,0.29219,0.000395809,29,0.257592
105414,83.1952,,,0.303232,0.000395806,29,0.203969
105443,83.2136,,,0.341747,0.000395804,29,0.2921
105472,83.2321,,,0.349581,0.000395802,29,0.303256
105501,83.2505,,,0.356466,0.000395799,29,0.297394
105530,83.2689,,,0.314689,0.000395797,29,0.249606
105559,83.2874,,,0.287738,0.000395795,29,0.293927
105588,83.3065,,,0.328782,0.000395792,29,0.357678
105617,83.3249,,,0.295568,0.00039579,29,0.201488
105646,83.3433,,,0.290413,0.000395788,29,0.283617
105675,83.3617,,,0.33874,0.000395785,29,0.345603
105704,83.3801,,,0.360523,0.000395783,29,0.263681
105733,83.3985,,,0.293546,0.000395781,29,0.579716
105762,83.4169,,,0.295223,0.000395778,29,0.822065
105791,83.4354,,,0.296806,0.000395776,29,0.306679
105820,83.4538,,,0.34901,0.000395774,29,0.292081
105849,83.4722,,,0.30625,0.000395771,29,0.246256
105878,83.4906,,,0.374947,0.000395769,29,0.235756
105907,83.5090,,,0.291198,0.000395767,29,0.30188
105936,83.5274,,,0.320545,0.000395764,29,0.224585
105965,83.5459,,,0.337635,0.000395762,29,0.282871
105994,83.5643,,,0.307258,0.00039576,29,0.266694
106023,83.5827,,,0.312662,0.000395757,29,0.303294
106052,83.6011,,,0.300641,0.000395755,29,0.206984
106081,83.6195,,,0.301875,0.000395753,29,0.31392
106110,83.6379,,,0.289687,0.00039575,29,0.257033
106139,83.6563,,,0.253026,0.000395748,29,0.239152
106168,83.6748,,,0.292185,0.000395746,29,0.210002
106197,83.6932,,,0.319596,0.000395743,29,0.253216
106226,83.7116,,,0.304863,0.000395741,29,0.261146
106255,83.7300,,,0.271783,0.000395739,29,0.378868
106284,83.7484,,,0.308036,0.000395736,29,0.348981
106313,83.7668,,,0.309337,0.000395734,29,0.384012
106342,83.7852,,,0.305169,0.000395732,29,0.208081
106371,83.8036,,,0.2663,0.000395729,29,0.196569
106400,83.8220,,,0.299257,0.000395727,29,0.257303
106429,83.8404,,,0.258288,0.000395725,29,0.254336
106458,83.8588,,,0.298682,0.000395722,29,0.222973
106487,83.8772,,,0.375221,0.00039572,29,0.289159
106516,83.8957,,,0.283551,0.000395718,29,0.269134
106545,83.9141,,,0.350367,0.000395715,29,0.256236
106574,83.9325,,,0.33929,0.000395713,29,0.448358
106603,83.9509,,,0.278593,0.000395711,29,0.239584
106632,83.9693,,,0.259819,0.000395708,29,0.204474
106661,83.9877,,,0.287952,0.000395706,29,0.25219
106690,84.0061,,,0.311235,0.000395704,29,0.338086
106719,84.0245,,,0.274717,0.000395701,29,0.250581
106748,84.0430,,,0.369926,0.000395699,29,0.289023
106777,84.0614,,,0.338313,0.000395696,29,0.249455
106806,84.0798,,,0.330042,0.000395694,29,0.260402
106835,84.0982,,,0.290698,0.000395692,29,0.23425
106864,84.1166,,,0.310052,0.000395689,29,0.229654
106893,84.1350,,,0.343518,0.000395687,29,0.238961
106922,84.1535,,,0.338953,0.000395685,29,0.313275
106951,84.1719,,,0.267654,0.000395682,29,0.169067
106980,84.1903,,,0.304984,0.00039568,29,0.298099
107009,84.2087,,,0.332737,0.000395678,29,0.434149
107038,84.2271,,,0.274599,0.000395675,29,0.272894
107067,84.2456,,,0.270596,0.000395673,29,0.226448
107096,84.2640,,,0.28626,0.000395671,29,0.21939
107125,84.2824,,,0.299728,0.000395668,29,0.266107
107154,84.3008,,,0.318475,0.000395666,29,0.278133
107183,84.3192,,,0.292571,0.000395664,29,0.329993
107212,84.3376,,,0.304291,0.000395661,29,0.350528
107241,84.3560,,,0.258697,0.000395659,29,0.241375
107270,84.3745,,,0.315226,0.000395656,29,0.36221
107299,84.3929,,,0.308958,0.000395654,29,0.227648
107328,84.4113,,,0.253947,0.000395652,29,0.253262
107357,84.4297,,,0.286379,0.000395649,29,0.247419
107386,84.4481,,,0.285382,0.000395647,29,0.262432
107415,84.4665,,,0.302473,0.000395645,29,0.30413
107444,84.4850,,,0.271449,0.000395642,29,0.246724
107473,84.5034,,,0.283036,0.00039564,29,0.38023
107502,84.5218,,,0.303473,0.000395638,29,0.383075
107531,84.5402,,,0.245644,0.000395635,29,0.213687
107560,84.5586,,,0.279403,0.000395633,29,0.188392
107589,84.5771,,,0.312531,0.00039563,29,0.306008
107618,84.5955,,,0.346915,0.000395628,29,0.271184
107647,84.6139,,,0.303496,0.000395626,29,0.21979
107676,84.6324,,,0.366131,0.000395623,29,0.403966
107705,84.6508,,,0.26315,0.000395621,29,0.1957
107734,84.6692,,,0.273747,0.000395619,29,0.237486
107763,84.6876,,,0.286471,0.000395616,29,0.227783
107792,84.7060,,,0.287207,0.000395614,29,0.230448
107821,84.7245,,,0.307553,0.000395611,29,0.268695
107850,84.7429,,,0.32245,0.000395609,29,0.236724
107879,84.7614,,,0.324289,0.000395607,29,0.267909
107908,84.7798,,,0.292533,0.000395604,29,0.206918
107937,84.7982,,,0.25278,0.000395602,29,0.251564
107966,84.8166,,,0.343954,0.0003956,29,0.328559
107995,84.8350,,,0.311995,0.000395597,29,0.276069
108024,84.8534,,,0.231423,0.000395595,29,0.178007
108053,84.8718,,,0.260224,0.000395592,29,0.18336
108082,84.8902,,,0.234085,0.00039559,29,0.198015
108111,84.9087,,,0.402236,0.000395588,29,0.350992
108140,84.9271,,,0.323123,0.000395585,29,0.326416
108169,84.9455,,,0.33201,0.000395583,29,0.223187
108198,84.9639,,,0.294746,0.000395581,29,0.297547
108227,84.9823,,,0.262077,0.000395578,29,6.41491
108256,85.0007,,,0.283964,0.000395576,29,0.334305
108285,85.0191,,,0.370643,0.000395573,29,0.245275
108314,85.0375,,,0.344149,0.000395571,29,0.341363
108343,85.0559,,,0.320044,0.000395569,29,0.274404
108372,85.0743,,,0.322099,0.000395566,29,0.474478
108401,85.0928,,,0.304491,0.000395564,29,0.260646
108430,85.1112,,,0.383936,0.000395561,29,0.264908
108459,85.1296,,,0.292192,0.000395559,29,0.233633
108488,85.1480,,,0.287816,0.000395557,29,0.20457
108517,85.1664,,,0.305609,0.000395554,29,0.410796
108546,85.1848,,,0.29892,0.000395552,29,0.32296
108575,85.2032,,,0.287227,0.00039555,29,2.38936
108604,85.2216,,,0.323414,0.000395547,29,0.262148
108633,85.2401,,,0.297191,0.000395545,29,0.243503
108662,85.2585,,,0.3321,0.000395542,29,0.766396
108691,85.2769,,,0.280762,0.00039554,29,0.310286
108720,85.2953,,,0.27489,0.000395538,29,0.241559
108749,85.3137,,,0.288649,0.000395535,29,0.223573
108778,85.3321,,,0.321942,0.000395533,29,0.315561
108807,85.3505,,,0.286461,0.00039553,29,0.22769
108836,85.3690,,,0.310118,0.000395528,29,0.281346
108865,85.3874,,,0.28961,0.000395526,29,0.184888
108894,85.4058,,,0.269882,0.000395523,29,0.229517
108923,85.4242,,,0.329893,0.000395521,29,0.291567
108929,85.9892,0.305982,0.309002,,,29,
108952,86.0044,,,0.371059,0.000395518,30,1.04355
108981,86.0228,,,0.375829,0.000395516,30,0.345856
109010,86.0412,,,0.32166,0.000395514,30,0.316496
109039,86.0596,,,0.359084,0.000395511,30,0.544553
109068,86.0780,,,0.321643,0.000395509,30,0.295721
109097,86.0964,,,0.28837,0.000395506,30,0.299529
109126,86.1149,,,0.376663,0.000395504,30,0.315481
109155,86.1333,,,0.320029,0.000395502,30,0.3984
109184,86.1517,,,0.301425,0.000395499,30,0.234508
109213,86.1701,,,0.252484,0.000395497,30,0.272085
109242,86.1885,,,0.24316,0.000395494,30,0.324986
109271,86.2069,,,0.291167,0.000395492,30,0.274942
109300,86.2253,,,0.360136,0.00039549,30,0.294024
109329,86.2437,,,0.299104,0.000395487,30,0.315339
109358,86.2621,,,0.308385,0.000395485,30,0.386808
109387,86.2805,,,0.348284,0.000395482,30,0.321666
109416,86.2989,,,0.283626,0.00039548,30,0.277859
109445,86.3173,,,0.340908,0.000395478,30,0.282684
109474,86.3358,,,0.342159,0.000395475,30,0.33475
109503,86.3542,,,0.285198,0.000395473,30,0.396233
109532,86.3726,,,0.369846,0.00039547,30,0.407138
109561,86.3910,,,0.262888,0.000395468,30,0.42505
109590,86.4094,,,0.288331,0.000395465,30,0.267494
109619,86.4278,,,0.328104,0.000395463,30,0.270775
109648,86.4462,,,0.299668,0.000395461,30,0.341125
109677,86.4646,,,0.269056,0.000395458,30,0.26839
109706,86.4830,,,0.348613,0.000395456,30,0.278709
109735,86.5014,,,0.301818,0.000395453,30,0.276054
109764,86.5198,,,0.246466,0.000395451,30,0.212529
109793,86.5382,,,0.262784,0.000395449,30,0.310445
109822,86.5566,,,0.290881,0.000395446,30,0.429945
109851,86.5750,,,0.263789,0.000395444,30,0.289465
109880,86.5934,,,0.308492,0.000395441,30,0.217119
109909,86.6118,,,0.288505,0.000395439,30,0.277121
109938,86.6303,,,0.301525,0.000395436,30,0.315124
109967,86.6487,,,0.315918,0.000395434,30,0.270582
109996,86.6671,,,0.257353,0.000395432,30,0.222734
110025,86.6855,,,0.285761,0.000395429,30,0.255568
110054,86.7039,,,0.270913,0.000395427,30,0.218642
110083,86.7223,,,0.302587,0.000395424,30,0.40479
110112,86.7407,,,0.265358,0.000395422,30,0.265823
110141,86.7591,,,0.28922,0.000395419,30,0.205266
110170,86.7775,,,0.317665,0.000395417,30,0.220335
110199,86.7959,,,0.362093,0.000395415,30,0.354491
110228,86.8143,,,0.295968,0.000395412,30,0.228279
110257,86.8331,,,0.337902,0.00039541,30,0.32558
110286,86.8515,,,0.270728,0.000395407,30,0.192614
110315,86.8699,,,0.322703,0.000395405,30,0.281839
110344,86.8883,,,0.284065,0.000395402,30,0.252372
110373,86.9067,,,0.278971,0.0003954,30,0.217237
110402,86.9251,,,0.321272,0.000395398,30,0.282011
110431,86.9435,,,0.31397,0.000395395,30,0.374154
110460,86.9619,,,0.2708,0.000395393,30,0.22195
110489,86.9803,,,0.303333,0.00039539,30,0.228391
110518,86.9987,,,0.316625,0.000395388,30,0.271824
110547,87.0171,,,0.275391,0.000395385,30,0.301769
110576,87.0355,,,0.252143,0.000395383,30,0.189388
110605,87.0539,,,0.305036,0.000395381,30,0.228606
110634,87.0723,,,0.317831,0.000395378,30,0.280921
110663,87.0907,,,0.255646,0.000395376,30,0.260378
110692,87.1091,,,0.318305,0.000395373,30,0.289261
110721,87.1275,,,0.304717,0.000395371,30,0.18473
110750,87.1459,,,0.313003,0.000395368,30,0.332704
110779,87.1644,,,0.296022,0.000395366,30,0.198861
110808,87.1828,,,0.344552,0.000395364,30,0.374234
110837,87.2012,,,0.269042,0.000395361,30,0.206037
110866,87.2196,,,0.370116,0.000395359,30,0.294511
110895,87.2380,,,0.292311,0.000395356,30,0.2087
110924,87.2564,,,0.29391,0.000395354,30,0.267546
110953,87.2749,,,0.308286,0.000395351,30,0.226512
110982,87.2933,,,0.286587,0.000395349,30,0.238587
111011,87.3117,,,0.295776,0.000395346,30,0.18302
111040,87.3301,,,0.287239,0.000395344,30,0.257076
111069,87.3485,,,0.3059,0.000395342,30,0.327357
111098,87.3669,,,0.306844,0.000395339,30,0.347779
111127,87.3853,,,0.287883,0.000395337,30,0.176115
111156,87.4037,,,0.336165,0.000395334,30,0.25986
111185,87.4221,,,0.282817,0.000395332,30,1.63154
111214,87.4405,,,0.312194,0.000395329,30,0.221961
111243,87.4589,,,0.316999,0.000395327,30,0.356046
111272,87.4774,,,0.302081,0.000395324,30,0.260665
111301,87.4958,,,0.310143,0.000395322,30,0.292615
111330,87.5142,,,0.283145,0.00039532,30,0.226351
111359,87.5326,,,0.335934,0.000395317,30,0.308732
111388,87.5510,,,0.274109,0.000395315,30,0.200427
111417,87.5694,,,0.319323,0.000395312,30,0.21927
111446,87.5878,,,0.264614,0.00039531,30,0.324902
111475,87.6062,,,0.301059,0.000395307,30,0.261365
111504,87.6246,,,0.322421,0.000395305,30,0.268555
111533,87.6430,,,0.336461,0.000395302,30,1.29441
111562,87.6614,,,0.292536,0.0003953,30,0.273994
111591,87.6798,,,0.274627,0.000395297,30,0.197562
111620,87.6982,,,0.294237,0.000395295,30,0.382093
111649,87.7166,,,0.257693,0.000395293,30,0.202725
111678,87.7350,,,0.281643,0.00039529,30,0.19491
111707,87.7534,,,0.332111,0.000395288,30,0.277631
111736,87.7719,,,0.384407,0.000395285,30,0.300148
111765,87.7903,,,0.256436,0.000395283,30,0.53368
111794,87.8087,,,0.321327,0.00039528,30,0.421238
111823,87.8271,,,0.276496,0.000395278,30,0.210098
111852,87.8455,,,0.376628,0.000395275,30,0.279193
111881,87.8639,,,0.316261,0.000395273,30,0.23415
111910,87.8823,,,0.330615,0.00039527,30,0.285489
111939,87.9007,,,0.284042,0.000395268,30,0.34806
111968,87.9191,,,0.306523,0.000395265,30,0.262951
111997,87.9375,,,0.296946,0.000395263,30,0.255363
112026,87.9559,,,0.279548,0.000395261,30,0.301348
112055,87.9743,,,0.316135,0.000395258,30,0.296545
112084,87.9927,,,0.333446,0.000395256,30,0.368429
112113,88.0178,,,0.327044,0.000395253,30,0.40688
112142,88.0363,,,0.291523,0.000395251,30,0.328521
112171,88.0547,,,0.274431,0.000395248,30,0.187723
112200,88.0731,,,0.313125,0.000395246,30,0.316049
112229,88.0915,,,0.336693,0.000395243,30,0.231714
112258,88.1100,,,0.336185,0.000395241,30,0.248219
112287,88.1284,,,0.333427,0.000395238,30,0.258407
112316,88.1468,,,0.355304,0.000395236,30,0.354166
112345,88.1652,,,0.32799,0.000395233,30,0.22642
112374,88.1836,,,0.298017,0.000395231,30,0.549668
112403,88.2021,,,0.282911,0.000395228,30,0.235598
112432,88.2205,,,0.288713,0.000395226,30,0.291915
112461,88.2389,,,0.312401,0.000395223,30,0.330128
112490,88.2573,,,0.413288,0.000395221,30,0.316945
112519,88.2757,,,0.352439,0.000395219,30,0.383417
112548,88.2941,,,0.308566,0.000395216,30,0.261801
112560,88.8629,0.308554,0.309577,,,30,
112577,88.8744,,,0.320699,0.000395214,31,0.24511
112606,88.8929,,,0.287166,0.000395211,31,0.235171
112635,88.9114,,,0.249521,0.000395209,31,0.223274
112664,88.9298,,,0.313828,0.000395206,31,0.282309
112693,88.9482,,,0.413055,0.000395204,31,0.691469
112722,88.9666,,,0.334718,0.000395201,31,0.340413
112751,88.9851,,,0.334758,0.000395199,31,0.270139
112780,89.0035,,,0.303416,0.000395196,31,0.225413
112809,89.0219,,,0.32722,0.000395194,31,0.297698
112838,89.0403,,,0.359233,0.000395191,31,0.311383
112867,89.0588,,,0.345838,0.000395189,31,0.257931
112896,89.0772,,,0.275801,0.000395186,31,0.230174
112925,89.0957,,,0.27161,0.000395184,31,0.188377
112954,89.1141,,,0.312713,0.000395181,31,0.415031
112983,89.1325,,,0.267448,0.000395179,31,0.208679
113012,89.1509,,,0.259339,0.000395176,31,0.318743
113041,89.1693,,,0.344259,0.000395174,31,0.488638
113070,89.1877,,,0.268839,0.000395171,31,0.391591
113099,89.2062,,,0.276342,0.000395169,31,0.249118
113128,89.2246,,,0.296536,0.000395166,31,0.25371
113157,89.2430,,,0.390324,0.000395164,31,0.362242
113186,89.2614,,,0.303935,0.000395161,31,0.280846
113215,89.2799,,,0.296569,0.000395159,31,0.221374
113244,89.2983,,,0.308196,0.000395156,31,0.229752
113273,89.3167,,,0.310363,0.000395154,31,0.516849
113302,89.3351,,,0.275326,0.000395151,31,0.176547
113331,89.3535,,,0.298658,0.000395149,31,0.27395
113360,89.3720,,,0.273964,0.000395146,31,0.210707
113389,89.3904,,,0.340719,0.000395144,31,0.367193
113418,89.4088,,,0.320961,0.000395141,31,0.350538
113447,89.4272,,,0.290149,0.000395139,31,0.260147
113476,89.4456,,,0.276397,0.000395136,31,0.259141
113505,89.4640,,,0.343866,0.000395134,31,5.66378
113534,89.4825,,,0.329328,0.000395131,31,0.228454
113563,89.5009,,,0.323745,0.000395129,31,0.251274
113592,89.5193,,,0.287599,0.000395126,31,0.677565
113621,89.5377,,,0.348411,0.000395124,31,0.425827
113650,89.5562,,,0.29585,0.000395121,31,0.222994
113679,89.5746,,,0.298908,0.000395119,31,0.261791
113708,89.5930,,,0.314133,0.000395116,31,0.313724
113737,89.6114,,,0.28384,0.000395114,31,0.248295
113766,89.6299,,,0.279394,0.000395111,31,0.245646
113795,89.6483,,,0.246712,0.000395109,31,0.263028
113824,89.6667,,,0.271923,0.000395106,31,0.281802
113853,89.6851,,,0.337508,0.000395104,31,0.370017
113882,89.7035,,,0.258308,0.000395101,31,0.230414
113911,89.7220,,,0.390407,0.000395099,31,0.427707
113940,89.7404,,,0.303742,0.000395096,31,0.385079
113969,89.7588,,,0.279806,0.000395094,31,0.247566
113998,89.7772,,,0.25939,0.000395091,31,0.268367
114027,89.7957,,,0.312169,0.000395089,31,0.393352
114056,89.8141,,,0.303653,0.000395086,31,0.248923
114085,89.8325,,,0.305576,0.000395084,31,0.229476
114114,89.8509,,,0.341,0.000395081,31,0.493799
114143,89.8693,,,0.32771,0.000395079,31,0.285637
114172,89.8877,,,0.343536,0.000395076,31,0.263771
114201,89.9061,,,0.309159,0.000395074,31,0.375753
114230,89.9246,,,0.343324,0.000395071,31,0.274855
114259,89.9430,,,0.300678,0.000395069,31,0.258858
114288,89.9614,,,0.308109,0.000395066,31,0.211333
114317,89.9798,,,0.315996,0.000395064,31,0.210979
114346,89.9982,,,0.360114,0.000395061,31,0.364681
114375,90.0167,,,0.325889,0.000395059,31,0.264074
114404,90.0351,,,0.284868,0.000395056,31,0.275128
114433,90.0535,,,0.276172,0.000395054,31,0.22236
114462,90.0719,,,0.315266,0.000395051,31,0.215972
114491,90.0903,,,0.283818,0.000395049,31,0.233033
114520,90.1088,,,0.325296,0.000395046,31,0.462976
114549,90.1272,,,0.299774,0.000395044,31,0.239728
114578,90.1456,,,0.297467,0.000395041,31,0.302755
114607,90.1640,,,0.329175,0.000395039,31,0.289914
114636,90.1824,,,0.344636,0.000395036,31,0.397805
114665,90.2009,,,0.349569,0.000395034,31,0.270042
114694,90.2193,,,0.325259,0.000395031,31,1.36547
114723,90.2377,,,0.304045,0.000395028,31,0.24676
114752,90.2561,,,0.311681,0.000395026,31,0.229304
114781,90.2746,,,0.325921,0.000395023,31,0.69184
114810,90.2930,,,0.304227,0.000395021,31,0.412244
114839,90.3114,,,0.282796,0.000395018,31,0.287077
114868,90.3298,,,0.283818,0.000395016,31,0.249487
114897,90.3482,,,0.310189,0.000395013,31,0.406052
114926,90.3667,,,0.315323,0.000395011,31,0.362288
114955,90.3851,,,0.265847,0.000395008,31,0.275718
114984,90.4035,,,0.339278,0.000395006,31,0.26704
115013,90.4219,,,0.29705,0.000395003,31,0.345134
115042,90.4403,,,0.273273,0.000395001,31,0.269669
115071,90.4587,,,0.344434,0.000394998,31,0.288575
115100,90.4772,,,0.279069,0.000394996,31,0.225966
115129,90.4956,,,0.288757,0.000394993,31,0.213098
115158,90.5140,,,0.301758,0.00039499,31,0.687491
115187,90.5324,,,0.268311,0.000394988,31,0.40356
115216,90.5508,,,0.300683,0.000394985,31,18.1537
115245,90.5692,,,0.270418,0.000394983,31,0.327405
115274,90.5877,,,0.280299,0.00039498,31,0.38276
115303,90.6061,,,0.294124,0.000394978,31,0.226444
115332,90.6245,,,0.269621,0.000394975,31,0.237013
115361,90.6429,,,0.339855,0.000394973,31,0.33426
115390,90.6613,,,0.329908,0.00039497,31,0.40406
115419,90.6797,,,0.27151,0.000394968,31,0.283016
115448,90.6981,,,0.287316,0.000394965,31,0.231329
115477,90.7165,,,0.303956,0.000394963,31,0.228412
115506,90.7350,,,0.308573,0.00039496,31,0.306871
115535,90.7534,,,0.330924,0.000394957,31,0.255538
115564,90.7718,,,0.308181,0.000394955,31,0.242664
115593,90.7902,,,0.287463,0.000394952,31,0.346537
115622,90.8086,,,0.290846,0.00039495,31,0.248998
115651,90.8271,,,0.285324,0.000394947,31,0.262591
115680,90.8457,,,0.362835,0.000394945,31,1.01311
115709,90.8641,,,0.333283,0.000394942,31,0.330324
115738,90.8825,,,0.306001,0.00039494,31,0.185507
115767,90.9009,,,0.285421,0.000394937,31,0.237297
115796,90.9193,,,0.342269,0.000394935,31,0.449016
115825,90.9378,,,0.271509,0.000394932,31,0.24852
115854,90.9562,,,0.280104,0.000394929,31,0.191691
115883,90.9746,,,0.31745,0.000394927,31,0.263714
115912,90.9930,,,0.32045,0.000394924,31,0.285987
115941,91.0114,,,0.324103,0.000394922,31,0.266272
115970,91.0298,,,0.352071,0.000394919,31,0.247067
115999,91.0483,,,0.320416,0.000394917,31,0.171659
116028,91.0667,,,0.29016,0.000394914,31,0.296304
116057,91.0851,,,0.310516,0.000394912,31,5.6212
116086,91.1035,,,0.329639,0.000394909,31,0.252469
116115,91.1219,,,0.349904,0.000394907,31,0.32258
116144,91.1404,,,0.305258,0.000394904,31,0.222278
116173,91.1588,,,0.305174,0.000394901,31,0.292524
116191,91.7314,0.305017,0.309086,,,31,
116202,91.7389,,,0.30088,0.000394899,32,0.291194
116231,91.7573,,,0.342886,0.000394896,32,0.274266
116260,91.7757,,,0.243845,0.000394894,32,0.282445
116289,91.7942,,,0.269046,0.000394891,32,0.261316
116318,91.8126,,,0.344456,0.000394889,32,0.27799
116347,91.8310,,,0.30691,0.000394886,32,0.273283
116376,91.8494,,,0.303279,0.000394884,32,0.313529
116405,91.8678,,,0.279311,0.000394881,32,0.317846
116434,91.8863,,,0.326179,0.000394878,32,0.468068
116463,91.9047,,,0.281266,0.000394876,32,0.241376
116492,91.9232,,,0.302592,0.000394873,32,0.242045
116521,91.9416,,,0.333837,0.000394871,32,0.189089
116550,91.9600,,,0.27518,0.000394868,32,0.297558
116579,91.9784,,,0.288533,0.000394866,32,0.292584
116608,91.9968,,,0.270336,0.000394863,32,0.211115
116637,92.0152,,,0.32535,0.00039486,32,0.209604
116666,92.0336,,,0.259439,0.000394858,32,0.161168
116695,92.0520,,,0.321911,0.000394855,32,0.516319
116724,92.0704,,,0.275991,0.000394853,32,0.166152
116753,92.0889,,,0.328446,0.00039485,32,0.554284
116782,92.1073,,,0.322553,0.000394848,32,0.191091
116811,92.1257,,,0.31883,0.000394845,32,0.30246
116840,92.1441,,,0.300585,0.000394842,32,0.288105
116869,92.1625,,,0.300852,0.00039484,32,0.226153
116898,92.1809,,,0.342093,0.000394837,32,0.227169
116927,92.1993,,,0.330878,0.000394835,32,0.329972
116956,92.2177,,,0.3296,0.000394832,32,0.273225
116985,92.2362,,,0.238745,0.00039483,32,0.221632
117014,92.2546,,,0.346668,0.000394827,32,0.499606
117043,92.2730,,,0.343157,0.000394824,32,0.297369
117072,92.2915,,,0.236172,0.000394822,32,0.170351
117101,92.3099,,,0.271153,0.000394819,32,0.201745
117130,92.3283,,,0.305847,0.000394817,32,0.229422
117159,92.3467,,,0.250933,0.000394814,32,0.204473
117188,92.3651,,,0.242226,0.000394812,32,0.204467
117217,92.3836,,,0.320598,0.000394809,32,0.264966
117246,92.4020,,,0.316858,0.000394806,32,0.199251
117275,92.4204,,,0.315388,0.000394804,32,0.315532
117304,92.4388,,,0.288905,0.000394801,32,0.22117
117333,92.4572,,,0.303863,0.000394799,32,0.34163
117362,92.4756,,,0.260785,0.000394796,32,0.278865
117391,92.4940,,,0.345629,0.000394793,32,0.311355
117420,92.5124,,,0.30824,0.000394791,32,0.283788
117449,92.5308,,,0.303926,0.000394788,32,0.208257
117478,92.5492,,,0.309181,0.000394786,32,0.299903
117507,92.5677,,,0.294989,0.000394783,32,0.296525
117536,92.5861,,,0.289221,0.000394781,32,0.260215
117565,92.6045,,,0.29539,0.000394778,32,0.243389
117594,92.6229,,,0.274881,0.000394775,32,0.215983
117623,92.6413,,,0.329778,0.000394773,32,0.30035
117652,92.6597,,,0.368077,0.00039477,32,0.313483
117681,92.6781,,,0.312975,0.000394768,32,0.281596
117710,92.6965,,,0.322182,0.000394765,32,0.243912
117739,92.7149,,,0.27011,0.000394762,32,0.195963
117768,92.7333,,,0.31733,0.00039476,32,0.32651
117797,92.7518,,,0.301616,0.000394757,32,0.252259
117826,92.7702,,,0.313689,0.000394755,32,0.196027
117855,92.7886,,,0.328118,0.000394752,32,0.300774
117884,92.8070,,,0.291081,0.000394749,32,0.260311
117913,92.8255,,,0.305235,0.000394747,32,0.303636
117942,92.8439,,,0.323342,0.000394744,32,0.209828
117971,92.8623,,,0.293514,0.000394742,32,0.239734
118000,92.8808,,,0.304986,0.000394739,32,0.207041
118029,92.8992,,,0.370508,0.000394736,32,0.366461
118058,92.9176,,,0.368423,0.000394734,32,0.285553
118087,92.9360,,,0.237649,0.000394731,32,0.197941
118116,92.9545,,,0.279446,0.000394729,32,0.290018
118145,92.9729,,,0.294937,0.000394726,32,0.237028
118174,92.9913,,,0.318586,0.000394723,32,0.237112
118203,93.0097,,,0.272735,0.000394721,32,0.279119
118232,93.0282,,,0.275216,0.000394718,32,0.266286
118261,93.0466,,,0.336465,0.000394716,32,0.294858
118290,93.0650,,,0.337333,0.000394713,32,0.293325
118319,93.0834,,,0.314101,0.00039471,32,0.268042
118348,93.1019,,,0.335966,0.000394708,32,1.83862
118377,93.1203,,,0.32359,0.000394705,32,0.284648
118406,93.1387,,,0.303575,0.000394703,32,0.220461
118435,93.1571,,,0.246404,0.0003947,32,0.274603
118464,93.1756,,,0.34384,0.000394697,32,0.502694
118493,93.1940,,,0.313046,0.000394695,32,0.277415
118522,93.2124,,,0.326069,0.000394692,32,0.22917
118551,93.2308,,,0.324876,0.00039469,32,0.215265
118580,93.2493,,,0.32347,0.000394687,32,0.21618
118609,93.2677,,,0.385186,0.000394684,32,0.314986
118638,93.2861,,,0.268811,0.000394682,32,0.249939
118667,93.3045,,,0.281513,0.000394679,32,0.254253
118696,93.3230,,,0.267438,0.000394677,32,0.241633
118725,93.3414,,,0.261638,0.000394674,32,0.187461
118754,93.3598,,,0.339875,0.000394671,32,0.29344
118783,93.3782,,,0.312808,0.000394669,32,0.23863
118812,93.3967,,,0.412009,0.000394666,32,0.352971
118841,93.4151,,,0.252888,0.000394664,32,0.19073
118870,93.4335,,,0.292022,0.000394661,32,0.22032
118899,93.4520,,,0.29521,0.000394658,32,0.332429
118928,93.4704,,,0.267847,0.000394656,32,0.196616
118957,93.4888,,,0.290923,0.000394653,32,0.172908
118986,93.5072,,,0.315774,0.00039465,32,0.345485
119015,93.5257,,,0.299613,0.000394648,32,0.225022
119044,93.5441,,,0.317309,0.000394645,32,0.299482
119073,93.5625,,,0.316718,0.000394643,32,0.285567
119102,93.5809,,,0.27255,0.00039464,32,0.238933
119131,93.5994,,,0.348915,0.000394637,32,0.205324
119160,93.6178,,,0.354704,0.000394635,32,0.282076
119189,93.6362,,,0.28257,0.000394632,32,0.254808
119218,93.6546,,,0.308786,0.000394629,32,0.269552
119247,93.6731,,,0.292562,0.000394627,32,0.194753
119276,93.6915,,,0.27501,0.000394624,32,0.284886
119305,93.7099,,,0.265475,0.000394622,32,0.227209
119334,93.7283,,,0.342772,0.000394619,32,0.407726
119363,93.7468,,,0.279981,0.000394616,32,0.207858
119392,93.7652,,,0.262856,0.000394614,32,0.492989
119421,93.7836,,,0.290387,0.000394611,32,0.22762
119450,93.8021,,,0.297437,0.000394608,32,0.243076
119479,93.8205,,,0.360946,0.000394606,32,0.266315
119508,93.8389,,,0.32072,0.000394603,32,0.221848
119537,93.8574,,,0.325824,0.000394601,32,0.223263
119566,93.8758,,,0.313745,0.000394598,32,0.233864
119595,93.8942,,,0.298871,0.000394595,32,0.204422
119624,93.9126,,,0.364379,0.000394593,32,0.259162
119653,93.9311,,,0.33323,0.00039459,32,0.305446
119682,93.9496,,,0.290429,0.000394587,32,0.222009
119711,93.9680,,,0.295239,0.000394585,32,0.301397
119740,93.9865,,,0.304667,0.000394582,32,0.91695
119769,94.0049,,,0.35746,0.00039458,32,0.466025
119798,94.0233,,,0.337352,0.000394577,32,0.251152
119822,94.5997,0.303924,0.306975,,,32,
119827,94.6035,,,0.344663,0.000394574,33,0.310494
119856,94.6220,,,0.348102,0.000394572,33,0.257562
119885,94.6404,,,0.326487,0.000394569,33,0.240595
119914,94.6588,,,0.357545,0.000394566,33,0.265851
119943,94.6773,,,0.358117,0.000394564,33,0.286887
119972,94.6957,,,0.293981,0.000394561,33,0.388766
120001,94.7141,,,0.280964,0.000394558,33,0.238728
120030,94.7325,,,0.304673,0.000394556,33,0.289632
120059,94.7510,,,0.346065,0.000394553,33,0.288043
120088,94.7694,,,0.30229,0.000394551,33,0.225883
120117,94.7878,,,0.326069,0.000394548,33,0.305865
120146,94.8063,,,0.311193,0.000394545,33,0.226387
120175,94.8247,,,0.303802,0.000394543,33,0.270699
120204,94.8431,,,0.253388,0.00039454,33,0.220735
120233,94.8616,,,0.339717,0.000394537,33,1.5016
120262,94.8800,,,0.313486,0.000394535,33,0.267527
120291,94.8984,,,0.306326,0.000394532,33,0.300195
120320,94.9168,,,0.317312,0.000394529,33,0.227924
120349,94.9353,,,0.348516,0.000394527,33,0.269968
120378,94.9537,,,0.336661,0.000394524,33,0.301763
120407,94.9721,,,0.326617,0.000394521,33,0.218383
120436,94.9906,,,0.392441,0.000394519,33,0.256666
120465,95.0090,,,0.317912,0.000394516,33,0.349065
120494,95.0274,,,0.289996,0.000394513,33,0.158892
120523,95.0459,,,0.300789,0.000394511,33,0.277115
120552,95.0643,,,0.298208,0.000394508,33,0.29111
120581,95.0828,,,0.306558,0.000394506,33,0.204143
120610,95.1012,,,0.306808,0.000394503,33,0.296554
120639,95.1196,,,0.29919,0.0003945,33,0.224929
120668,95.1381,,,0.30669,0.000394498,33,0.317739
120697,95.1566,,,0.324201,0.000394495,33,0.186886
120726,95.1750,,,0.303694,0.000394492,33,0.286291
120755,95.1935,,,0.266533,0.00039449,33,0.212118
120784,95.2119,,,0.24909,0.000394487,33,0.174919
120813,95.2303,,,0.289897,0.000394484,33,0.35145
120842,95.2488,,,0.30451,0.000394482,33,0.24995
120871,95.2672,,,0.310791,0.000394479,33,0.245251
120900,95.2856,,,0.325284,0.000394476,33,0.332463
120929,95.3040,,,0.298085,0.000394474,33,0.200893
120958,95.3226,,,0.320211,0.000394471,33,0.22548
120987,95.3410,,,0.279292,0.000394468,33,0.221537
121016,95.3594,,,0.325621,0.000394466,33,0.273943
121045,95.3779,,,0.309293,0.000394463,33,0.209445
121074,95.3963,,,0.370058,0.00039446,33,0.317079
121103,95.4147,,,0.279026,0.000394458,33,0.228842
121132,95.4332,,,0.326016,0.000394455,33,0.224103
121161,95.4516,,,0.290214,0.000394452,33,0.315912
121190,95.4700,,,0.272306,0.00039445,33,0.180453
121219,95.4886,,,0.267864,0.000394447,33,0.264347
121248,95.5070,,,0.293816,0.000394444,33,0.188031
121277,95.5254,,,0.261187,0.000394442,33,0.235058
121306,95.5439,,,0.316143,0.000394439,33,0.262453
121335,95.5623,,,0.338744,0.000394436,33,0.309829
121364,95.5807,,,0.2915,0.000394434,33,0.239008
121393,95.5991,,,0.310996,0.000394431,33,0.192016
121422,95.6176,,,0.294687,0.000394428,33,0.189825
121451,95.6360,,,0.293433,0.000394426,33,0.204613
121480,95.6544,,,0.400346,0.000394423,33,0.437559
121509,95.6729,,,0.340101,0.00039442,33,0.246704
121538,95.6913,,,0.322365,0.000394418,33,0.284369
121567,95.7097,,,0.262818,0.000394415,33,0.212882
121596,95.7282,,,0.316085,0.000394412,33,0.247447
121625,95.7466,,,0.285185,0.00039441,33,0.28944
121654,95.7651,,,0.29955,0.000394407,33,0.187184
121683,95.7835,,,0.252773,0.000394404,33,0.176444
121712,95.8019,,,0.298497,0.000394402,33,0.228951
121741,95.8203,,,0.315893,0.000394399,33,0.31423
121770,95.8388,,,0.326778,0.000394396,33,0.284545
121799,95.8572,,,0.271457,0.000394394,33,0.249229
121828,95.8756,,,0.320114,0.000394391,33,0.199377
121857,95.8941,,,0.299582,0.000394388,33,0.343698
121886,95.9125,,,0.353745,0.000394385,33,0.256273
121915,95.9309,,,0.31484,0.000394383,33,0.219144
121944,95.9494,,,0.317216,0.00039438,33,0.2105
121973,95.9678,,,0.300379,0.000394377,33,0.19265
122002,95.9862,,,0.364574,0.000394375,33,0.401358
122031,96.0047,,,0.298657,0.000394372,33,0.230986
122060,96.0231,,,0.251459,0.000394369,33,0.145976
122089,96.0415,,,0.304193,0.000394367,33,0.232509
122118,96.0600,,,0.254767,0.000394364,33,0.250472
122147,96.0784,,,0.294048,0.000394361,33,0.210247
122176,96.0968,,,0.381373,0.000394359,33,0.365435
122205,96.1153,,,0.283512,0.000394356,33,0.445022
122234,96.1337,,,0.27877,0.000394353,33,0.271753
122263,96.1521,,,0.328197,0.000394351,33,0.204369
122292,96.1705,,,0.287158,0.000394348,33,0.259371
122321,96.1890,,,0.346377,0.000394345,33,0.285681
122350,96.2074,,,0.315991,0.000394342,33,0.257799
122379,96.2258,,,0.260438,0.00039434,33,0.233963
122408,96.2442,,,0.264577,0.000394337,33,0.185125
122437,96.2627,,,0.324349,0.000394334,33,0.275834
122466,96.2811,,,0.318516,0.000394332,33,0.340312
122495,96.2996,,,0.306971,0.000394329,33,0.228033
122524,96.3180,,,0.297353,0.000394326,33,0.845024
122553,96.3364,,,0.260231,0.000394324,33,0.163281
122582,96.3548,,,0.330825,0.000394321,33,0.314625
122611,96.3733,,,0.275066,0.000394318,33,0.264653
122640,96.3917,,,0.315135,0.000394316,33,0.232706
122669,96.4101,,,0.283455,0.000394313,33,0.208911
122698,96.4285,,,0.283792,0.00039431,33,0.258905
122727,96.4470,,,0.254386,0.000394307,33,0.199413
122756,96.4654,,,0.323757,0.000394305,33,0.272934
122785,96.4838,,,0.199389,0.000394302,33,0.387095
122814,96.5023,,,0.267397,0.000394299,33,0.195054
122843,96.5207,,,0.224637,0.000394297,33,0.280808
122872,96.5391,,,0.292363,0.000394294,33,0.359964
122901,96.5575,,,0.33088,0.000394291,33,0.271605
122930,96.5760,,,0.257406,0.000394289,33,0.181591
122959,96.5944,,,0.341376,0.000394286,33,0.416271
122988,96.6129,,,0.268706,0.000394283,33,0.160095
123017,96.6313,,,0.365702,0.00039428,33,0.325529
123046,96.6498,,,0.265732,0.000394278,33,0.331499
123075,96.6682,,,0.301339,0.000394275,33,0.419382
123104,96.6866,,,0.284262,0.000394272,33,0.20751
123133,96.7051,,,0.292093,0.00039427,33,0.219593
123162,96.7235,,,0.300968,0.000394267,33,0.293297
123191,96.7419,,,0.284594,0.000394264,33,0.240615
123220,96.7604,,,0.26341,0.000394261,33,0.221344
123249,96.7788,,,0.340806,0.000394259,33,0.237153
123278,96.7972,,,0.277495,0.000394256,33,0.168495
123307,96.8157,,,0.308506,0.000394253,33,0.264005
123336,96.8341,,,0.313957,0.000394251,33,0.275526
123365,96.8525,,,0.304917,0.000394248,33,0.203837
123394,96.8709,,,0.27458,0.000394245,33,0.234537
123423,96.8894,,,0.309185,0.000394242,33,0.282205
123452,96.9078,,,0.325241,0.00039424,33,0.249138
123453,97.4696,0.304691,0.306601,,,33,
123481,97.4878,,,0.277333,0.000394237,34,0.17313
123510,97.5063,,,0.307327,0.000394234,34,0.315639
123539,97.5247,,,0.284497,0.000394232,34,0.165267
123568,97.5431,,,0.404381,0.000394229,34,0.418905
123597,97.5616,,,0.348686,0.000394226,34,0.249847
123626,97.5800,,,0.300737,0.000394223,34,0.361555
123655,97.5984,,,0.279247,0.000394221,34,0.219613
123684,97.6168,,,0.296223,0.000394218,34,0.249686
123713,97.6353,,,0.301267,0.000394215,34,0.305571
123742,97.6537,,,0.276049,0.000394213,34,0.190654
123771,97.6721,,,0.307765,0.00039421,34,0.337684
123800,97.6905,,,0.344539,0.000394207,34,0.229672
123829,97.7090,,,0.316168,0.000394204,34,0.310619
123858,97.7274,,,0.284391,0.000394202,34,0.209674
123887,97.7458,,,0.295849,0.000394199,34,0.303089
123916,97.7642,,,0.331,0.000394196,34,0.338642
123945,97.7826,,,0.310394,0.000394194,34,0.280007
123974,97.8011,,,0.300307,0.000394191,34,0.387913
124003,97.8195,,,0.287909,0.000394188,34,0.243877
124032,97.8379,,,0.340555,0.000394185,34,0.375011
124061,97.8563,,,0.290416,0.000394183,34,0.406718
124090,97.8747,,,0.307242,0.00039418,34,0.227081
124119,97.8932,,,0.28878,0.000394177,34,0.206979
124148,97.9116,,,0.305292,0.000394174,34,0.200245
124177,97.9300,,,0.284746,0.000394172,34,0.205819
124206,97.9485,,,0.330093,0.000394169,34,0.318091
124235,97.9669,,,0.296216,0.000394166,34,0.20412
124264,97.9853,,,0.28766,0.000394164,34,0.202645
124293,98.0037,,,0.273695,0.000394161,34,0.247824
124322,98.0222,,,0.355368,0.000394158,34,0.31467
124351,98.0406,,,0.2712,0.000394155,34,0.221344
124380,98.0590,,,0.278764,0.000394153,34,0.270808
124409,98.0774,,,0.293162,0.00039415,34,0.226355
124438,98.0959,,,0.298733,0.000394147,34,0.303725
124467,98.1143,,,0.307851,0.000394144,34,0.210706
124496,98.1327,,,0.287186,0.000394142,34,0.282941
124525,98.1511,,,0.353286,0.000394139,34,0.35799
124554,98.1696,,,0.310898,0.000394136,34,0.257014
124583,98.1880,,,0.3155,0.000394133,34,0.231376
124612,98.2064,,,0.328015,0.000394131,34,0.324624
124641,98.2248,,,0.300153,0.000394128,34,0.231308
124670,98.2433,,,0.281319,0.000394125,34,0.197465
124699,98.2617,,,0.278752,0.000394122,34,0.178227
124728,98.2801,,,0.265601,0.00039412,34,0.208457
124757,98.2985,,,0.289167,0.000394117,34,0.174234
124786,98.3169,,,0.272489,0.000394114,34,0.221671
124815,98.3354,,,0.283771,0.000394111,34,0.214847
124844,98.3538,,,0.291413,0.000394109,34,0.201527
124873,98.3722,,,0.32356,0.000394106,34,0.288059
124902,98.3907,,,0.322896,0.000394103,34,1.7227
124931,98.4091,,,0.324068,0.0003941,34,0.310724
124960,98.4275,,,0.317985,0.000394098,34,0.520741
124989,98.4459,,,0.378686,0.000394095,34,0.336306
125018,98.4644,,,0.348843,0.000394092,34,0.578384
125047,98.4828,,,0.29671,0.000394089,34,0.286827
125076,98.5012,,,0.353068,0.000394087,34,0.408585
125105,98.5196,,,0.32203,0.000394084,34,0.284262
125134,98.5380,,,0.258569,0.000394081,34,0.194194
125163,98.5565,,,0.2857,0.000394078,34,0.294951
125192,98.5749,,,0.271806,0.000394076,34,0.376581
125221,98.5933,,,0.323597,0.000394073,34,0.252321
125250,98.6118,,,0.331595,0.00039407,34,0.257266
125279,98.6302,,,0.319829,0.000394067,34,0.264979
125308,98.6486,,,0.329717,0.000394065,34,0.315244
125337,98.6670,,,0.279433,0.000394062,34,0.268284
125366,98.6855,,,0.279668,0.000394059,34,0.263495
125395,98.7039,,,0.30306,0.000394056,34,0.267357
125424,98.7223,,,0.264663,0.000394054,34,0.268363
125453,98.7407,,,0.284332,0.000394051,34,0.199419
125482,98.7592,,,0.273074,0.000394048,34,0.214788
125511,98.7776,,,0.341031,0.000394045,34,0.264567
125540,98.7960,,,0.271834,0.000394043,34,0.239206
125569,98.8144,,,0.253825,0.00039404,34,0.198211
125598,98.8329,,,0.246117,0.000394037,34,0.219058
125627,98.8513,,,0.281783,0.000394034,34,0.202347
125656,98.8697,,,0.308489,0.000394032,34,0.216026
125685,98.8881,,,0.287157,0.000394029,34,0.213346
125714,98.9066,,,0.304711,0.000394026,34,0.81217
125743,98.9250,,,0.230999,0.000394023,34,0.204775
125772,98.9434,,,0.336007,0.000394021,34,0.255303
125801,98.9618,,,0.310732,0.000394018,34,0.251096
125830,98.9803,,,0.300527,0.000394015,34,0.258737
125859,98.9987,,,0.295931,0.000394012,34,0.303862
125888,99.0171,,,0.315486,0.000394009,34,0.242204
125917,99.0356,,,0.286347,0.000394007,34,0.191087
125946,99.0540,,,0.305712,0.000394004,34,0.250783
125975,99.0724,,,0.267729,0.000394001,34,0.224508
126004,99.0908,,,0.309232,0.000393998,34,0.200641
126033,99.1093,,,0.26929,0.000393996,34,0.225696
126062,99.1277,,,0.302586,0.000393993,34,0.187882
126091,99.1461,,,0.294074,0.00039399,34,0.237312
126120,99.1646,,,0.296238,0.000393987,34,0.231871
126149,99.1830,,,0.271219,0.000393985,34,0.241344
126178,99.2014,,,0.32109,0.000393982,34,0.226893
126207,99.2199,,,0.333147,0.000393979,34,0.19387
126236,99.2383,,,0.298301,0.000393976,34,0.230109
126265,99.2567,,,0.301939,0.000393973,34,0.363515
126294,99.2751,,,0.303516,0.000393971,34,0.271437
126323,99.2936,,,0.298098,0.000393968,34,0.204796
126352,99.3123,,,0.287618,0.000393965,34,0.241813
126381,99.3307,,,0.312332,0.000393962,34,0.313724
126410,99.3492,,,0.263799,0.00039396,34,0.220295
126439,99.3676,,,0.269025,0.000393957,34,0.237216
126468,99.3860,,,0.32386,0.000393954,34,0.23338
126497,99.4044,,,0.330301,0.000393951,34,0.203824
126526,99.4228,,,0.273027,0.000393948,34,0.210006
126555,99.4412,,,0.355725,0.000393946,34,0.207708
126584,99.4597,,,0.246909,0.000393943,34,0.204871
126613,99.4781,,,0.361192,0.00039394,34,0.294173
126642,99.4965,,,0.34527,0.000393937,34,0.23178
126671,99.5149,,,0.302709,0.000393935,34,0.189145
126700,99.5334,,,0.31297,0.000393932,34,0.216505
126729,99.5518,,,0.330822,0.000393929,34,0.207998
126758,99.5702,,,0.313228,0.000393926,34,0.268107
126787,99.5886,,,0.342012,0.000393923,34,0.311111
126816,99.6070,,,0.344313,0.000393921,34,0.260708
126845,99.6255,,,0.28591,0.000393918,34,0.2065
126874,99.6439,,,0.280976,0.000393915,34,0.201719
126903,99.6623,,,0.236843,0.000393912,34,0.179223
126932,99.6807,,,0.325366,0.000393909,34,0.177607
126961,99.6991,,,0.292421,0.000393907,34,0.217594
126990,99.7175,,,0.2992,0.000393904,34,0.212824
127019,99.7359,,,0.394098,0.000393901,34,0.291377
127048,99.7543,,,0.271218,0.000393898,34,0.344392
127077,99.7727,,,0.287764,0.000393895,34,0.185721
127084,100.3383,0.300407,0.307145,,,34,
127106,100.3527,,,0.299193,0.000393893,35,0.202201
127135,100.3711,,,0.320223,0.00039389,35,0.239106
127164,100.3895,,,0.322267,0.000393887,35,0.922459
127193,100.4080,,,0.33664,0.000393884,35,0.346878
127222,100.4264,,,0.299431,0.000393881,35,0.226965
127251,100.4448,,,0.266124,0.000393879,35,0.223308
127280,100.4632,,,0.360275,0.000393876,35,0.273839
127309,100.4816,,,0.252322,0.000393873,35,0.185985
127338,100.5000,,,0.279021,0.00039387,35,0.719106
127367,100.5184,,,0.366991,0.000393867,35,0.355577
127396,100.5369,,,0.333447,0.000393865,35,0.210544
127425,100.5553,,,0.319942,0.000393862,35,0.304853
127454,100.5737,,,0.299264,0.000393859,35,0.253716
127483,100.5921,,,0.32995,0.000393856,35,0.371061
127512,100.6105,,,0.290804,0.000393853,35,0.184172
127541,100.6289,,,0.382201,0.000393851,35,0.359305
127570,100.6473,,,0.269308,0.000393848,35,0.276454
127599,100.6657,,,0.281292,0.000393845,35,0.305237
127628,100.6841,,,0.404565,0.000393842,35,0.316977
127657,100.7024,,,0.28871,0.000393839,35,0.266977
127686,100.7209,,,0.277259,0.000393837,35,0.20628
127715,100.7393,,,0.268224,0.000393834,35,0.238189
127744,100.7577,,,0.307534,0.000393831,35,0.218721
127773,100.7761,,,0.309072,0.000393828,35,26.8173
127802,100.7945,,,0.317429,0.000393825,35,0.217467
127831,100.8129,,,0.30096,0.000393823,35,0.303241
127860,100.8314,,,0.295655,0.00039382,35,0.250106
127889,100.8498,,,0.332017,0.000393817,35,0.270663
127918,100.8682,,,0.291266,0.000393814,35,0.241105
127947,100.8866,,,0.272259,0.000393811,35,0.237043
127976,100.9050,,,0.320936,0.000393809,35,0.313457
128005,100.9234,,,0.270997,0.000393806,35,0.18253
128034,100.9418,,,0.30622,0.000393803,35,0.248329
128063,100.9602,,,0.276297,0.0003938,35,0.307807
128092,100.9786,,,0.349354,0.000393797,35,0.279932
128121,100.9970,,,0.304698,0.000393794,35,0.249625
128150,101.0154,,,0.341844,0.000393792,35,0.320306
128179,101.0338,,,0.287403,0.000393789,35,0.294034
128208,101.0522,,,0.333975,0.000393786,35,0.269526
128237,101.0706,,,0.304283,0.000393783,35,0.362341
128266,101.0889,,,0.282005,0.00039378,35,0.22202
128295,101.1073,,,0.298625,0.000393778,35,0.493806
128324,101.1257,,,0.277035,0.000393775,35,0.221135
128353,101.1441,,,0.274947,0.000393772,35,0.215697
128382,101.1625,,,0.310811,0.000393769,35,0.495667
128411,101.1809,,,0.291702,0.000393766,35,0.332932
128440,101.1993,,,0.314493,0.000393763,35,0.32994
128469,101.2176,,,0.281212,0.000393761,35,0.212015
128498,101.2361,,,0.297678,0.000393758,35,0.311163
128527,101.2545,,,0.319064,0.000393755,35,0.27595
128556,101.2729,,,0.273322,0.000393752,35,0.21992
128585,101.2913,,,0.260398,0.000393749,35,0.242454
128614,101.3097,,,0.327292,0.000393747,35,0.312046
128643,101.3281,,,0.307817,0.000393744,35,0.5499
128672,101.3465,,,0.308356,0.000393741,35,0.225866
128701,101.3649,,,0.306571,0.000393738,35,0.318274
128730,101.3833,,,0.263991,0.000393735,35,0.205941
128759,101.4017,,,0.336519,0.000393732,35,0.3055
128788,101.4201,,,0.345383,0.00039373,35,0.239299
128817,101.4385,,,0.313705,0.000393727,35,0.218712
128846,101.4569,,,0.335864,0.000393724,35,0.552403
128875,101.4753,,,0.352895,0.000393721,35,0.271355
128904,101.4937,,,0.281398,0.000393718,35,0.43113
128933,101.5121,,,0.407368,0.000393715,35,0.276244
128962,101.5305,,,0.352629,0.000393713,35,0.521814
128991,101.5490,,,0.402108,0.00039371,35,0.299404
129020,101.5674,,,0.304204,0.000393707,35,0.63384
129049,101.5858,,,0.30078,0.000393704,35,0.29889
129078,101.6042,,,0.33763,0.000393701,35,0.371556
129107,101.6226,,,0.338542,0.000393698,35,0.357749
129136,101.6410,,,0.342204,0.000393696,35,0.366013
129165,101.6593,,,0.334628,0.000393693,35,0.339802
129194,101.6777,,,0.303443,0.00039369,35,0.320912
129223,101.6961,,,0.296827,0.000393687,35,0.292359
129252,101.7145,,,0.293683,0.000393684,35,0.306787
129281,101.7329,,,0.255124,0.000393681,35,0.279573
129310,101.7513,,,0.245795,0.000393678,35,0.247668
129339,101.7697,,,0.326537,0.000393676,35,0.263165
129368,101.7881,,,0.315548,0.000393673,35,0.316117
129397,101.8065,,,0.363203,0.00039367,35,0.812726
129426,101.8249,,,0.318351,0.000393667,35,0.328529
129455,101.8433,,,0.284702,0.000393664,35,0.619861
129484,101.8617,,,0.326642,0.000393661,35,0.501105
129513,101.8801,,,0.31302,0.000393659,35,0.281866
129542,101.8985,,,0.301859,0.000393656,35,0.542469
129571,101.9169,,,0.350389,0.000393653,35,0.337594
129600,101.9353,,,0.36267,0.00039365,35,0.280642
129629,101.9536,,,0.288444,0.000393647,35,0.29921
129658,101.9720,,,0.312099,0.000393644,35,0.294888
129687,101.9905,,,0.331769,0.000393641,35,0.533648
129716,102.0089,,,0.343082,0.000393639,35,0.349143
129745,102.0272,,,0.290894,0.000393636,35,0.271087
129774,102.0456,,,0.28692,0.000393633,35,0.34277
129803,102.0641,,,0.332353,0.00039363,35,0.418945
129832,102.0825,,,0.386607,0.000393627,35,0.346849
129861,102.1009,,,0.303786,0.000393624,35,0.304767
129890,102.1193,,,0.325328,0.000393621,35,0.276352
129919,102.1377,,,0.300052,0.000393619,35,0.238739
129948,102.1561,,,0.291069,0.000393616,35,11.653
129977,102.1745,,,0.321012,0.000393613,35,0.465451
130006,102.1929,,,0.298171,0.00039361,35,0.438747
130035,102.2113,,,0.301493,0.000393607,35,0.228689
130064,102.2297,,,0.356986,0.000393604,35,0.962497
130093,102.2481,,,0.299729,0.000393601,35,0.288192
130122,102.2668,,,0.290278,0.000393599,35,0.290384
130151,102.2852,,,0.323846,0.000393596,35,0.323203
130180,102.3036,,,0.350822,0.000393593,35,0.397078
130209,102.3220,,,0.329682,0.00039359,35,0.549635
130238,102.3404,,,0.315096,0.000393587,35,0.414456
130267,102.3588,,,0.298537,0.000393584,35,0.334978
130296,102.3773,,,0.23983,0.000393581,35,0.57127
130325,102.3957,,,0.364006,0.000393579,35,0.269386
130354,102.4141,,,0.277598,0.000393576,35,0.388077
130383,102.4325,,,0.230516,0.000393573,35,0.291874
130412,102.4509,,,0.350204,0.00039357,35,0.384452
130441,102.4693,,,0.314084,0.000393567,35,0.365331
130470,102.4877,,,0.286581,0.000393564,35,0.317444
130499,102.5061,,,0.253639,0.000393561,35,0.227693
130528,102.5245,,,0.309741,0.000393559,35,0.433416
130557,102.5429,,,0.322414,0.000393556,35,1.19386
130586,102.5613,,,0.337483,0.000393553,35,0.302788
130615,102.5798,,,0.261664,0.00039355,35,0.27076
130644,102.5982,,,0.294614,0.000393547,35,0.40925
130673,102.6166,,,0.284662,0.000393544,35,0.316211
130702,102.6350,,,0.340605,0.000393541,35,0.297128
130715,103.2044,0.304836,0.309883,,,35,
130731,103.2150,,,0.285431,0.000393538,36,0.359305
130760,103.2334,,,0.25578,0.000393536,36,0.261936
130789,103.2518,,,0.28889,0.000393533,36,0.263072
130818,103.2702,,,0.326121,0.00039353,36,0.373043
130847,103.2886,,,0.308937,0.000393527,36,0.291479
130876,103.3070,,,0.254801,0.000393524,36,0.284344
130905,103.3254,,,0.303588,0.000393521,36,0.296472
130934,103.3438,,,0.259873,0.000393518,36,0.303074
130963,103.3622,,,0.314806,0.000393515,36,0.430087
130992,103.3806,,,0.269429,0.000393513,36,0.263973
131021,103.3990,,,0.315045,0.00039351,36,0.375174
131050,103.4174,,,0.302966,0.000393507,36,0.254871
131079,103.4358,,,0.365793,0.000393504,36,1.18703
131108,103.4542,,,0.325951,0.000393501,36,0.252811
131137,103.4726,,,0.313739,0.000393498,36,0.397312
131166,103.4910,,,0.4006,0.000393495,36,0.378539
131195,103.5094,,,0.308271,0.000393492,36,0.438118
131224,103.5279,,,0.313298,0.000393489,36,0.357715
131253,103.5463,,,0.339526,0.000393487,36,0.325927
131282,103.5647,,,0.312402,0.000393484,36,0.336296
131311,103.5831,,,0.282995,0.000393481,36,0.289351
131340,103.6016,,,0.29748,0.000393478,36,0.297792
131369,103.6200,,,0.320375,0.000393475,36,0.267556
131398,103.6384,,,0.323245,0.000393472,36,0.33342
131427,103.6568,,,0.301849,0.000393469,36,0.276364
131456,103.6752,,,0.315233,0.000393466,36,0.43176
131485,103.6936,,,0.374788,0.000393464,36,0.440144
131514,103.7120,,,0.281398,0.000393461,36,0.294162
131543,103.7304,,,0.31813,0.000393458,36,0.414941
131572,103.7488,,,0.317826,0.000393455,36,0.318313
131601,103.7672,,,0.305094,0.000393452,36,0.236203
131630,103.7856,,,0.370034,0.000393449,36,0.389066
131659,103.8040,,,0.348928,0.000393446,36,0.329664
131688,103.8224,,,0.345741,0.000393443,36,0.366317
131717,103.8408,,,0.325708,0.00039344,36,2.19352
131746,103.8592,,,0.303698,0.000393437,36,0.254215
131775,103.8776,,,0.304992,0.000393435,36,0.403738
131804,103.8960,,,0.252272,0.000393432,36,0.300277
131833,103.9144,,,0.33266,0.000393429,36,0.850176
131862,103.9328,,,0.300369,0.000393426,36,0.339688
131891,103.9512,,,0.310598,0.000393423,36,0.444157
131920,103.9696,,,0.330963,0.00039342,36,0.294328
131949,103.9880,,,0.312657,0.000393417,36,0.296201
131978,104.0064,,,0.292292,0.000393414,36,0.30123
132007,104.0247,,,0.24269,0.000393411,36,0.232224
132036,104.0431,,,0.298828,0.000393408,36,0.202583
132065,104.0615,,,0.421259,0.000393406,36,0.348708
132094,104.0799,,,0.335784,0.000393403,36,0.308398
132123,104.0983,,,0.275556,0.0003934,36,1.35181
132152,104.1167,,,0.32685,0.000393397,36,0.327854
132181,104.1351,,,0.318634,0.000393394,36,0.321392
132210,104.1535,,,0.293248,0.000393391,36,0.368395
132239,104.1719,,,0.279562,0.000393388,36,0.327629
132268,104.1903,,,0.319617,0.000393385,36,0.304749
132297,104.2087,,,0.260698,0.000393382,36,0.339792
132326,104.2271,,,0.339235,0.000393379,36,0.437876
132355,104.2455,,,0.28588,0.000393377,36,0.296679
132384,104.2639,,,0.312855,0.000393374,36,2.85136
132413,104.2823,,,0.334232,0.000393371,36,0.461943
132442,104.3007,,,0.291739,0.000393368,36,0.918585
132471,104.3191,,,0.279926,0.000393365,36,0.269694
132500,104.3376,,,0.276481,0.000393362,36,0.248969
132529,104.3560,,,0.384758,0.000393359,36,0.428688
132558,104.3745,,,0.326146,0.000393356,36,0.481806
132587,104.3931,,,0.324777,0.000393353,36,0.298978
132616,104.4118,,,0.348533,0.00039335,36,0.482943
132645,104.4304,,,0.314612,0.000393347,36,0.392829
132674,104.4490,,,0.3048,0.000393345,36,0.229871
132703,104.4677,,,0.332499,0.000393342,36,0.786228
132732,104.4863,,,0.248177,0.000393339,36,0.318546
132761,104.5049,,,0.304773,0.000393336,36,0.338666
132790,104.5236,,,0.342268,0.000393333,36,0.421155
132819,104.5423,,,0.324033,0.00039333,36,0.393238
132848,104.5609,,,0.265885,0.000393327,36,0.328
132877,104.5796,,,0.365501,0.000393324,36,0.340835
132906,104.5982,,,0.260682,0.000393321,36,0.225887
132935,104.6168,,,0.263756,0.000393318,36,0.233088
132964,104.6354,,,0.302232,0.000393315,36,0.284339
132993,104.6541,,,0.274714,0.000393312,36,0.298659
133022,104.6727,,,0.297062,0.000393309,36,3.30253
133051,104.6914,,,0.321808,0.000393307,36,0.319785
133080,104.7100,,,0.272115,0.000393304,36,6.97592
133109,104.7286,,,0.346831,0.000393301,36,0.272266
133138,104.7472,,,0.267718,0.000393298,36,0.239278
133167,104.7657,,,0.362517,0.000393295,36,0.362724
133196,104.7843,,,0.314959,0.000393292,36,0.259003
133225,104.8030,,,0.357984,0.000393289,36,0.31458
133254,104.8216,,,0.265904,0.000393286,36,0.307996
133283,104.8403,,,0.376948,0.000393283,36,0.508792
133312,104.8590,,,0.289795,0.00039328,36,0.251786
133341,104.8776,,,0.323221,0.000393277,36,0.252251
133370,104.8962,,,0.364391,0.000393274,36,0.390429
133399,104.9148,,,0.246256,0.000393271,36,0.231018
133428,104.9335,,,0.299711,0.000393269,36,0.247854
133457,104.9522,,,0.314155,0.000393266,36,0.335815
133486,104.9708,,,0.328629,0.000393263,36,0.320678
133515,104.9894,,,0.282175,0.00039326,36,0.366883
133544,105.0080,,,0.345893,0.000393257,36,0.319228
133573,105.0266,,,0.295938,0.000393254,36,0.240227
133602,105.0453,,,0.348627,0.000393251,36,0.558862
133631,105.0637,,,0.331748,0.000393248,36,1.49918
133660,105.0822,,,0.287765,0.000393245,36,0.312091
133689,105.1006,,,0.352545,0.000393242,36,0.690227
133718,105.1190,,,0.339005,0.000393239,36,0.359674
133747,105.1374,,,0.283876,0.000393236,36,0.251406
133776,105.1558,,,0.293008,0.000393233,36,0.26434
133805,105.1742,,,0.263828,0.00039323,36,0.27021
133834,105.1927,,,0.313854,0.000393227,36,0.262355
133863,105.2111,,,0.333687,0.000393224,36,0.363243
133892,105.2295,,,0.354508,0.000393222,36,0.403225
133921,105.2479,,,0.292448,0.000393219,36,0.272002
133950,105.2664,,,0.339977,0.000393216,36,0.325721
133979,105.2848,,,0.315237,0.000393213,36,0.25744
134008,105.3032,,,0.284895,0.00039321,36,0.274167
134037,105.3216,,,0.343556,0.000393207,36,0.347666
134066,105.3399,,,0.273855,0.000393204,36,0.77794
134095,105.3583,,,0.289698,0.000393201,36,0.252168
134124,105.3767,,,0.298854,0.000393198,36,2.37579
134153,105.3951,,,0.330234,0.000393195,36,0.327723
134182,105.4135,,,0.329596,0.000393192,36,0.383524
134211,105.4319,,,0.299607,0.000393189,36,1.41523
134240,105.4503,,,0.344303,0.000393186,36,0.435715
134269,105.4688,,,0.275193,0.000393183,36,0.27213
134298,105.4872,,,0.268201,0.00039318,36,0.404307
134327,105.5056,,,0.3057,0.000393177,36,0.322968
134346,106.0788,0.306664,0.310894,,,36,
134356,106.0855,,,0.326589,0.000393174,37,0.374523
134385,106.1039,,,0.289482,0.000393171,37,0.32672
134414,106.1223,,,0.280713,0.000393168,37,0.307095
134443,106.1408,,,0.258747,0.000393166,37,0.230068
134472,106.1592,,,0.273189,0.000393163,37,0.228143
134501,106.1776,,,0.386387,0.00039316,37,0.34524
134530,106.1960,,,0.311984,0.000393157,37,0.387737
134559,106.2145,,,0.273391,0.000393154,37,0.636414
134588,106.2329,,,0.32306,0.000393151,37,0.278105
134617,106.2513,,,0.325216,0.000393148,37,15.5378
134646,106.2698,,,0.349859,0.000393145,37,0.322351
134675,106.2882,,,0.312874,0.000393142,37,0.313059
134704,106.3066,,,0.30669,0.000393139,37,0.313124
134733,106.3251,,,0.291625,0.000393136,37,0.247518
134762,106.3435,,,0.325301,0.000393133,37,0.29851
134791,106.3619,,,0.308419,0.00039313,37,0.289499
134820,106.3803,,,0.339778,0.000393127,37,0.355724
134849,106.3988,,,0.327017,0.000393124,37,0.270936
134878,106.4172,,,0.295533,0.000393121,37,0.342038
134907,106.4356,,,0.302558,0.000393118,37,0.297799
134936,106.4540,,,0.288817,0.000393115,37,0.27299
134965,106.4724,,,0.325923,0.000393112,37,0.382888
134994,106.4908,,,0.282933,0.000393109,37,0.287126
135023,106.5093,,,0.265013,0.000393106,37,0.280074
135052,106.5277,,,0.307043,0.000393103,37,0.433321
135081,106.5461,,,0.290586,0.0003931,37,0.207158
135110,106.5645,,,0.332025,0.000393097,37,0.299457
135139,106.5830,,,0.330687,0.000393094,37,0.440469
135168,106.6014,,,0.291699,0.000393091,37,0.429066
135197,106.6198,,,0.354709,0.000393089,37,0.314391
135226,106.6382,,,0.2861,0.000393086,37,0.286915
135255,106.6566,,,0.281659,0.000393083,37,0.263778
135284,106.6751,,,0.335798,0.00039308,37,0.526456
135313,106.6935,,,0.312805,0.000393077,37,0.274116
135342,106.7119,,,0.288309,0.000393074,37,1.07022
135371,106.7303,,,0.358843,0.000393071,37,0.358027
135400,106.7487,,,0.273461,0.000393068,37,0.392303
135429,106.7672,,,0.278607,0.000393065,37,0.290163
135458,106.7856,,,0.317553,0.000393062,37,0.31739
135487,106.8043,,,0.299204,0.000393059,37,0.336015
135516,106.8229,,,0.299717,0.000393056,37,0.437431
135545,106.8415,,,0.336978,0.000393053,37,0.441578
135574,106.8602,,,0.303227,0.00039305,37,0.422932
135603,106.8789,,,0.378394,0.000393047,37,0.393366
135632,106.8975,,,0.281016,0.000393044,37,0.281413
135661,106.9161,,,0.366381,0.000393041,37,0.490235
135690,106.9347,,,0.339589,0.000393038,37,0.348165
135719,106.9534,,,0.304464,0.000393035,37,0.368861
135748,106.9720,,,0.322962,0.000393032,37,0.384217
135777,106.9909,,,0.272622,0.000393029,37,0.176707
135806,107.0096,,,0.299304,0.000393026,37,0.317971
135835,107.0282,,,0.34238,0.000393023,37,0.462549
135864,107.0469,,,0.284614,0.00039302,37,0.280988
135893,107.0656,,,0.307103,0.000393017,37,0.354228
135922,107.0842,,,0.285412,0.000393014,37,0.334042
135951,107.1028,,,0.307196,0.000393011,37,0.44564
135980,107.1214,,,0.326326,0.000393008,37,0.364739
136009,107.1401,,,0.291332,0.000393005,37,0.34358
136038,107.1588,,,0.317901,0.000393002,37,2.37101
136067,107.1774,,,0.279602,0.000392999,37,0.283797
136096,107.1961,,,0.386841,0.000392996,37,0.336493
136125,107.2147,,,0.244762,0.000392993,37,0.33821
136154,107.2333,,,0.29294,0.00039299,37,0.272946
136183,107.2520,,,0.314221,0.000392987,37,0.251788
136212,107.2706,,,0.308196,0.000392984,37,0.304891
136241,107.2893,,,0.279921,0.000392981,37,0.328093
136270,107.3079,,,0.342252,0.000392978,37,0.355539
136299,107.3265,,,0.264152,0.000392975,37,0.366354
136328,107.3452,,,0.304453,0.000392972,37,0.35299
136357,107.3638,,,0.296614,0.000392969,37,0.334969
136386,107.3825,,,0.321236,0.000392966,37,0.264308
136415,107.4012,,,0.34546,0.000392963,37,1.26301
136444,107.4198,,,0.313574,0.00039296,37,0.373985
136473,107.4384,,,0.355705,0.000392957,37,0.352649
136502,107.4569,,,0.281679,0.000392954,37,0.243704
136531,107.4753,,,0.309787,0.000392951,37,4.44467
136560,107.4937,,,0.301851,0.000392948,37,0.403541
136589,107.5121,,,0.279144,0.000392945,37,2.32533
136618,107.5306,,,0.338188,0.000392942,37,0.314679
136647,107.5490,,,0.329621,0.000392939,37,0.300294
136676,107.5674,,,0.259525,0.000392936,37,0.253845
136705,107.5858,,,0.262283,0.000392933,37,0.208778
136734,107.6043,,,0.352663,0.00039293,37,0.276858
136763,107.6227,,,0.305384,0.000392927,37,0.314294
136792,107.6411,,,0.350361,0.000392924,37,3.4675
136821,107.6596,,,0.303807,0.000392921,37,0.325218
136850,107.6780,,,0.281188,0.000392918,37,0.321648
136879,107.6964,,,0.315608,0.000392915,37,0.342402
136908,107.7148,,,0.294701,0.000392912,37,0.349809
136937,107.7332,,,0.343891,0.000392909,37,0.414917
136966,107.7517,,,0.328248,0.000392906,37,0.369712
136995,107.7701,,,0.282131,0.000392903,37,1.77464
137024,107.7885,,,0.354556,0.0003929,37,0.406831
137053,107.8069,,,0.304768,0.000392897,37,0.372994
137082,107.8254,,,0.307258,0.000392894,37,0.211669
137111,107.8438,,,0.286882,0.000392891,37,0.299878
137140,107.8622,,,0.263367,0.000392888,37,0.241528
137169,107.8807,,,0.328976,0.000392885,37,0.331091
137198,107.8991,,,0.344914,0.000392882,37,0.385828
137227,107.9175,,,0.292562,0.000392879,37,0.414972
137256,107.9359,,,0.318071,0.000392876,37,0.2623
137285,107.9544,,,0.319612,0.000392873,37,0.272861
137314,107.9728,,,0.308011,0.00039287,37,0.269328
137343,107.9912,,,0.362578,0.000392867,37,0.407291
137372,108.0096,,,0.304929,0.000392864,37,0.60016
137401,108.0281,,,0.380691,0.000392861,37,0.630348
137430,108.0465,,,0.281755,0.000392858,37,0.366623
137459,108.0649,,,0.302069,0.000392855,37,0.508462
137488,108.0833,,,0.291801,0.000392852,37,0.369901
137517,108.1017,,,0.266646,0.000392849,37,0.339854
137546,108.1202,,,0.259586,0.000392846,37,0.294619
137575,108.1386,,,0.288251,0.000392843,37,0.549509
137604,108.1570,,,0.326869,0.00039284,37,0.37145
137633,108.1754,,,0.344394,0.000392837,37,0.536937
137662,108.1939,,,0.282689,0.000392834,37,0.322736
137691,108.2123,,,0.323841,0.000392831,37,0.335495
137720,108.2307,,,0.284506,0.000392828,37,0.411039
137749,108.2491,,,0.310019,0.000392825,37,0.27474
137778,108.2676,,,0.290246,0.000392822,37,0.339317
137807,108.2860,,,0.285893,0.000392819,37,0.300364
137836,108.3044,,,0.290329,0.000392816,37,0.270039
137865,108.3228,,,0.375218,0.000392813,37,0.652761
137894,108.3413,,,0.332899,0.00039281,37,0.360351
137923,108.3597,,,0.326394,0.000392807,37,0.382782
137952,108.3781,,,0.337763,0.000392804,37,0.476511
137977,108.9550,0.303341,0.310574,,,37,
137981,108.9580,,,0.310657,0.000392801,38,0.225852
138010,108.9764,,,0.356522,0.000392797,38,0.352311
138039,108.9948,,,0.309202,0.000392794,38,0.40932
138068,109.0132,,,0.289995,0.000392791,38,4.42914
138097,109.0316,,,0.339619,0.000392788,38,0.383228
138126,109.0500,,,0.322021,0.000392785,38,0.318952
138155,109.0684,,,0.289861,0.000392782,38,0.22195
138184,109.0869,,,0.301694,0.000392779,38,0.22289
138213,109.1053,,,0.328053,0.000392776,38,0.296042
138242,109.1237,,,0.295491,0.000392773,38,0.311375
138271,109.1421,,,0.302456,0.00039277,38,0.245293
138300,109.1605,,,0.316848,0.000392767,38,0.317482
138329,109.1789,,,0.316047,0.000392764,38,0.220166
138358,109.1974,,,0.332783,0.000392761,38,0.339955
138387,109.2158,,,0.295264,0.000392758,38,0.2046
138416,109.2342,,,0.294103,0.000392755,38,0.279059
138445,109.2526,,,0.305136,0.000392752,38,0.298266
138474,109.2710,,,0.285668,0.000392749,38,0.263632
138503,109.2895,,,0.293568,0.000392746,38,0.429808
138532,109.3079,,,0.297058,0.000392743,38,0.240939
138561,109.3263,,,0.284873,0.00039274,38,0.376844
138590,109.3448,,,0.313676,0.000392737,38,0.339197
138619,109.3632,,,0.355957,0.000392734,38,0.368855
138648,109.3816,,,0.314066,0.000392731,38,0.275543
138677,109.4000,,,0.274977,0.000392728,38,0.333758
138706,109.4184,,,0.325405,0.000392725,38,0.266804
138735,109.4368,,,0.320523,0.000392722,38,0.328886
138764,109.4553,,,0.352103,0.000392719,38,0.446784
138793,109.4737,,,0.332232,0.000392715,38,0.273015
138822,109.4921,,,0.314928,0.000392712,38,0.314018
138851,109.5106,,,0.284474,0.000392709,38,0.242079
138880,109.5290,,,0.309316,0.000392706,38,0.442254
138909,109.5474,,,0.342689,0.000392703,38,0.334353
138938,109.5658,,,0.320297,0.0003927,38,0.305036
138967,109.5842,,,0.298333,0.000392697,38,0.241568
138996,109.6027,,,0.295578,0.000392694,38,0.31057
139025,109.6211,,,0.272988,0.000392691,38,0.279843
139054,109.6395,,,0.303977,0.000392688,38,0.287896
139083,109.6580,,,0.279305,0.000392685,38,0.319843
139112,109.6764,,,0.306646,0.000392682,38,0.443624
139141,109.6948,,,0.27671,0.000392679,38,0.321804
139170,109.7132,,,0.30204,0.000392676,38,0.240302
139199,109.7316,,,0.276165,0.000392673,38,0.235783
139228,109.7501,,,0.370049,0.00039267,38,0.489677
139257,109.7685,,,0.341983,0.000392667,38,0.450953
139286,109.7869,,,0.283879,0.000392664,38,0.361016
139315,109.8054,,,0.307129,0.00039266,38,0.336412
139344,109.8238,,,0.247463,0.000392657,38,0.285261
139373,109.8422,,,0.304514,0.000392654,38,0.276859
139402,109.8607,,,0.286092,0.000392651,38,0.262583
139431,109.8791,,,0.293006,0.000392648,38,0.318141
139460,109.8975,,,0.299726,0.000392645,38,0.352304
139489,109.9159,,,0.304006,0.000392642,38,0.309863
139518,109.9343,,,0.325512,0.000392639,38,0.27823
139547,109.9528,,,0.299765,0.000392636,38,0.25908
139576,109.9712,,,0.287409,0.000392633,38,0.196166
139605,109.9896,,,0.286185,0.00039263,38,0.227532
139634,110.0080,,,0.338467,0.000392627,38,0.271133
139663,110.0265,,,0.286143,0.000392624,38,0.28521
139692,110.0449,,,0.321832,0.000392621,38,0.239275
139721,110.0633,,,0.289252,0.000392618,38,0.239808
139750,110.0818,,,0.295079,0.000392615,38,0.236907
139779,110.1002,,,0.314263,0.000392611,38,0.872265
139808,110.1186,,,0.378479,0.000392608,38,0.370466
139837,110.1371,,,0.272912,0.000392605,38,0.348376
139866,110.1555,,,0.296386,0.000392602,38,0.264287
139895,110.1739,,,0.360258,0.000392599,38,0.330612
139924,110.1924,,,0.289927,0.000392596,38,0.652008
139953,110.2108,,,0.288142,0.000392593,38,0.380552
139982,110.2292,,,0.341441,0.00039259,38,0.25167
140011,110.2476,,,0.293,0.000392587,38,0.356796
140040,110.2661,,,0.281308,0.000392584,38,0.350928
140069,110.2845,,,0.287779,0.000392581,38,0.264051
140098,110.3029,,,0.318621,0.000392578,38,0.332365
140127,110.3213,,,0.273994,0.000392575,38,0.312899
140156,110.3397,,,0.2935,0.000392572,38,0.315239
140185,110.3581,,,0.267572,0.000392568,38,0.470853
140214,110.3765,,,0.337819,0.000392565,38,0.345807
140243,110.3949,,,0.30928,0.000392562,38,0.270544
140272,110.4133,,,0.302681,0.000392559,38,1.20238
140301,110.4317,,,0.351352,0.000392556,38,0.381722
140330,110.4501,,,0.285242,0.000392553,38,0.213183
140359,110.4686,,,0.235862,0.00039255,38,0.268839
140388,110.4870,,,0.314532,0.000392547,38,0.275201
140417,110.5054,,,0.304307,0.000392544,38,0.349926
140446,110.5238,,,0.358132,0.000392541,38,0.266285
140475,110.5423,,,0.309596,0.000392538,38,0.329224
140504,110.5607,,,0.300762,0.000392535,38,0.25816
140533,110.5791,,,0.302379,0.000392531,38,0.252946
140562,110.5975,,,0.309372,0.000392528,38,0.353372
140591,110.6160,,,0.270972,0.000392525,38,0.257012
140620,110.6344,,,0.229554,0.000392522,38,0.209993
140649,110.6528,,,0.263434,0.000392519,38,0.22814
140678,110.6712,,,0.376958,0.000392516,38,0.395672
140707,110.6896,,,0.300668,0.000392513,38,0.255123
140736,110.7080,,,0.28875,0.00039251,38,0.332919
140765,110.7265,,,0.328938,0.000392507,38,0.398064
140794,110.7449,,,0.305369,0.000392504,38,0.274097
140823,110.7634,,,0.272178,0.000392501,38,0.202609
140852,110.7818,,,0.314167,0.000392497,38,0.263881
140881,110.8002,,,0.327975,0.000392494,38,0.422972
140910,110.8186,,,0.301347,0.000392491,38,0.264689
140939,110.8371,,,0.245794,0.000392488,38,0.22868
140968,110.8555,,,0.266467,0.000392485,38,0.216602
140997,110.8739,,,0.3011,0.000392482,38,0.296423
141026,110.8923,,,0.339633,0.000392479,38,0.228668
141055,110.9107,,,0.330896,0.000392476,38,0.337361
141084,110.9291,,,0.265645,0.000392473,38,0.246254
141113,110.9475,,,0.318007,0.00039247,38,0.358648
141142,110.9659,,,0.261223,0.000392467,38,0.265317
141171,110.9842,,,0.315688,0.000392463,38,0.299915
141200,111.0026,,,0.299272,0.00039246,38,0.332379
141229,111.0210,,,0.376544,0.000392457,38,0.395516
141258,111.0394,,,0.328908,0.000392454,38,0.339041
141287,111.0577,,,0.294155,0.000392451,38,0.294349
141316,111.0761,,,0.259041,0.000392448,38,0.268591
141345,111.0945,,,0.299933,0.000392445,38,0.442384
141374,111.1129,,,0.287752,0.000392442,38,0.216049
141403,111.1312,,,0.417966,0.000392439,38,0.418146
141432,111.1496,,,0.247735,0.000392436,38,0.292421
141461,111.1680,,,0.24097,0.000392432,38,0.271471
141490,111.1864,,,0.324542,0.000392429,38,0.35065
141519,111.2048,,,0.317507,0.000392426,38,0.291993
141548,111.2232,,,0.306881,0.000392423,38,0.225252
141577,111.2417,,,0.281689,0.00039242,38,0.288304
141606,111.2601,,,0.36549,0.000392417,38,0.364455
141608,111.8224,0.302013,0.307957,,,38,
141635,111.8400,,,0.310263,0.000392414,39,0.305744
141664,111.8584,,,0.333266,0.000392411,39,0.364717
141693,111.8769,,,0.257977,0.000392408,39,0.202423
141722,111.8953,,,0.31736,0.000392404,39,0.274836
141751,111.9137,,,0.299164,0.000392401,39,0.249233
141780,111.9321,,,0.323638,0.000392398,39,0.328503
141809,111.9505,,,0.3294,0.000392395,39,0.27258
141838,111.9689,,,0.312792,0.000392392,39,0.317244
141867,111.9873,,,0.311533,0.000392389,39,0.309993
141896,112.0058,,,0.303806,0.000392386,39,0.275635
141925,112.0242,,,0.308633,0.000392383,39,0.338619
141954,112.0426,,,0.298699,0.00039238,39,0.237291
141983,112.0610,,,0.283302,0.000392376,39,0.28367
142012,112.0794,,,0.370914,0.000392373,39,0.291861
142041,112.0978,,,0.276856,0.00039237,39,0.236545
142070,112.1162,,,0.263745,0.000392367,39,0.26011
142099,112.1346,,,0.306839,0.000392364,39,0.317224
142128,112.1531,,,0.324886,0.000392361,39,0.262949
142157,112.1715,,,0.264269,0.000392358,39,0.288751
142186,112.1899,,,0.356369,0.000392355,39,0.384018
142215,112.2083,,,0.309235,0.000392352,39,0.227105
142244,112.2267,,,0.297653,0.000392348,39,0.273339
142273,112.2451,,,0.360737,0.000392345,39,0.390493
142302,112.2635,,,0.309222,0.000392342,39,0.311937
142331,112.2819,,,0.326606,0.000392339,39,0.256925
142360,112.3004,,,0.363387,0.000392336,39,0.358689
142389,112.3188,,,0.310488,0.000392333,39,0.265931
142418,112.3372,,,0.322797,0.00039233,39,0.318702
142447,112.3556,,,0.365235,0.000392327,39,0.457631
142476,112.3740,,,0.307403,0.000392323,39,0.318753
142505,112.3925,,,0.332118,0.00039232,39,0.329499
142534,112.4109,,,0.286481,0.000392317,39,0.232346
142563,112.4293,,,0.361963,0.000392314,39,0.387924
142592,112.4477,,,0.483971,0.000392311,39,0.749656
142621,112.4661,,,0.337228,0.000392308,39,0.3048
142650,112.4845,,,0.26525,0.000392305,39,0.382099
142679,112.5030,,,0.313947,0.000392301,39,0.329475
142708,112.5214,,,0.289611,0.000392298,39,0.273938
142737,112.5398,,,0.280438,0.000392295,39,0.245633
142766,112.5582,,,0.263337,0.000392292,39,0.196647
142795,112.5766,,,0.278387,0.000392289,39,0.409502
142824,112.5951,,,0.369997,0.000392286,39,0.499054
142853,112.6135,,,0.281998,0.000392283,39,0.23952
142882,112.6319,,,0.287713,0.00039228,39,0.290983
142911,112.6503,,,0.299607,0.000392276,39,0.358341
142940,112.6687,,,0.272506,0.000392273,39,0.339922
142969,112.6871,,,0.354774,0.00039227,39,0.489731
142998,112.7056,,,0.358252,0.000392267,39,0.61911
143027,112.7240,,,0.349016,0.000392264,39,0.34086
143056,112.7424,,,0.297295,0.000392261,39,0.300772
143085,112.7608,,,0.333551,0.000392258,39,0.277808
143114,112.7792,,,0.314252,0.000392254,39,0.427117
143143,112.7976,,,0.316714,0.000392251,39,0.408219
143172,112.8161,,,0.299482,0.000392248,39,0.325241
143201,112.8345,,,0.319463,0.000392245,39,0.345184
143230,112.8529,,,0.289287,0.000392242,39,0.298937
143259,112.8713,,,0.302517,0.000392239,39,0.277735
143288,112.8897,,,0.299979,0.000392236,39,0.285204
143317,112.9081,,,0.322603,0.000392232,39,0.409486
143346,112.9266,,,0.315743,0.000392229,39,0.40726
143375,112.9450,,,0.264532,0.000392226,39,0.350749
143404,112.9634,,,0.314907,0.000392223,39,0.344216
143433,112.9818,,,0.345516,0.00039222,39,2.12813
143462,113.0002,,,0.351623,0.000392217,39,0.425369
143491,113.0187,,,0.298212,0.000392214,39,0.385637
143520,113.0371,,,0.266466,0.00039221,39,0.297393
143549,113.0555,,,0.310678,0.000392207,39,0.249381
143578,113.0739,,,0.314703,0.000392204,39,0.239134
143607,113.0923,,,0.307514,0.000392201,39,0.426213
143636,113.1108,,,0.294433,0.000392198,39,0.235708
143665,113.1292,,,0.269038,0.000392195,39,0.228229
143694,113.1476,,,0.345638,0.000392191,39,0.406393
143723,113.1660,,,0.332628,0.000392188,39,0.292243
143752,113.1844,,,0.291827,0.000392185,39,0.250645
143781,113.2028,,,0.34478,0.000392182,39,0.285828
143810,113.2212,,,0.32767,0.000392179,39,0.49478
143839,113.2396,,,0.29417,0.000392176,39,0.311667
143868,113.2580,,,0.335484,0.000392173,39,0.40422
143897,113.2766,,,0.279707,0.000392169,39,0.264773
143926,113.2952,,,0.341876,0.000392166,39,0.369133
143955,113.3138,,,0.332999,0.000392163,39,0.287872
143984,113.3325,,,0.298871,0.00039216,39,0.280475
144013,113.3511,,,0.263405,0.000392157,39,0.301066
144042,113.3697,,,0.287794,0.000392154,39,0.240417
144071,113.3884,,,0.334831,0.00039215,39,0.675883
144100,113.4070,,,0.313612,0.000392147,39,0.317335
144129,113.4257,,,0.321393,0.000392144,39,0.341992
144158,113.4443,,,0.298296,0.000392141,39,0.303904
144187,113.4629,,,0.335902,0.000392138,39,0.355157
144216,113.4816,,,0.325027,0.000392135,39,0.357537
144245,113.5002,,,0.299338,0.000392131,39,0.426146
144274,113.5189,,,0.273664,0.000392128,39,0.369948
144303,113.5375,,,0.257304,0.000392125,39,0.215952
144332,113.5561,,,0.34016,0.000392122,39,0.967585
144361,113.5748,,,0.258957,0.000392119,39,0.25126
144390,113.5934,,,0.295001,0.000392116,39,0.484919
144419,113.6121,,,0.311097,0.000392112,39,0.273637
144448,113.6307,,,0.313855,0.000392109,39,0.196105
144477,113.6493,,,0.344251,0.000392106,39,0.289036
144506,113.6680,,,0.300196,0.000392103,39,0.279621
144535,113.6866,,,0.307687,0.0003921,39,0.375867
144564,113.7052,,,0.2771,0.000392097,39,0.322564
144593,113.7239,,,0.303911,0.000392093,39,0.283219
144622,113.7425,,,0.323942,0.00039209,39,0.325131
144651,113.7611,,,0.211449,0.000392087,39,0.226435
144680,113.7798,,,0.361734,0.000392084,39,0.244983
144709,113.7984,,,0.331304,0.000392081,39,0.29375
144738,113.8170,,,0.279271,0.000392078,39,0.247973
144767,113.8356,,,0.328061,0.000392074,39,0.303082
144796,113.8542,,,0.307194,0.000392071,39,0.247495
144825,113.8728,,,0.283482,0.000392068,39,0.213407
144854,113.8915,,,0.322022,0.000392065,39,0.295929
144883,113.9101,,,0.308681,0.000392062,39,0.266716
144912,113.9286,,,0.310864,0.000392059,39,0.330297
144941,113.9470,,,0.356528,0.000392055,39,0.351901
144970,113.9654,,,0.25695,0.000392052,39,0.258256
144999,113.9839,,,0.292583,0.000392049,39,0.321885
145028,114.0023,,,0.316475,0.000392046,39,0.250811
145057,114.0207,,,0.316788,0.000392043,39,0.28053
145086,114.0391,,,0.307371,0.000392039,39,0.24305
145115,114.0575,,,0.383595,0.000392036,39,0.498343
145144,114.0759,,,0.365486,0.000392033,39,0.3553
145173,114.0944,,,0.317856,0.00039203,39,0.231814
145202,114.1128,,,0.297158,0.000392027,39,0.259785
145231,114.1312,,,0.355847,0.000392024,39,0.356734
145239,114.6973,0.305806,0.306426,,,39,
145260,114.7110,,,0.298275,0.00039202,40,0.476372
145289,114.7295,,,0.275157,0.000392017,40,0.237039
145318,114.7479,,,0.347995,0.000392014,40,0.282766
145347,114.7663,,,0.382564,0.000392011,40,0.272635
145376,114.7847,,,0.327483,0.000392008,40,0.493576
145405,114.8032,,,0.364012,0.000392004,40,0.379657
145434,114.8216,,,0.27225,0.000392001,40,0.2742
145463,114.8400,,,0.317046,0.000391998,40,0.332211
145492,114.8584,,,0.298614,0.000391995,40,0.300477
145521,114.8769,,,0.321049,0.000391992,40,0.511129
145550,114.8953,,,0.305255,0.000391988,40,0.332094
145579,114.9137,,,0.275287,0.000391985,40,0.246148
145608,114.9321,,,0.32017,0.000391982,40,0.617727
145637,114.9505,,,0.254179,0.000391979,40,0.200844
145666,114.9689,,,0.293405,0.000391976,40,0.246881
145695,114.9873,,,0.299411,0.000391972,40,0.298653
145724,115.0058,,,0.312857,0.000391969,40,0.28082
145753,115.0242,,,0.256504,0.000391966,40,0.20869
145782,115.0426,,,0.264805,0.000391963,40,0.196525
145811,115.0610,,,0.276854,0.00039196,40,0.302828
145840,115.0794,,,0.327122,0.000391956,40,0.345836
145869,115.0979,,,0.311039,0.000391953,40,0.296702
145898,115.1163,,,0.328647,0.00039195,40,0.29783
145927,115.1347,,,0.265875,0.000391947,40,0.33613
145956,115.1531,,,0.251438,0.000391944,40,0.246113
145985,115.1715,,,0.269054,0.00039194,40,0.246372
146014,115.1899,,,0.277131,0.000391937,40,0.22038
146043,115.2083,,,0.313212,0.000391934,40,0.44218
146072,115.2268,,,0.323397,0.000391931,40,0.341898
146101,115.2452,,,0.298884,0.000391928,40,0.806183
146130,115.2636,,,0.36022,0.000391924,40,0.295797
146159,115.2820,,,0.273054,0.000391921,40,0.283793
146188,115.3004,,,0.353603,0.000391918,40,0.310639
146217,115.3188,,,0.291153,0.000391915,40,0.501968
146246,115.3373,,,0.251595,0.000391912,40,3.33549
146275,115.3557,,,0.295371,0.000391908,40,0.288037
146304,115.3741,,,0.279122,0.000391905,40,0.31477
146333,115.3925,,,0.279548,0.000391902,40,0.281782
146362,115.4109,,,0.334714,0.000391899,40,0.304694
146391,115.4293,,,0.365222,0.000391896,40,0.764506
146420,115.4478,,,0.28103,0.000391892,40,0.30259
146449,115.4662,,,0.297188,0.000391889,40,0.3238
146478,115.4846,,,0.281352,0.000391886,40,0.231808
146507,115.5030,,,0.326919,0.000391883,40,0.309051
146536,115.5214,,,0.328301,0.000391879,40,0.3421
146565,115.5398,,,0.30874,0.000391876,40,0.318056
146594,115.5583,,,0.288235,0.000391873,40,0.232089
146623,115.5767,,,0.280555,0.00039187,40,0.242473
146652,115.5951,,,0.268858,0.000391867,40,0.253751
146681,115.6135,,,0.293527,0.000391863,40,0.234704
146710,115.6319,,,0.309202,0.00039186,40,0.36735
146739,115.6503,,,0.286448,0.000391857,40,0.308969
146768,115.6688,,,0.293539,0.000391854,40,0.276154
146797,115.6872,,,0.379323,0.000391851,40,0.292323
146826,115.7056,,,0.384594,0.000391847,40,0.402489
146855,115.7240,,,0.298161,0.000391844,40,0.27957
146884,115.7424,,,0.278813,0.000391841,40,0.286141
146913,115.7608,,,0.358891,0.000391838,40,0.311046
146942,115.7792,,,0.359459,0.000391834,40,0.305071
146971,115.7976,,,0.31899,0.000391831,40,0.244423
147000,115.8161,,,0.305162,0.000391828,40,0.304518
147029,115.8345,,,0.326821,0.000391825,40,0.278089
147058,115.8529,,,0.297446,0.000391822,40,0.219613
147087,115.8713,,,0.29091,0.000391818,40,0.223663
147116,115.8897,,,0.347951,0.000391815,40,0.365559
147145,115.9081,,,0.317277,0.000391812,40,0.365838
147174,115.9266,,,0.294569,0.000391809,40,0.305769
147203,115.9450,,,0.283895,0.000391805,40,0.32713
147232,115.9634,,,0.297141,0.000391802,40,0.310194
147261,115.9818,,,0.322922,0.000391799,40,0.257485
147290,116.0002,,,0.266752,0.000391796,40,0.189363
147319,116.0186,,,0.344953,0.000391793,40,0.39502
147348,116.0370,,,0.3565,0.000391789,40,0.390842
147377,116.0555,,,0.278545,0.000391786,40,0.358777
147406,116.0739,,,0.295188,0.000391783,40,0.393686
147435,116.0923,,,0.32707,0.00039178,40,0.292854
147464,116.1107,,,0.320635,0.000391776,40,0.575257
147493,116.1291,,,0.294052,0.000391773,40,0.422422
147522,116.1475,,,0.271619,0.00039177,40,0.246269
147551,116.1659,,,0.27612,0.000391767,40,0.2883
147580,116.1843,,,0.358181,0.000391763,40,0.433857
147609,116.2027,,,0.316925,0.00039176,40,1.30034
147638,116.2211,,,0.296336,0.000391757,40,0.337291
147667,116.2396,,,0.285553,0.000391754,40,0.329989
147696,116.2579,,,0.276845,0.00039175,40,0.214607
147725,116.2764,,,0.266711,0.000391747,40,0.299105
147754,116.2948,,,0.307171,0.000391744,40,0.274874
147783,116.3132,,,0.303049,0.000391741,40,0.313837
147812,116.3316,,,0.320288,0.000391737,40,0.322074
147841,116.3501,,,0.283912,0.000391734,40,0.277893
147870,116.3685,,,0.315197,0.000391731,40,0.275915
147899,116.3869,,,0.296307,0.000391728,40,0.276273
147928,116.4053,,,0.234718,0.000391725,40,0.306283
147957,116.4237,,,0.288542,0.000391721,40,0.272391
147986,116.4421,,,0.307814,0.000391718,40,0.31304
148015,116.4605,,,0.37933,0.000391715,40,6.22919
148044,116.4790,,,0.303513,0.000391712,40,0.292179
148073,116.4974,,,0.313384,0.000391708,40,0.363661
148102,116.5158,,,0.297995,0.000391705,40,0.398385
148131,116.5342,,,0.334212,0.000391702,40,0.389153
148160,116.5526,,,0.276592,0.000391699,40,0.266723
148189,116.5710,,,0.296853,0.000391695,40,0.324814
148218,116.5895,,,0.27296,0.000391692,40,0.367312
148247,116.6079,,,0.258581,0.000391689,40,0.339167
148276,116.6263,,,0.290287,0.000391686,40,0.279733
148305,116.6447,,,0.311381,0.000391682,40,0.604836
148334,116.6631,,,0.286093,0.000391679,40,0.328553
148363,116.6815,,,0.256006,0.000391676,40,0.337147
148392,116.6998,,,0.262441,0.000391673,40,0.219146
148421,116.7183,,,0.286843,0.000391669,40,0.353071
148450,116.7367,,,0.363402,0.000391666,40,0.456454
148479,116.7551,,,0.281569,0.000391663,40,0.249628
148508,116.7735,,,0.244087,0.00039166,40,0.304769
148537,116.7919,,,0.413931,0.000391656,40,0.587759
148566,116.8103,,,0.318975,0.000391653,40,0.334196
148595,116.8287,,,0.274481,0.00039165,40,0.302693
148624,116.8471,,,0.303238,0.000391646,40,0.21466
148653,116.8655,,,0.276704,0.000391643,40,0.271461
148682,116.8839,,,0.291675,0.00039164,40,0.247457
148711,116.9023,,,0.31935,0.000391637,40,0.300918
148740,116.9207,,,0.274415,0.000391633,40,0.341643
148769,116.9391,,,0.340631,0.00039163,40,0.264466
148798,116.9575,,,0.352088,0.000391627,40,0.277395
148827,116.9759,,,0.269459,0.000391624,40,0.373521
148856,116.9943,,,0.295614,0.00039162,40,0.261141
148870,117.5639,0.301579,0.306924,,,40,
148885,117.5739,,,0.291529,0.000391617,41,0.289612
148914,117.5923,,,0.359007,0.000391614,41,0.427662
148943,117.6107,,,0.329017,0.000391611,41,0.501544
148972,117.6291,,,0.249643,0.000391607,41,0.29303
149001,117.6475,,,0.348987,0.000391604,41,0.516456
149030,117.6659,,,0.300185,0.000391601,41,0.292838
149059,117.6843,,,0.275678,0.000391598,41,0.247882
149088,117.7027,,,0.34145,0.000391594,41,0.47953
149117,117.7212,,,0.315301,0.000391591,41,0.299914
149146,117.7396,,,0.319424,0.000391588,41,0.328708
149175,117.7580,,,0.295289,0.000391584,41,0.20616
149204,117.7764,,,0.350902,0.000391581,41,0.333559
149233,117.7948,,,0.325552,0.000391578,41,0.313307
149262,117.8132,,,0.27408,0.000391575,41,0.349409
149291,117.8316,,,0.306236,0.000391571,41,0.363166
149320,117.8500,,,0.320964,0.000391568,41,0.397852
149349,117.8683,,,0.266881,0.000391565,41,0.190434
149378,117.8868,,,0.312948,0.000391562,41,0.332051
149407,117.9051,,,0.256935,0.000391558,41,0.222514
149436,117.9235,,,0.273782,0.000391555,41,0.271928
149465,117.9419,,,0.332759,0.000391552,41,0.318541
149494,117.9603,,,0.305658,0.000391548,41,0.330255
149523,117.9787,,,0.243802,0.000391545,41,0.299443
149552,117.9971,,,0.318836,0.000391542,41,0.320455
149581,118.0155,,,0.337089,0.000391539,41,0.273089
149610,118.0339,,,0.320171,0.000391535,41,0.291216
149639,118.0522,,,0.309018,0.000391532,41,0.284373
149668,118.0706,,,0.351606,0.000391529,41,0.388056
149697,118.0890,,,0.259735,0.000391525,41,0.247442
149726,118.1074,,,0.280742,0.000391522,41,0.259599
149755,118.1257,,,0.271395,0.000391519,41,4.13905
149784,118.1441,,,0.308333,0.000391516,41,0.241735
149813,118.1624,,,0.275981,0.000391512,41,0.278304
149842,118.1808,,,0.28924,0.000391509,41,0.326119
149871,118.1991,,,0.289344,0.000391506,41,0.267449
149900,118.2175,,,0.290829,0.000391502,41,0.261337
149929,118.2358,,,0.29296,0.000391499,41,0.521443
149958,118.2542,,,0.314275,0.000391496,41,0.289916
149987,118.2726,,,0.318606,0.000391493,41,0.281519
150016,118.2910,,,0.342283,0.000391489,41,0.324446
150045,118.3094,,,0.320621,0.000391486,41,0.260403
150074,118.3278,,,0.253402,0.000391483,41,0.180975
150103,118.3462,,,0.315629,0.000391479,41,0.226134
150132,118.3646,,,0.340493,0.000391476,41,0.281793
150161,118.3830,,,0.312104,0.000391473,41,0.243066
150190,118.4014,,,0.281832,0.00039147,41,0.287863
150219,118.4198,,,0.312296,0.000391466,41,0.213946
150248,118.4382,,,0.309859,0.000391463,41,4.79321
150277,118.4566,,,0.294707,0.00039146,41,0.306606
150306,118.4750,,,0.323153,0.000391456,41,0.314393
150335,118.4937,,,0.326465,0.000391453,41,0.448712
150364,118.5123,,,0.352855,0.00039145,41,0.296673
150393,118.5309,,,0.281412,0.000391447,41,0.214191
150422,118.5495,,,0.300989,0.000391443,41,0.282965
150451,118.5681,,,0.305322,0.00039144,41,0.273568
150480,118.5873,,,0.250551,0.000391437,41,0.250788
150509,118.6064,,,0.232539,0.000391433,41,0.235367
150538,118.6254,,,0.280381,0.00039143,41,0.219113
150567,118.6441,,,0.305105,0.000391427,41,0.277061
150596,118.6633,,,0.296932,0.000391423,41,0.309019
150625,118.6824,,,0.330512,0.00039142,41,0.275476
150654,118.7017,,,0.290614,0.000391417,41,0.187968
150683,118.7208,,,0.32378,0.000391414,41,0.350618
150712,118.7399,,,0.392449,0.00039141,41,0.612792
150741,118.7591,,,0.350506,0.000391407,41,0.394279
150770,118.7783,,,0.32831,0.000391404,41,0.280156
150799,118.7977,,,0.328401,0.0003914,41,0.353382
150828,118.8167,,,0.319597,0.000391397,41,0.297046
150857,118.8358,,,0.323914,0.000391394,41,0.414115
150886,118.8549,,,0.307854,0.00039139,41,0.334031
150915,118.8740,,,0.289359,0.000391387,41,0.276342
150944,118.8932,,,0.328186,0.000391384,41,0.286141
150973,118.9124,,,0.260036,0.00039138,41,0.252099
151002,118.9314,,,0.319654,0.000391377,41,0.304023
151031,118.9505,,,0.24798,0.000391374,41,0.254454
151060,118.9696,,,0.268466,0.000391371,41,0.25099
151089,118.9886,,,0.255906,0.000391367,41,0.251309
151118,119.0079,,,0.261493,0.000391364,41,0.306423
151147,119.0270,,,0.349343,0.000391361,41,0.286409
151176,119.0461,,,0.265184,0.000391357,41,0.401929
151205,119.0651,,,0.361941,0.000391354,41,0.335403
151234,119.0842,,,0.280615,0.000391351,41,0.209491
151263,119.1033,,,0.276555,0.000391347,41,0.232166
151292,119.1224,,,0.263024,0.000391344,41,0.266697
151321,119.1415,,,0.312259,0.000391341,41,0.335455
151350,119.1606,,,0.327533,0.000391337,41,0.425989
151379,119.1796,,,0.252164,0.000391334,41,0.295273
151408,119.1990,,,0.335588,0.000391331,41,0.332359
151437,119.2182,,,0.323199,0.000391327,41,0.327477
151466,119.2373,,,0.293315,0.000391324,41,0.260828
151495,119.2564,,,0.279089,0.000391321,41,0.243382
151524,119.2754,,,0.3021,0.000391317,41,0.264967
151553,119.2944,,,0.311126,0.000391314,41,0.378456
151582,119.3135,,,0.33037,0.000391311,41,0.35128
151611,119.3324,,,0.328909,0.000391307,41,0.320607
151640,119.3512,,,0.277517,0.000391304,41,0.188507
151669,119.3698,,,0.347381,0.000391301,41,0.330042
151698,119.3885,,,0.34113,0.000391298,41,0.336514
151727,119.4071,,,0.309398,0.000391294,41,0.331724
151756,119.4256,,,0.301796,0.000391291,41,0.273823
151785,119.4443,,,0.311094,0.000391288,41,0.298385
151814,119.4628,,,0.386805,0.000391284,41,0.559546
151843,119.4815,,,0.270633,0.000391281,41,0.215346
151872,119.5001,,,0.288565,0.000391278,41,0.308233
151901,119.5187,,,0.288437,0.000391274,41,0.210436
151930,119.5374,,,0.293441,0.000391271,41,0.202966
151959,119.5558,,,0.338553,0.000391268,41,0.463593
151988,119.5742,,,0.305728,0.000391264,41,0.422954
152017,119.5927,,,0.311712,0.000391261,41,0.310406
152046,119.6111,,,0.379345,0.000391258,41,0.42937
152075,119.6295,,,0.298699,0.000391254,41,0.665783
152104,119.6479,,,0.307871,0.000391251,41,0.277085
152133,119.6663,,,0.361281,0.000391248,41,0.337304
152162,119.6848,,,0.334475,0.000391244,41,0.434489
152191,119.7032,,,0.384767,0.000391241,41,0.422536
152220,119.7216,,,0.316368,0.000391238,41,0.309393
152249,119.7400,,,0.300016,0.000391234,41,0.446906
152278,119.7584,,,0.296205,0.000391231,41,0.262128
152307,119.7768,,,0.240689,0.000391228,41,0.18813
152336,119.7953,,,0.297229,0.000391224,41,0.331308
152365,119.8137,,,0.273102,0.000391221,41,0.286402
152394,119.8321,,,0.305269,0.000391218,41,0.384239
152423,119.8505,,,0.224076,0.000391214,41,0.251836
152452,119.8689,,,0.278997,0.000391211,41,0.37896
152481,119.8874,,,0.289489,0.000391208,41,0.532903
152501,120.4609,0.308895,0.306532,,,41,
152510,120.4671,,,0.378816,0.000391204,42,0.690974
152539,120.4855,,,0.28691,0.000391201,42,0.287322
152568,120.5039,,,0.298738,0.000391198,42,0.328827
152597,120.5224,,,0.287728,0.000391194,42,0.307198
152626,120.5408,,,0.262306,0.000391191,42,0.394767
152655,120.5592,,,0.286577,0.000391187,42,0.301149
152684,120.5776,,,0.300835,0.000391184,42,0.244334
152713,120.5960,,,0.34556,0.000391181,42,0.4309
152742,120.6144,,,0.301858,0.000391177,42,0.285027
152771,120.6329,,,0.328514,0.000391174,42,0.284602
152800,120.6513,,,0.333129,0.000391171,42,0.391695
152829,120.6697,,,0.319144,0.000391167,42,0.539039
152858,120.6881,,,0.322653,0.000391164,42,0.421703
152887,120.7066,,,0.310901,0.000391161,42,0.354591
152916,120.7250,,,0.305037,0.000391157,42,0.286089
152945,120.7434,,,0.310773,0.000391154,42,1.71382
152974,120.7618,,,0.353061,0.000391151,42,0.422399
153003,120.7802,,,0.337883,0.000391147,42,0.432686
153032,120.7985,,,0.272774,0.000391144,42,0.25639
153061,120.8169,,,0.370519,0.000391141,42,0.341829
153090,120.8353,,,0.336365,0.000391137,42,0.401439
153119,120.8538,,,0.304824,0.000391134,42,0.288315
153148,120.8722,,,0.317536,0.000391131,42,0.818072
153177,120.8906,,,0.315592,0.000391127,42,0.440008
153206,120.9090,,,0.25181,0.000391124,42,0.266861
153235,120.9274,,,0.297113,0.00039112,42,0.297049
153264,120.9458,,,0.334064,0.000391117,42,0.40604
153293,120.9642,,,0.3415,0.000391114,42,0.606987
153322,120.9826,,,0.32435,0.00039111,42,0.401883
153351,121.0010,,,0.374338,0.000391107,42,0.472063
153380,121.0195,,,0.32451,0.000391104,42,0.345901
153409,121.0379,,,0.280059,0.0003911,42,0.261516
153438,121.0563,,,0.3178,0.000391097,42,0.446884
153467,121.0747,,,0.336189,0.000391094,42,0.559853
153496,121.0931,,,0.320958,0.00039109,42,0.441072
153525,121.1115,,,0.274918,0.000391087,42,0.347305
153554,121.1299,,,0.238759,0.000391083,42,0.443141
153583,121.1483,,,0.379043,0.00039108,42,1.35824
153612,121.1668,,,0.305244,0.000391077,42,0.573219
153641,121.1852,,,0.277026,0.000391073,42,0.390688
153670,121.2036,,,0.298641,0.00039107,42,0.296532
153699,121.2220,,,0.334407,0.000391067,42,0.483101
153728,121.2404,,,0.294566,0.000391063,42,0.303518
153757,121.2588,,,0.283828,0.00039106,42,0.243537
153786,121.2772,,,0.288487,0.000391057,42,0.281285
153815,121.2956,,,0.336103,0.000391053,42,5.90505
153844,121.3140,,,0.277456,0.00039105,42,0.249275
153873,121.3324,,,0.320134,0.000391046,42,0.283337
153902,121.3508,,,0.32414,0.000391043,42,0.327107
153931,121.3692,,,0.289989,0.00039104,42,1.30888
153960,121.3877,,,0.277581,0.000391036,42,0.355267
153989,121.4061,,,0.324398,0.000391033,42,0.350373
154018,121.4245,,,0.292791,0.00039103,42,0.248047
154047,121.4429,,,0.340091,0.000391026,42,0.333883
154076,121.4613,,,0.254167,0.000391023,42,0.327801
154105,121.4797,,,0.290657,0.000391019,42,0.355863
154134,121.4981,,,0.299636,0.000391016,42,0.329327
154163,121.5165,,,0.27719,0.000391013,42,0.900417
154192,121.5349,,,0.310696,0.000391009,42,0.40107
154221,121.5533,,,0.265778,0.000391006,42,0.346459
154250,121.5717,,,0.296818,0.000391003,42,0.316271
154279,121.5902,,,0.293408,0.000390999,42,0.276978
154308,121.6086,,,0.292756,0.000390996,42,0.276121
154337,121.6270,,,0.3793,0.000390992,42,0.501215
154366,121.6454,,,0.329324,0.000390989,42,0.474077
154395,121.6638,,,0.330344,0.000390986,42,0.76934
154424,121.6822,,,0.303214,0.000390982,42,0.413391
154453,121.7007,,,0.285536,0.000390979,42,0.366855
154482,121.7191,,,0.330587,0.000390975,42,0.364448
154511,121.7375,,,0.273387,0.000390972,42,0.282885
154540,121.7559,,,0.323101,0.000390969,42,0.341926
154569,121.7743,,,0.299278,0.000390965,42,0.354212
154598,121.7928,,,0.3232,0.000390962,42,0.439582
154627,121.8112,,,0.279184,0.000390959,42,0.261542
154656,121.8296,,,0.312716,0.000390955,42,0.348843
154685,121.8480,,,0.283095,0.000390952,42,0.24097
154714,121.8664,,,0.366668,0.000390948,42,0.368923
154743,121.8848,,,0.270982,0.000390945,42,0.235895
154772,121.9032,,,0.28808,0.000390942,42,0.594534
154801,121.9217,,,0.322857,0.000390938,42,0.35458
154830,121.9401,,,0.311427,0.000390935,42,0.336538
154859,121.9585,,,0.336924,0.000390931,42,0.421687
154888,121.9769,,,0.340852,0.000390928,42,0.359899
154917,121.9953,,,0.338194,0.000390925,42,0.334961
154946,122.0137,,,0.304014,0.000390921,42,0.392624
154975,122.0321,,,0.302901,0.000390918,42,0.330949
155004,122.0505,,,0.273716,0.000390914,42,0.385012
155033,122.0689,,,0.328038,0.000390911,42,0.477238
155062,122.0873,,,0.29739,0.000390908,42,0.353457
155091,122.1058,,,0.375075,0.000390904,42,0.476118
155120,122.1242,,,0.3138,0.000390901,42,0.385365
155149,122.1426,,,0.304836,0.000390897,42,0.308022
155178,122.1610,,,0.253224,0.000390894,42,0.334481
155207,122.1794,,,0.319177,0.000390891,42,0.394919
155236,122.1978,,,0.318427,0.000390887,42,0.392543
155265,122.2163,,,0.31592,0.000390884,42,0.419571
155294,122.2347,,,0.336034,0.00039088,42,0.425361
155323,122.2531,,,0.273521,0.000390877,42,0.37643
155352,122.2716,,,0.290068,0.000390874,42,0.294302
155381,122.2900,,,0.312689,0.00039087,42,0.47312
155410,122.3084,,,0.343238,0.000390867,42,0.525545
155439,122.3269,,,0.327266,0.000390863,42,0.271615
155468,122.3453,,,0.288317,0.00039086,42,1.28692
155497,122.3637,,,0.270712,0.000390857,42,0.431055
155526,122.3821,,,0.359216,0.000390853,42,0.429297
155555,122.4006,,,0.27631,0.00039085,42,0.200949
155584,122.4190,,,0.291425,0.000390846,42,0.340074
155613,122.4374,,,0.292524,0.000390843,42,0.315651
155642,122.4558,,,0.296899,0.00039084,42,0.310462
155671,122.4742,,,0.259638,0.000390836,42,0.220553
155700,122.4926,,,0.333461,0.000390833,42,0.391544
155729,122.5110,,,0.255996,0.000390829,42,0.292929
155758,122.5295,,,0.314243,0.000390826,42,0.332895
155787,122.5479,,,0.387165,0.000390823,42,1.71684
155816,122.5663,,,0.247615,0.000390819,42,0.237212
155845,122.5847,,,0.289039,0.000390816,42,0.423948
155874,122.6031,,,0.302796,0.000390812,42,0.319829
155903,122.6215,,,0.312348,0.000390809,42,0.336046
155932,122.6399,,,0.283532,0.000390805,42,0.221145
155961,122.6583,,,0.35493,0.000390802,42,0.343017
155990,122.6766,,,0.295376,0.000390799,42,0.229091
156019,122.6950,,,0.279509,0.000390795,42,0.622066
156048,122.7134,,,0.284103,0.000390792,42,0.290416
156077,122.7318,,,0.351301,0.000390788,42,0.33195
156106,122.7502,,,0.303156,0.000390785,42,0.314091
156132,123.3275,0.302856,0.309292,,,42,
156135,123.3299,,,0.312251,0.000390782,43,0.26931
156164,123.3482,,,0.30261,0.000390778,43,0.291294
156193,123.3666,,,0.300885,0.000390775,43,0.483436
156222,123.3851,,,0.341284,0.000390771,43,0.288681
156251,123.4035,,,0.359315,0.000390768,43,0.440518
156280,123.4218,,,0.320581,0.000390764,43,3.78705
156309,123.4402,,,0.335465,0.000390761,43,0.497341
156338,123.4586,,,0.280546,0.000390758,43,3.82818
156367,123.4770,,,0.285875,0.000390754,43,0.312202
156396,123.4953,,,0.289878,0.000390751,43,0.284921
156425,123.5137,,,0.289352,0.000390747,43,0.324125
156454,123.5321,,,0.322462,0.000390744,43,0.341809
156483,123.5505,,,0.26815,0.00039074,43,0.279614
156512,123.5689,,,0.329343,0.000390737,43,0.377719
156541,123.5872,,,0.234488,0.000390734,43,0.261283
156570,123.6056,,,0.340353,0.00039073,43,0.412374
156599,123.6240,,,0.280028,0.000390727,43,0.336119
156628,123.6424,,,0.289558,0.000390723,43,0.274586
156657,123.6608,,,0.297474,0.00039072,43,0.275858
156686,123.6792,,,0.360551,0.000390716,43,0.388521
156715,123.6975,,,0.281553,0.000390713,43,0.347466
156744,123.7159,,,0.303619,0.00039071,43,0.524182
156773,123.7343,,,0.3226,0.000390706,43,0.329783
156802,123.7527,,,0.334696,0.000390703,43,0.384567
156831,123.7711,,,0.277561,0.000390699,43,0.389168
156860,123.7896,,,0.288643,0.000390696,43,0.276551
156889,123.8080,,,0.364113,0.000390692,43,0.41726
156918,123.8264,,,0.294615,0.000390689,43,0.340147
156947,123.8448,,,0.307712,0.000390686,43,0.376221
156976,123.8632,,,0.28574,0.000390682,43,0.335997
157005,123.8816,,,0.316563,0.000390679,43,0.265728
157034,123.9000,,,0.322583,0.000390675,43,0.360358
157063,123.9184,,,0.312699,0.000390672,43,0.329534
157092,123.9368,,,0.264722,0.000390668,43,0.458145
157121,123.9552,,,0.287244,0.000390665,43,0.422811
157150,123.9736,,,0.338507,0.000390661,43,0.454139
157179,123.9920,,,0.308065,0.000390658,43,0.258294
157208,124.0104,,,0.300354,0.000390655,43,0.32961
157237,124.0288,,,0.297951,0.000390651,43,0.419799
157266,124.0472,,,0.288436,0.000390648,43,0.298395
157295,124.0655,,,0.282148,0.000390644,43,0.435222
157324,124.0839,,,0.302905,0.000390641,43,0.291928
157353,124.1023,,,0.30063,0.000390637,43,0.320029
157382,124.1207,,,0.283162,0.000390634,43,0.265339
157411,124.1391,,,0.306613,0.00039063,43,0.493648
157440,124.1575,,,0.30228,0.000390627,43,0.300452
157469,124.1758,,,0.355246,0.000390624,43,0.510249
157498,124.1942,,,0.298282,0.00039062,43,0.318955
157527,124.2126,,,0.302742,0.000390617,43,0.394414
157556,124.2310,,,0.268383,0.000390613,43,0.300418
157585,124.2494,,,0.275999,0.00039061,43,0.269385
157614,124.2678,,,0.331004,0.000390606,43,0.4254
157643,124.2861,,,0.305542,0.000390603,43,0.365927
157672,124.3045,,,0.397437,0.000390599,43,0.422627
157701,124.3229,,,0.286154,0.000390596,43,0.318686
157730,124.3413,,,0.267281,0.000390593,43,0.28722
157759,124.3597,,,0.29038,0.000390589,43,0.39974
157788,124.3781,,,0.253073,0.000390586,43,0.327384
157817,124.3966,,,0.356249,0.000390582,43,0.318664
157846,124.4150,,,0.331184,0.000390579,43,0.374901
157875,124.4334,,,0.306866,0.000390575,43,0.835243
157904,124.4517,,,0.291028,0.000390572,43,0.26751
157933,124.4701,,,0.28461,0.000390568,43,1.98265
157962,124.4885,,,0.352278,0.000390565,43,0.292821
157991,124.5069,,,0.35428,0.000390561,43,0.318387
158020,124.5253,,,0.300387,0.000390558,43,0.434664
158049,124.5437,,,0.260603,0.000390555,43,0.276805
158078,124.5621,,,0.368305,0.000390551,43,0.486572
158107,124.5805,,,0.293388,0.000390548,43,0.249811
158136,124.5988,,,0.39591,0.000390544,43,0.446226
158165,124.6172,,,0.302024,0.000390541,43,0.320022
158194,124.6357,,,0.327845,0.000390537,43,0.322019
158223,124.6541,,,0.327908,0.000390534,43,0.603752
158252,124.6724,,,0.254187,0.00039053,43,0.330927
158281,124.6908,,,0.350312,0.000390527,43,0.314439
158310,124.7092,,,0.313085,0.000390523,43,0.304702
158339,124.7275,,,0.342143,0.00039052,43,0.427229
158368,124.7459,,,0.272151,0.000390516,43,0.365818
158397,124.7643,,,0.290444,0.000390513,43,0.916054
158426,124.7827,,,0.338493,0.000390509,43,0.269063
158455,124.8011,,,0.292863,0.000390506,43,0.369128
158484,124.8195,,,0.27224,0.000390503,43,0.344764
158513,124.8378,,,0.249695,0.000390499,43,0.24533
158542,124.8562,,,0.323112,0.000390496,43,0.272123
158571,124.8745,,,0.34468,0.000390492,43,0.360485
158600,124.8929,,,0.305163,0.000390489,43,0.323605
158629,124.9113,,,0.440122,0.000390485,43,0.426176
158658,124.9296,,,0.273154,0.000390482,43,0.349557
158687,124.9480,,,0.30661,0.000390478,43,0.346147
158716,124.9663,,,0.401512,0.000390475,43,0.664145
158745,124.9847,,,0.291696,0.000390471,43,0.359905
158774,125.0031,,,0.304642,0.000390468,43,0.418455
158803,125.0215,,,0.264163,0.000390464,43,0.403301
158832,125.0399,,,0.269039,0.000390461,43,0.39141
158861,125.0582,,,0.345732,0.000390457,43,0.407488
158890,125.0766,,,0.292502,0.000390454,43,0.418103
158919,125.0950,,,0.351472,0.00039045,43,0.354318
158948,125.1134,,,0.266228,0.000390447,43,0.54768
158977,125.1318,,,0.273507,0.000390443,43,0.243699
159006,125.1502,,,0.281343,0.00039044,43,0.404351
159035,125.1686,,,0.238478,0.000390437,43,0.23202
159064,125.1870,,,0.300687,0.000390433,43,0.329737
159093,125.2054,,,0.301812,0.00039043,43,0.241975
159122,125.2238,,,0.333269,0.000390426,43,0.391876
159151,125.2421,,,0.268223,0.000390423,43,0.281744
159180,125.2605,,,0.301746,0.000390419,43,0.234923
159209,125.2789,,,0.33779,0.000390416,43,0.392096
159238,125.2973,,,0.28716,0.000390412,43,3.20429
159267,125.3157,,,0.267298,0.000390409,43,0.35361
159296,125.3341,,,0.356262,0.000390405,43,0.33088
159325,125.3525,,,0.317194,0.000390402,43,0.343892
159354,125.3709,,,0.336958,0.000390398,43,0.329689
159383,125.3893,,,0.267823,0.000390395,43,1.5105
159412,125.4076,,,0.35852,0.000390391,43,0.527711
159441,125.4260,,,0.272396,0.000390388,43,0.397814
159470,125.4444,,,0.270746,0.000390384,43,0.999608
159499,125.4628,,,0.292921,0.000390381,43,0.34796
159528,125.4812,,,0.314907,0.000390377,43,0.352306
159557,125.4996,,,0.29626,0.000390374,43,0.320521
159586,125.5180,,,0.322059,0.00039037,43,0.377199
159615,125.5364,,,0.341969,0.000390367,43,2.50055
159644,125.5548,,,0.324833,0.000390363,43,0.320556
159673,125.5732,,,0.321176,0.00039036,43,0.363298
159702,125.5916,,,0.331128,0.000390356,43,0.670985
159731,125.6100,,,0.321336,0.000390353,43,0.310109
159760,125.6284,,,0.301469,0.000390349,43,0.33473
159763,126.1911,0.305723,0.307628,,,43,
159789,126.2081,,,0.284776,0.000390346,44,0.376392
159818,126.2265,,,0.350295,0.000390342,44,0.414725
159847,126.2449,,,0.303797,0.000390339,44,0.521456
159876,126.2633,,,0.296657,0.000390335,44,0.423267
159905,126.2818,,,0.304649,0.000390332,44,0.308349
159934,126.3002,,,0.250727,0.000390328,44,0.238254
159963,126.3186,,,0.277671,0.000390325,44,0.463828
159992,126.3370,,,0.37705,0.000390321,44,5.54595
160021,126.3554,,,0.342776,0.000390318,44,0.457613
160050,126.3738,,,0.26779,0.000390314,44,0.302249
160079,126.3922,,,0.319584,0.000390311,44,0.451956
160108,126.4106,,,0.332112,0.000390307,44,0.43848
160137,126.4290,,,0.309313,0.000390304,44,0.382287
160166,126.4474,,,0.269437,0.0003903,44,0.257693
160195,126.4659,,,0.269146,0.000390297,44,0.341888
160224,126.4843,,,0.329305,0.000390293,44,0.355236
160253,126.5027,,,0.287746,0.00039029,44,0.417283
160282,126.5211,,,0.324644,0.000390286,44,0.472122
160311,126.5395,,,0.348695,0.000390283,44,0.399559
160340,126.5579,,,0.319313,0.000390279,44,0.308266
160369,126.5763,,,0.345088,0.000390276,44,0.794315
160398,126.5948,,,0.323716,0.000390272,44,0.475746
160427,126.6132,,,0.261679,0.000390269,44,0.295065
160456,126.6316,,,0.296729,0.000390265,44,0.31452
160485,126.6500,,,0.334207,0.000390262,44,0.43396
160514,126.6684,,,0.31836,0.000390258,44,0.283747
160543,126.6869,,,0.305946,0.000390255,44,0.329636
160572,126.7053,,,0.280604,0.000390251,44,0.305218
160601,126.7237,,,0.347322,0.000390248,44,0.52492
160630,126.7421,,,0.221245,0.000390244,44,0.274861
160659,126.7605,,,0.277487,0.000390241,44,0.348019
160688,126.7789,,,0.316517,0.000390237,44,0.484824
160717,126.7973,,,0.272879,0.000390234,44,0.297599
160746,126.8158,,,0.292178,0.00039023,44,0.366702
160775,126.8342,,,0.351283,0.000390226,44,3.08526
160804,126.8526,,,0.312951,0.000390223,44,0.376537
160833,126.8710,,,0.292062,0.000390219,44,0.284144
160862,126.8894,,,0.323853,0.000390216,44,0.350008
160891,126.9078,,,0.330045,0.000390212,44,0.300726
160920,126.9263,,,0.369925,0.000390209,44,0.390717
160949,126.9447,,,0.325197,0.000390205,44,0.363897
160978,126.9631,,,0.305148,0.000390202,44,0.3247
161007,126.9815,,,0.30766,0.000390198,44,15.6194
161036,126.9999,,,0.317335,0.000390195,44,0.296774
161065,127.0183,,,0.360179,0.000390191,44,0.488587
161094,127.0367,,,0.283028,0.000390188,44,0.312021
161123,127.0551,,,0.32472,0.000390184,44,0.334246
161152,127.0736,,,0.261036,0.000390181,44,0.305355
161181,127.0920,,,0.314794,0.000390177,44,0.340412
161210,127.1104,,,0.340556,0.000390174,44,0.623456
161239,127.1288,,,0.330534,0.00039017,44,0.334266
161268,127.1472,,,0.364783,0.000390167,44,0.862643
161297,127.1657,,,0.306568,0.000390163,44,0.469061
161326,127.1841,,,0.320589,0.00039016,44,0.596469
161355,127.2025,,,0.268026,0.000390156,44,0.401342
161384,127.2209,,,0.310021,0.000390152,44,0.40001
161413,127.2393,,,0.300807,0.000390149,44,0.350562
161442,127.2577,,,0.314659,0.000390145,44,0.360889
161471,127.2761,,,0.278448,0.000390142,44,0.277536
161500,127.2945,,,0.308265,0.000390138,44,0.354684
161529,127.3130,,,0.320389,0.000390135,44,0.514883
161558,127.3314,,,0.2733,0.000390131,44,0.355096
161587,127.3498,,,0.314552,0.000390128,44,0.38385
161616,127.3682,,,0.284565,0.000390124,44,0.350004
161645,127.3866,,,0.292471,0.000390121,44,0.472365
161674,127.4050,,,0.249543,0.000390117,44,0.364983
161703,127.4235,,,0.282409,0.000390114,44,0.221927
161732,127.4419,,,0.357546,0.00039011,44,0.52882
161761,127.4603,,,0.31065,0.000390106,44,0.380691
161790,127.4787,,,0.365993,0.000390103,44,0.588703
161819,127.4971,,,0.313448,0.000390099,44,0.361384
161848,127.5155,,,0.291411,0.000390096,44,0.523024
161877,127.5339,,,0.349146,0.000390092,44,0.483421
161906,127.5524,,,0.299895,0.000390089,44,0.368143
161935,127.5708,,,0.316051,0.000390085,44,0.260504
161964,127.5892,,,0.383674,0.000390082,44,0.484387
161993,127.6076,,,0.26683,0.000390078,44,0.316718
162022,127.6260,,,0.319843,0.000390075,44,0.601381
162051,127.6445,,,0.320835,0.000390071,44,0.458343
162080,127.6629,,,0.292713,0.000390068,44,0.271089
162109,127.6813,,,0.386834,0.000390064,44,0.348546
162138,127.6997,,,0.28322,0.00039006,44,0.322875
162167,127.7181,,,0.294463,0.000390057,44,0.317491
162196,127.7365,,,0.306122,0.000390053,44,0.31667
162225,127.7549,,,0.275944,0.00039005,44,0.256107
162254,127.7733,,,0.267691,0.000390046,44,0.295053
162283,127.7917,,,0.298366,0.000390043,44,0.433036
162312,127.8101,,,0.307753,0.000390039,44,0.636156
162341,127.8286,,,0.312789,0.000390036,44,0.584148
162370,127.8470,,,0.271711,0.000390032,44,0.33629
162399,127.8654,,,0.29075,0.000390028,44,0.705767
162428,127.8838,,,0.293207,0.000390025,44,0.411141
162457,127.9022,,,0.270034,0.000390021,44,0.306564
162486,127.9206,,,0.307669,0.000390018,44,0.536484
162515,127.9390,,,0.325286,0.000390014,44,0.408756
162544,127.9575,,,0.278437,0.000390011,44,0.472995
162573,127.9759,,,0.263198,0.000390007,44,0.285502
162602,127.9943,,,0.339234,0.000390004,44,0.662614
162631,128.0127,,,0.274131,0.00039,44,0.728194
162660,128.0311,,,0.276441,0.000389996,44,0.271012
162689,128.0495,,,0.333,0.000389993,44,0.257961
162718,128.0679,,,0.238875,0.000389989,44,0.411065
162747,128.0863,,,0.292006,0.000389986,44,0.611797
162776,128.1048,,,0.297419,0.000389982,44,0.449695
162805,128.1232,,,0.344261,0.000389979,44,1.36916
162834,128.1416,,,0.314794,0.000389975,44,0.263991
162863,128.1600,,,0.314148,0.000389972,44,0.749185
162892,128.1784,,,0.293999,0.000389968,44,0.340801
162921,128.1968,,,0.32457,0.000389964,44,0.338751
162950,128.2153,,,0.353211,0.000389961,44,0.405526
162979,128.2337,,,0.320845,0.000389957,44,0.410554
163008,128.2521,,,0.334954,0.000389954,44,0.476763
163037,128.2705,,,0.276152,0.00038995,44,0.388893
163066,128.2889,,,0.308716,0.000389947,44,0.409675
163095,128.3073,,,0.306878,0.000389943,44,0.474521
163124,128.3258,,,0.3119,0.000389939,44,0.429714
163153,128.3442,,,0.340935,0.000389936,44,0.471559
163182,128.3626,,,0.294571,0.000389932,44,0.351366
163211,128.3810,,,0.30857,0.000389929,44,0.443299
163240,128.3994,,,0.311155,0.000389925,44,0.339261
163269,128.4179,,,0.272078,0.000389922,44,0.229009
163298,128.4363,,,0.317767,0.000389918,44,0.448523
163327,128.4547,,,0.349914,0.000389914,44,0.30482
163356,128.4731,,,0.274805,0.000389911,44,0.203184
163385,128.4915,,,0.299524,0.000389907,44,0.417774
163394,129.0581,0.300247,0.307874,,,44,
163414,129.0713,,,0.336039,0.000389904,45,0.391815
163443,129.0897,,,0.332369,0.0003899,45,0.282596
163472,129.1081,,,0.411109,0.000389897,45,0.406704
163501,129.1266,,,0.303625,0.000389893,45,0.47711
163530,129.1450,,,0.349507,0.000389889,45,0.665106
163559,129.1634,,,0.288785,0.000389886,45,0.309404
163588,129.1818,,,0.318336,0.000389882,45,0.334684
163617,129.2003,,,0.298753,0.000389879,45,0.279076
163646,129.2187,,,0.353613,0.000389875,45,0.351804
163675,129.2371,,,0.300841,0.000389872,45,0.319035
163704,129.2555,,,0.297626,0.000389868,45,0.305196
163733,129.2739,,,0.320867,0.000389864,45,0.343588
163762,129.2923,,,0.312046,0.000389861,45,0.393066
163791,129.3107,,,0.299565,0.000389857,45,0.32332
163820,129.3292,,,0.277328,0.000389854,45,0.252204
163849,129.3476,,,0.306403,0.00038985,45,0.306148
163878,129.3660,,,0.345061,0.000389846,45,0.337159
163907,129.3844,,,0.312433,0.000389843,45,0.297479
163936,129.4028,,,0.371987,0.000389839,45,0.381813
163965,129.4212,,,0.331601,0.000389836,45,0.367444
163994,129.4396,,,0.295877,0.000389832,45,0.312857
164023,129.4581,,,0.337507,0.000389829,45,0.512276
164052,129.4765,,,0.314297,0.000389825,45,0.341747
164081,129.4949,,,0.315024,0.000389821,45,0.580513
164110,129.5133,,,0.349853,0.000389818,45,0.555425
164139,129.5317,,,0.381573,0.000389814,45,0.41824
164168,129.5501,,,0.375529,0.000389811,45,0.305099
164197,129.5685,,,0.371496,0.000389807,45,0.571624
164226,129.5870,,,0.258688,0.000389803,45,0.240534
164255,129.6054,,,0.304256,0.0003898,45,0.403901
164284,129.6238,,,0.285021,0.000389796,45,0.234646
164313,129.6422,,,0.28942,0.000389793,45,0.283875
164342,129.6606,,,0.319746,0.000389789,45,0.211255
164371,129.6790,,,0.322619,0.000389785,45,0.375966
164400,129.6974,,,0.355703,0.000389782,45,0.313441
164429,129.7159,,,0.303683,0.000389778,45,0.307257
164458,129.7343,,,0.361758,0.000389775,45,0.417799
164487,129.7527,,,0.307229,0.000389771,45,0.294984
164516,129.7711,,,0.295322,0.000389767,45,0.425056
164545,129.7895,,,0.288349,0.000389764,45,0.241317
164574,129.8079,,,0.316663,0.00038976,45,0.27955
164603,129.8264,,,0.321097,0.000389757,45,0.314449
164632,129.8448,,,0.293053,0.000389753,45,0.3024
164661,129.8632,,,0.312762,0.000389749,45,0.40005
164690,129.8816,,,0.358247,0.000389746,45,0.55468
164719,129.9000,,,0.369292,0.000389742,45,0.332996
164748,129.9184,,,0.366659,0.000389739,45,0.357578
164777,129.9368,,,0.31249,0.000389735,45,0.232114
164806,129.9553,,,0.288713,0.000389731,45,0.240299
164835,129.9737,,,0.317508,0.000389728,45,0.375561
164864,129.9921,,,0.303443,0.000389724,45,0.302562
164893,130.0105,,,0.283498,0.000389721,45,0.261203
164922,130.0289,,,0.313267,0.000389717,45,0.931151
164951,130.0473,,,0.330799,0.000389713,45,0.325731
164980,130.0657,,,0.264085,0.00038971,45,0.239941
165009,130.0842,,,0.281339,0.000389706,45,0.982673
165038,130.1026,,,0.304966,0.000389703,45,0.384119
165067,130.1210,,,0.319615,0.000389699,45,0.423796
165096,130.1394,,,0.290348,0.000389695,45,0.350195
165125,130.1578,,,0.370526,0.000389692,45,0.450313
165154,130.1762,,,0.357017,0.000389688,45,0.357991
165183,130.1947,,,0.298478,0.000389685,45,0.234456
165212,130.2131,,,0.267851,0.000389681,45,0.261738
165241,130.2315,,,0.363032,0.000389677,45,0.275734
165270,130.2499,,,0.301258,0.000389674,45,0.353981
165299,130.2684,,,0.335285,0.00038967,45,0.464713
165328,130.2868,,,0.303926,0.000389666,45,0.440155
165357,130.3052,,,0.258961,0.000389663,45,0.279474
165386,130.3236,,,0.266869,0.000389659,45,0.280038
165415,130.3420,,,0.375584,0.000389656,45,0.498806
165444,130.3604,,,0.347075,0.000389652,45,0.447243
165473,130.3788,,,0.262286,0.000389648,45,0.269439
165502,130.3972,,,0.262523,0.000389645,45,0.261146
165531,130.4156,,,0.37396,0.000389641,45,0.565443
165560,130.4340,,,0.321362,0.000389637,45,0.275767
165589,130.4525,,,0.285238,0.000389634,45,0.225809
165618,130.4709,,,0.282388,0.00038963,45,0.295423
165647,130.4893,,,0.288892,0.000389627,45,0.236375
165676,130.5077,,,0.286407,0.000389623,45,0.386552
165705,130.5261,,,0.296209,0.000389619,45,0.361964
165734,130.5445,,,0.286131,0.000389616,45,0.26742
165763,130.5630,,,0.380099,0.000389612,45,0.451237
165792,130.5814,,,0.337888,0.000389608,45,0.32889
165821,130.5998,,,0.337163,0.000389605,45,0.298929
165850,130.6182,,,0.264468,0.000389601,45,0.459603
165879,130.6366,,,0.355185,0.000389598,45,0.345687
165908,130.6550,,,0.312918,0.000389594,45,0.326264
165937,130.6735,,,0.315932,0.00038959,45,0.289193
165966,130.6919,,,0.290441,0.000389587,45,0.411685
165995,130.7103,,,0.348683,0.000389583,45,0.419114
166024,130.7287,,,0.29144,0.000389579,45,0.368451
166053,130.7471,,,0.320604,0.000389576,45,0.402352
166082,130.7655,,,0.268484,0.000389572,45,0.412053
166111,130.7839,,,0.285235,0.000389569,45,0.355905
166140,130.8023,,,0.306407,0.000389565,45,0.30052
166169,130.8207,,,0.314967,0.000389561,45,0.30137
166198,130.8392,,,0.35333,0.000389558,45,0.403649
166227,130.8576,,,0.315234,0.000389554,45,0.342034
166256,130.8760,,,0.312508,0.00038955,45,0.370676
166285,130.8944,,,0.293066,0.000389547,45,0.250034
166314,130.9128,,,0.323037,0.000389543,45,0.373062
166343,130.9312,,,0.304621,0.00038954,45,0.230692
166372,130.9497,,,0.269399,0.000389536,45,0.406733
166401,130.9681,,,0.328212,0.000389532,45,0.315201
166430,130.9865,,,0.318181,0.000389529,45,0.364741
166459,131.0049,,,0.299068,0.000389525,45,0.302606
166488,131.0233,,,0.3264,0.000389521,45,0.373017
166517,131.0417,,,0.304515,0.000389518,45,0.403603
166546,131.0601,,,0.293914,0.000389514,45,0.234481
166575,131.0785,,,0.289622,0.00038951,45,0.256552
166604,131.0969,,,0.324664,0.000389507,45,0.398478
166633,131.1153,,,0.33711,0.000389503,45,0.45397
166662,131.1337,,,0.332462,0.000389499,45,0.554147
166691,131.1521,,,0.30384,0.000389496,45,0.430909
166720,131.1705,,,0.255096,0.000389492,45,0.252179
166749,131.1889,,,0.280753,0.000389489,45,0.282678
166778,131.2073,,,0.344179,0.000389485,45,0.283475
166807,131.2257,,,0.307833,0.000389481,45,0.320773
166836,131.2441,,,0.271685,0.000389478,45,0.212912
166865,131.2625,,,0.365847,0.000389474,45,0.410377
166894,131.2808,,,0.281927,0.00038947,45,0.219619
166923,131.2992,,,0.299598,0.000389467,45,0.331841
166952,131.3176,,,0.322527,0.000389463,45,0.443514
166981,131.3361,,,0.311006,0.000389459,45,0.339893
167010,131.3545,,,0.343123,0.000389456,45,0.410047
167025,131.9247,0.302021,0.304826,,,45,
167039,131.9341,,,0.274217,0.000389452,46,0.37103
167068,131.9525,,,0.326115,0.000389448,46,0.423199
167097,131.9709,,,0.335463,0.000389445,46,0.343249
167126,131.9893,,,0.303225,0.000389441,46,0.287728
167155,132.0077,,,0.307905,0.000389437,46,0.244678
167184,132.0261,,,0.318013,0.000389434,46,0.270439
167213,132.0445,,,0.311304,0.00038943,46,0.302624
167242,132.0630,,,0.330939,0.000389426,46,0.374125
167271,132.0814,,,0.271288,0.000389423,46,0.230514
167300,132.0998,,,0.301506,0.000389419,46,0.234429
167329,132.1182,,,0.306447,0.000389416,46,0.356049
167358,132.1366,,,0.305325,0.000389412,46,0.290861
167387,132.1550,,,0.300078,0.000389408,46,0.861457
167416,132.1735,,,0.269592,0.000389405,46,0.312943
167445,132.1919,,,0.287802,0.000389401,46,0.277512
167474,132.2103,,,0.261589,0.000389397,46,0.239419
167503,132.2287,,,0.280986,0.000389394,46,0.279827
167532,132.2471,,,0.257614,0.00038939,46,0.278602
167561,132.2656,,,0.361964,0.000389386,46,0.319132
167590,132.2840,,,0.253336,0.000389383,46,0.219787
167619,132.3024,,,0.266441,0.000389379,46,0.250632
167648,132.3208,,,0.284887,0.000389375,46,0.27267
167677,132.3392,,,0.392901,0.000389372,46,0.432306
167706,132.3577,,,0.389811,0.000389368,46,0.415234
167735,132.3761,,,0.298688,0.000389364,46,0.25048
167764,132.3945,,,0.314483,0.000389361,46,0.329737
167793,132.4129,,,0.334489,0.000389357,46,0.360689
167822,132.4313,,,0.303575,0.000389353,46,0.343706
167851,132.4498,,,0.300443,0.00038935,46,0.396794
167880,132.4682,,,0.356397,0.000389346,46,0.413091
167909,132.4866,,,0.337217,0.000389342,46,0.446641
167938,132.5050,,,0.316661,0.000389339,46,0.205428
167967,132.5234,,,0.302306,0.000389335,46,0.367051
167996,132.5418,,,0.305833,0.000389331,46,0.358124
168025,132.5602,,,0.317918,0.000389328,46,0.484685
168054,132.5786,,,0.278074,0.000389324,46,0.380195
168083,132.5971,,,0.317143,0.00038932,46,0.298091
168112,132.6155,,,0.294815,0.000389316,46,0.430434
168141,132.6339,,,0.318333,0.000389313,46,0.398117
168170,132.6523,,,0.289753,0.000389309,46,0.265532
168199,132.6707,,,0.306112,0.000389305,46,0.288559
168228,132.6891,,,0.351427,0.000389302,46,0.282507
168257,132.7075,,,0.35935,0.000389298,46,0.637785
168286,132.7259,,,0.321697,0.000389294,46,0.472115
168315,132.7443,,,0.292508,0.000389291,46,0.259954
168344,132.7628,,,0.348335,0.000389287,46,0.580547
168373,132.7812,,,0.273904,0.000389283,46,0.341276
168402,132.7996,,,0.247074,0.00038928,46,0.310484
168431,132.8180,,,0.263396,0.000389276,46,0.34681
168460,132.8365,,,0.341415,0.000389272,46,0.370269
168489,132.8549,,,0.299216,0.000389269,46,0.343719
168518,132.8733,,,0.269634,0.000389265,46,0.471167
168547,132.8917,,,0.348817,0.000389261,46,0.258665
168576,132.9101,,,0.316128,0.000389258,46,0.418803
168605,132.9286,,,0.327365,0.000389254,46,0.340917
168634,132.9470,,,0.340086,0.00038925,46,0.292995
168663,132.9654,,,0.265114,0.000389247,46,0.263263
168692,132.9838,,,0.282758,0.000389243,46,0.284542
168721,133.0023,,,0.299071,0.000389239,46,0.264343
168750,133.0207,,,0.354592,0.000389236,46,0.28017
168779,133.0391,,,0.247308,0.000389232,46,0.246491
168808,133.0575,,,0.249505,0.000389228,46,0.266328
168837,133.0759,,,0.303101,0.000389224,46,0.316694
168866,133.0944,,,0.274313,0.000389221,46,0.265633
168895,133.1128,,,0.333242,0.000389217,46,0.341906
168924,133.1312,,,0.263387,0.000389213,46,0.274623
168953,133.1496,,,0.247355,0.00038921,46,0.32316
168982,133.1680,,,0.321505,0.000389206,46,0.291181
169011,133.1864,,,0.277357,0.000389202,46,0.275702
169040,133.2048,,,0.256754,0.000389199,46,0.218578
169069,133.2233,,,0.25047,0.000389195,46,0.266615
169098,133.2417,,,0.278781,0.000389191,46,0.271094
169127,133.2601,,,0.371548,0.000389188,46,0.543072
169156,133.2785,,,0.350056,0.000389184,46,0.436211
169185,133.2969,,,0.350622,0.00038918,46,0.339886
169214,133.3153,,,0.290668,0.000389176,46,0.22884
169243,133.3338,,,0.365656,0.000389173,46,0.312686
169272,133.3522,,,0.34324,0.000389169,46,0.384336
169301,133.3706,,,0.301658,0.000389165,46,0.269468
169330,133.3890,,,0.253233,0.000389162,46,0.254456
169359,133.4074,,,0.243107,0.000389158,46,0.295401
169388,133.4258,,,0.305135,0.000389154,46,0.301976
169417,133.4442,,,0.268485,0.000389151,46,0.338834
169446,133.4626,,,0.340107,0.000389147,46,0.284008
169475,133.4811,,,0.282365,0.000389143,46,0.336759
169504,133.4995,,,0.312148,0.000389139,46,0.279104
169533,133.5179,,,0.295036,0.000389136,46,0.31196
169562,133.5363,,,0.340287,0.000389132,46,0.271396
169591,133.5547,,,0.323679,0.000389128,46,0.345836
169620,133.5731,,,0.32264,0.000389125,46,0.441841
169649,133.5915,,,0.322204,0.000389121,46,0.344709
169678,133.6099,,,0.353627,0.000389117,46,0.351798
169707,133.6283,,,0.297973,0.000389113,46,0.324985
169736,133.6468,,,0.295966,0.00038911,46,0.262506
169765,133.6652,,,0.294625,0.000389106,46,0.408233
169794,133.6836,,,0.310608,0.000389102,46,0.318965
169823,133.7020,,,0.336484,0.000389099,46,0.31154
169852,133.7204,,,0.268378,0.000389095,46,0.298803
169881,133.7388,,,0.380355,0.000389091,46,0.545334
169910,133.7572,,,0.308799,0.000389088,46,0.44657
169939,133.7756,,,0.292156,0.000389084,46,0.342474
169968,133.7940,,,0.285377,0.00038908,46,0.272911
169997,133.8124,,,0.3598,0.000389076,46,0.488046
170026,133.8308,,,0.318011,0.000389073,46,1.25783
170055,133.8492,,,0.288118,0.000389069,46,0.299889
170084,133.8677,,,0.315537,0.000389065,46,0.312337
170113,133.8861,,,0.265066,0.000389061,46,0.49048
170142,133.9045,,,0.29989,0.000389058,46,0.334755
170171,133.9229,,,0.344769,0.000389054,46,0.361429
170200,133.9413,,,0.28616,0.00038905,46,0.407947
170229,133.9598,,,0.33161,0.000389047,46,0.286543
170258,133.9782,,,0.335511,0.000389043,46,0.333679
170287,133.9966,,,0.270359,0.000389039,46,0.341256
170316,134.0150,,,0.304088,0.000389035,46,0.305055
170345,134.0334,,,0.329346,0.000389032,46,0.317312
170374,134.0519,,,0.275365,0.000389028,46,0.283706
170403,134.0703,,,0.377934,0.000389024,46,0.644774
170432,134.0887,,,0.325681,0.000389021,46,0.393512
170461,134.1071,,,0.404991,0.000389017,46,0.488105
170490,134.1255,,,0.296338,0.000389013,46,0.328009
170519,134.1440,,,0.268688,0.000389009,46,0.438889
170548,134.1624,,,0.314502,0.000389006,46,0.317622
170577,134.1808,,,0.375964,0.000389002,46,0.598145
170606,134.1992,,,0.30811,0.000388998,46,0.452902
170635,134.2177,,,0.274023,0.000388994,46,0.337964
170656,134.7917,0.302422,0.304032,,,46,
170664,134.7973,,,0.290375,0.000388991,47,0.354828
170693,134.8157,,,0.313124,0.000388987,47,0.21963
170722,134.8341,,,0.314246,0.000388983,47,0.338594
170751,134.8526,,,0.357394,0.00038898,47,0.359964
170780,134.8710,,,0.360987,0.000388976,47,0.467305
170809,134.8893,,,0.315555,0.000388972,47,0.332656
170838,134.9077,,,0.385248,0.000388968,47,0.496271
170867,134.9261,,,0.314645,0.000388965,47,0.326093
170896,134.9446,,,0.262556,0.000388961,47,0.268293
170925,134.9630,,,0.277946,0.000388957,47,0.28092
170954,134.9814,,,0.27154,0.000388953,47,0.265478
170983,134.9998,,,0.324882,0.00038895,47,0.38281
171012,135.0182,,,0.324017,0.000388946,47,0.379423
171041,135.0366,,,0.287734,0.000388942,47,0.25385
171070,135.0551,,,0.349994,0.000388938,47,0.368504
171099,135.0735,,,0.306801,0.000388935,47,0.283055
171128,135.0919,,,0.315977,0.000388931,47,0.353352
171157,135.1103,,,0.263889,0.000388927,47,0.273654
171186,135.1287,,,0.292265,0.000388924,47,0.234725
171215,135.1471,,,0.37438,0.00038892,47,0.48442
171244,135.1655,,,0.349717,0.000388916,47,0.393503
171273,135.1839,,,0.315485,0.000388912,47,0.318542
171302,135.2023,,,0.27397,0.000388909,47,0.282373
171331,135.2207,,,0.274439,0.000388905,47,0.263796
171360,135.2392,,,0.284068,0.000388901,47,0.262903
171389,135.2576,,,0.275917,0.000388897,47,0.326133
171418,135.2760,,,0.318769,0.000388894,47,0.283681
171447,135.2944,,,0.281499,0.00038889,47,0.312131
171476,135.3128,,,0.295234,0.000388886,47,0.299647
171505,135.3312,,,0.257048,0.000388882,47,0.19824
171534,135.3496,,,0.274856,0.000388879,47,0.30986
171563,135.3681,,,0.318399,0.000388875,47,0.351565
171592,135.3865,,,0.296529,0.000388871,47,0.45021
171621,135.4049,,,0.283397,0.000388867,47,0.357154
171650,135.4233,,,0.263192,0.000388864,47,0.318603
171679,135.4417,,,0.277547,0.00038886,47,0.304924
171708,135.4601,,,0.349536,0.000388856,47,0.408489
171737,135.4785,,,0.330322,0.000388852,47,0.384283
171766,135.4969,,,0.331424,0.000388849,47,0.33023
171795,135.5153,,,0.309782,0.000388845,47,0.287786
171824,135.5337,,,0.333062,0.000388841,47,0.405087
171853,135.5521,,,0.280811,0.000388837,47,0.2065
171882,135.5705,,,0.287404,0.000388834,47,0.351852
171911,135.5889,,,0.296366,0.00038883,47,0.336816
171940,135.6073,,,0.301538,0.000388826,47,0.283227
171969,135.6257,,,0.259461,0.000388822,47,0.289964
171998,135.6441,,,0.228558,0.000388819,47,0.28166
172027,135.6625,,,0.315714,0.000388815,47,1.45151
172056,135.6809,,,0.311041,0.000388811,47,0.334023
172085,135.6993,,,0.314946,0.000388807,47,0.282816
172114,135.7177,,,0.276508,0.000388804,47,0.350227
172143,135.7362,,,0.307036,0.0003888,47,0.513477
172172,135.7546,,,0.257398,0.000388796,47,0.261152
172201,135.7730,,,0.277344,0.000388792,47,0.243834
172230,135.7913,,,0.341433,0.000388789,47,0.472433
172259,135.8097,,,0.339547,0.000388785,47,0.439289
172288,135.8281,,,0.264808,0.000388781,47,0.271968
172317,135.8465,,,0.30528,0.000388777,47,0.386222
172346,135.8649,,,0.281962,0.000388773,47,0.30881
172375,135.8833,,,0.296447,0.00038877,47,0.747679
172404,135.9017,,,0.256382,0.000388766,47,0.243909
172433,135.9201,,,0.399125,0.000388762,47,0.563869
172462,135.9385,,,0.237727,0.000388758,47,0.25221
172491,135.9569,,,0.278592,0.000388755,47,0.23448
172520,135.9753,,,0.283837,0.000388751,47,0.382797
172549,135.9937,,,0.298065,0.000388747,47,0.34327
172578,136.0120,,,0.317439,0.000388743,47,0.346261
172607,136.0304,,,0.297346,0.00038874,47,0.222468
172636,136.0488,,,0.284083,0.000388736,47,0.296502
172665,136.0672,,,0.279129,0.000388732,47,0.262369
172694,136.0856,,,0.26887,0.000388728,47,0.269104
172723,136.1040,,,0.277946,0.000388724,47,0.284974
172752,136.1224,,,0.288908,0.000388721,47,0.315939
172781,136.1409,,,0.306806,0.000388717,47,0.324124
172810,136.1592,,,0.294612,0.000388713,47,0.284132
172839,136.1776,,,0.29736,0.000388709,47,0.295461
172868,136.1960,,,0.306411,0.000388706,47,0.308444
172897,136.2145,,,0.254238,0.000388702,47,0.220186
172926,136.2329,,,0.275605,0.000388698,47,0.252339
172955,136.2513,,,0.307979,0.000388694,47,0.361417
172984,136.2697,,,0.28938,0.000388691,47,0.274725
173013,136.2881,,,0.299923,0.000388687,47,0.240416
173042,136.3065,,,0.240629,0.000388683,47,0.327435
173071,136.3249,,,0.371594,0.000388679,47,0.559488
173100,136.3433,,,0.299906,0.000388675,47,0.285991
173129,136.3617,,,0.325854,0.000388672,47,0.285337
173158,136.3801,,,0.296895,0.000388668,47,0.295618
173187,136.3985,,,0.281893,0.000388664,47,0.280343
173216,136.4169,,,0.358593,0.00038866,47,0.347448
173245,136.4352,,,0.292179,0.000388656,47,0.2995
173274,136.4536,,,0.270396,0.000388653,47,0.18548
173303,136.4720,,,0.349738,0.000388649,47,0.329501
173332,136.4904,,,0.259333,0.000388645,47,0.245256
173361,136.5088,,,0.293518,0.000388641,47,0.260702
173390,136.5272,,,0.277847,0.000388638,47,0.244523
173419,136.5456,,,0.313444,0.000388634,47,0.298664
173448,136.5640,,,0.28148,0.00038863,47,0.264883
173477,136.5824,,,0.356461,0.000388626,47,0.512764
173506,136.6008,,,0.286499,0.000388622,47,0.47514
173535,136.6191,,,0.306538,0.000388619,47,0.246318
173564,136.6375,,,0.296462,0.000388615,47,0.269725
173593,136.6559,,,0.268263,0.000388611,47,0.243203
173622,136.6743,,,0.270486,0.000388607,47,0.333988
173651,136.6927,,,0.380402,0.000388603,47,0.484029
173680,136.7111,,,0.348164,0.0003886,47,0.38276
173709,136.7295,,,0.30897,0.000388596,47,0.367499
173738,136.7479,,,0.30218,0.000388592,47,0.354252
173767,136.7662,,,0.332072,0.000388588,47,0.280885
173796,136.7846,,,0.310837,0.000388585,47,0.352226
173825,136.8030,,,0.343627,0.000388581,47,0.346433
173854,136.8214,,,0.292057,0.000388577,47,1.32923
173883,136.8398,,,0.265391,0.000388573,47,0.255459
173912,136.8581,,,0.291852,0.000388569,47,0.355787
173941,136.8765,,,0.327375,0.000388566,47,0.430317
173970,136.8948,,,0.345505,0.000388562,47,0.393619
173999,136.9132,,,0.351435,0.000388558,47,0.363292
174028,136.9315,,,0.277443,0.000388554,47,0.259198
174057,136.9499,,,0.265491,0.00038855,47,0.328767
174086,136.9682,,,0.28671,0.000388547,47,0.356209
174115,136.9866,,,0.326647,0.000388543,47,0.318704
174144,137.0050,,,0.356373,0.000388539,47,0.398508
174173,137.0234,,,0.293393,0.000388535,47,0.348573
174202,137.0418,,,0.348816,0.000388531,47,0.565169
174231,137.0602,,,0.316597,0.000388528,47,0.370318
174260,137.0786,,,0.264872,0.000388524,47,0.249735
174287,137.6564,0.297237,0.302865,,,47,
174289,137.6581,,,0.310254,0.00038852,48,0.360784
174318,137.6765,,,0.301005,0.000388516,48,0.334278
174347,137.6949,,,0.295891,0.000388512,48,0.429899
174376,137.7133,,,0.32282,0.000388508,48,0.314359
174405,137.7317,,,0.316822,0.000388505,48,0.28321
174434,137.7501,,,0.340875,0.000388501,48,0.44287
174463,137.7684,,,0.289771,0.000388497,48,0.226825
174492,137.7868,,,0.294994,0.000388493,48,0.39957
174521,137.8052,,,0.264268,0.000388489,48,0.278721
174550,137.8237,,,0.413362,0.000388486,48,0.508055
174579,137.8421,,,0.282338,0.000388482,48,0.288688
174608,137.8605,,,0.321093,0.000388478,48,0.38323
174637,137.8788,,,0.324784,0.000388474,48,0.349545
174666,137.8972,,,0.294829,0.00038847,48,0.41998
174695,137.9156,,,0.296279,0.000388467,48,0.24638
174724,137.9340,,,0.266537,0.000388463,48,0.270677
174753,137.9524,,,0.247353,0.000388459,48,0.423345
174782,137.9708,,,0.282204,0.000388455,48,0.230637
174811,137.9891,,,0.319842,0.000388451,48,0.459969
174840,138.0075,,,0.277556,0.000388447,48,0.282454
174869,138.0258,,,0.252924,0.000388444,48,0.209776
174898,138.0442,,,0.306217,0.00038844,48,0.247608
174927,138.0626,,,0.278149,0.000388436,48,0.320244
174956,138.0810,,,0.292126,0.000388432,48,0.299197
174985,138.0994,,,0.298128,0.000388428,48,0.297025
175014,138.1178,,,0.266961,0.000388425,48,0.267651
175043,138.1362,,,0.336887,0.000388421,48,0.363954
175072,138.1546,,,0.309586,0.000388417,48,0.309311
175101,138.1730,,,0.25817,0.000388413,48,0.253645
175130,138.1913,,,0.281388,0.000388409,48,0.383411
175159,138.2097,,,0.373991,0.000388405,48,0.368413
175188,138.2281,,,0.309464,0.000388402,48,0.449761
175217,138.2465,,,0.258183,0.000388398,48,0.254344
175246,138.2649,,,0.309904,0.000388394,48,0.262377
175275,138.2833,,,0.358886,0.00038839,48,0.351793
175304,138.3017,,,0.326069,0.000388386,48,0.351264
175333,138.3201,,,0.30688,0.000388383,48,0.329202
175362,138.3385,,,0.303759,0.000388379,48,0.320299
175391,138.3568,,,0.273793,0.000388375,48,0.289359
175420,138.3752,,,0.263579,0.000388371,48,0.246592
175449,138.3936,,,0.286352,0.000388367,48,0.362146
175478,138.4120,,,0.327755,0.000388363,48,0.360835
175507,138.4304,,,0.284531,0.00038836,48,0.336608
175536,138.4488,,,0.292753,0.000388356,48,0.271676
175565,138.4672,,,0.291343,0.000388352,48,0.246401
175594,138.4856,,,0.341437,0.000388348,48,0.337496
175623,138.5040,,,0.267851,0.000388344,48,0.22989
175652,138.5224,,,0.285968,0.00038834,48,0.239366
175681,138.5408,,,0.300521,0.000388337,48,0.40597
175710,138.5592,,,0.341836,0.000388333,48,0.358824
175739,138.5776,,,0.335159,0.000388329,48,0.405991
175768,138.5960,,,0.32014,0.000388325,48,0.354417
175797,138.6144,,,0.281531,0.000388321,48,0.263062
175826,138.6327,,,0.284313,0.000388317,48,0.356902
175855,138.6511,,,0.353889,0.000388314,48,0.365709
175884,138.6695,,,0.3055,0.00038831,48,0.29398
175913,138.6879,,,0.254403,0.000388306,48,0.207175
175942,138.7063,,,0.347923,0.000388302,48,0.31295
175971,138.7247,,,0.260207,0.000388298,48,0.291239
176000,138.7431,,,0.289542,0.000388294,48,0.278919
176029,138.7615,,,0.349152,0.000388291,48,0.387588
176058,138.7799,,,0.332846,0.000388287,48,0.330351
176087,138.7983,,,0.325581,0.000388283,48,0.32789
176116,138.8167,,,0.285619,0.000388279,48,0.212782
176145,138.8352,,,0.323169,0.000388275,48,0.335138
176174,138.8536,,,0.281259,0.000388271,48,0.318945
176203,138.8720,,,0.313238,0.000388267,48,0.361175
176232,138.8904,,,0.271242,0.000388264,48,0.278219
176261,138.9088,,,0.381471,0.00038826,48,0.369187
176290,138.9272,,,0.342735,0.000388256,48,0.419472
176319,138.9456,,,0.353279,0.000388252,48,0.349017
176348,138.9640,,,0.356138,0.000388248,48,0.313664
176377,138.9825,,,0.298143,0.000388244,48,0.294165
176406,139.0009,,,0.291028,0.00038824,48,0.375884
176435,139.0193,,,0.350965,0.000388237,48,0.301214
176464,139.0377,,,0.278859,0.000388233,48,0.309519
176493,139.0561,,,0.301237,0.000388229,48,0.496681
176522,139.0745,,,0.309515,0.000388225,48,0.277648
176551,139.0929,,,0.300892,0.000388221,48,0.310731
176580,139.1113,,,0.274473,0.000388217,48,0.247918
176609,139.1297,,,0.254199,0.000388214,48,0.200097
176638,139.1481,,,0.282447,0.00038821,48,0.258607
176667,139.1666,,,0.243496,0.000388206,48,0.281095
176696,139.1850,,,0.285457,0.000388202,48,0.239916
176725,139.2033,,,0.292255,0.000388198,48,0.294606
176754,139.2218,,,0.272698,0.000388194,48,0.246821
176783,139.2402,,,0.313355,0.00038819,48,0.373036
176812,139.2586,,,0.281261,0.000388187,48,0.26581
176841,139.2770,,,0.278871,0.000388183,48,0.232224
176870,139.2954,,,0.263294,0.000388179,48,0.223904
176899,139.3138,,,0.290331,0.000388175,48,0.24595
176928,139.3322,,,0.291247,0.000388171,48,0.487566
176957,139.3506,,,0.302194,0.000388167,48,0.332942
176986,139.3690,,,0.300648,0.000388163,48,0.315964
177015,139.3874,,,0.298212,0.00038816,48,0.400316
177044,139.4058,,,0.29092,0.000388156,48,0.283547
177073,139.4242,,,0.305475,0.000388152,48,0.244986
177102,139.4426,,,0.27706,0.000388148,48,0.32266
177131,139.4610,,,0.33211,0.000388144,48,0.264526
177160,139.4793,,,0.254551,0.00038814,48,0.313372
177189,139.4977,,,0.300155,0.000388136,48,0.247601
177218,139.5160,,,0.271105,0.000388132,48,0.207361
177247,139.5343,,,0.300445,0.000388129,48,0.337222
177276,139.5527,,,0.282322,0.000388125,48,0.295163
177305,139.5711,,,0.28549,0.000388121,48,0.328911
177334,139.5894,,,0.370605,0.000388117,48,0.428311
177363,139.6078,,,0.313432,0.000388113,48,0.311038
177392,139.6262,,,0.355799,0.000388109,48,0.359988
177421,139.6446,,,0.353251,0.000388105,48,0.411096
177450,139.6630,,,0.263147,0.000388101,48,0.224472
177479,139.6815,,,0.307279,0.000388098,48,0.229868
177508,139.6999,,,0.284009,0.000388094,48,0.219785
177537,139.7183,,,0.279733,0.00038809,48,0.28786
177566,139.7367,,,0.289705,0.000388086,48,0.320488
177595,139.7551,,,0.361921,0.000388082,48,0.385961
177624,139.7735,,,0.356968,0.000388078,48,0.575948
177653,139.7919,,,0.343205,0.000388074,48,0.317389
177682,139.8103,,,0.369658,0.000388071,48,0.407156
177711,139.8287,,,0.264721,0.000388067,48,0.192345
177740,139.8471,,,0.322664,0.000388063,48,0.354943
177769,139.8655,,,0.348884,0.000388059,48,0.372099
177798,139.8838,,,0.316502,0.000388055,48,0.263156
177827,139.9022,,,0.278212,0.000388051,48,0.649678
177856,139.9205,,,0.281784,0.000388047,48,0.322936
177885,139.9389,,,0.264852,0.000388043,48,0.298247
177914,139.9572,,,0.242792,0.000388039,48,0.292241
177918,140.5201,0.299069,0.301765,,,48,
177943,140.5364,,,0.290157,0.000388036,49,0.289096
177972,140.5548,,,0.286449,0.000388032,49,0.371606
178001,140.5732,,,0.250201,0.000388028,49,0.18515
178030,140.5916,,,0.357327,0.000388024,49,0.404845
178059,140.6100,,,0.322557,0.00038802,49,0.375609
178088,140.6284,,,0.264537,0.000388016,49,0.366085
178117,140.6468,,,0.393753,0.000388012,49,0.3713
178146,140.6651,,,0.327794,0.000388008,49,0.314094
178175,140.6835,,,0.325948,0.000388005,49,0.347524
178204,140.7019,,,0.277616,0.000388001,49,0.294118
178233,140.7203,,,0.308173,0.000387997,49,0.300116
178262,140.7387,,,0.308666,0.000387993,49,0.386612
178291,140.7570,,,0.315668,0.000387989,49,0.357034
178320,140.7754,,,0.317558,0.000387985,49,0.524882
178349,140.7938,,,0.337883,0.000387981,49,0.361895
178378,140.8122,,,0.263431,0.000387977,49,0.252133
178407,140.8306,,,0.349754,0.000387973,49,0.377545
178436,140.8490,,,0.27529,0.00038797,49,0.281387
178465,140.8673,,,0.283338,0.000387966,49,0.297715
178494,140.8857,,,0.305762,0.000387962,49,0.427267
178523,140.9041,,,0.336667,0.000387958,49,0.579185
178552,140.9225,,,0.289616,0.000387954,49,0.33558
178581,140.9409,,,0.32687,0.00038795,49,0.449525
178610,140.9593,,,0.289926,0.000387946,49,0.296
178639,140.9776,,,0.274699,0.000387942,49,0.281951
178668,140.9960,,,0.322702,0.000387938,49,0.281366
178697,141.0144,,,0.278135,0.000387934,49,0.230222
178726,141.0327,,,0.354235,0.000387931,49,0.54415
178755,141.0511,,,0.404136,0.000387927,49,0.340947
178784,141.0696,,,0.283745,0.000387923,49,0.318054
178813,141.0880,,,0.305082,0.000387919,49,0.341461
178842,141.1064,,,0.301814,0.000387915,49,0.291577
178871,141.1248,,,0.323761,0.000387911,49,0.312001
178900,141.1432,,,0.289928,0.000387907,49,0.344234
178929,141.1616,,,0.317155,0.000387903,49,0.300872
178958,141.1799,,,0.287963,0.000387899,49,0.30632
178987,141.1983,,,0.339819,0.000387895,49,0.391337
179016,141.2167,,,0.259942,0.000387892,49,0.306531
179045,141.2351,,,0.289205,0.000387888,49,0.216139
179074,141.2536,,,0.274868,0.000387884,49,0.411377
179103,141.2720,,,0.283008,0.00038788,49,0.292672
179132,141.2904,,,0.319553,0.000387876,49,0.283263
179161,141.3088,,,0.321807,0.000387872,49,0.271445
179190,141.3272,,,0.363199,0.000387868,49,0.439316
179219,141.3455,,,0.303872,0.000387864,49,0.292596
179248,141.3639,,,0.251641,0.00038786,49,0.274935
179277,141.3824,,,0.275063,0.000387856,49,0.359365
179306,141.4007,,,0.319819,0.000387852,49,0.241492
179335,141.4191,,,0.269747,0.000387849,49,0.330614
179364,141.4375,,,0.34813,0.000387845,49,0.46445
179393,141.4559,,,0.316296,0.000387841,49,0.4571
179422,141.4743,,,0.297896,0.000387837,49,0.364868
179451,141.4927,,,0.358179,0.000387833,49,0.513092
179480,141.5111,,,0.322911,0.000387829,49,0.576669
179509,141.5295,,,0.276903,0.000387825,49,0.36498
179538,141.5478,,,0.270767,0.000387821,49,0.298053
179567,141.5662,,,0.278591,0.000387817,49,0.362682
179596,141.5845,,,0.278116,0.000387813,49,0.295626
179625,141.6029,,,0.285466,0.000387809,49,0.317307
179654,141.6212,,,0.370599,0.000387805,49,0.537327
179683,141.6396,,,0.313553,0.000387802,49,0.315403
179712,141.6580,,,0.29062,0.000387798,49,0.402788
179741,141.6764,,,0.253323,0.000387794,49,0.291838
179770,141.6949,,,0.280076,0.00038779,49,0.293125
179799,141.7133,,,0.312674,0.000387786,49,0.502805
179828,141.7316,,,0.306425,0.000387782,49,0.425878
179857,141.7499,,,0.311223,0.000387778,49,0.31962
179886,141.7683,,,0.294316,0.000387774,49,0.276863
179915,141.7867,,,0.271152,0.00038777,49,0.371823
179944,141.8051,,,0.280972,0.000387766,49,0.286095
179973,141.8235,,,0.36002,0.000387762,49,0.333512
180002,141.8419,,,0.327441,0.000387758,49,0.292802
180031,141.8603,,,0.308556,0.000387754,49,0.246421
180060,141.8787,,,0.289144,0.000387751,49,0.207012
180089,141.8971,,,0.292952,0.000387747,49,0.286831
180118,141.9155,,,0.286878,0.000387743,49,0.245697
180147,141.9339,,,0.215653,0.000387739,49,3.11049
180176,141.9523,,,0.294198,0.000387735,49,0.4202
180205,141.9708,,,0.280198,0.000387731,49,0.252524
180234,141.9892,,,0.28814,0.000387727,49,0.330265
180263,142.0076,,,0.279082,0.000387723,49,0.323597
180292,142.0260,,,0.285295,0.000387719,49,0.388722
180321,142.0444,,,0.311199,0.000387715,49,4.67732
180350,142.0628,,,0.306014,0.000387711,49,0.450245
180379,142.0812,,,0.268707,0.000387707,49,0.30481
180408,142.0997,,,0.295935,0.000387703,49,0.26269
180437,142.1181,,,0.325218,0.000387699,49,0.355205
180466,142.1365,,,0.280662,0.000387696,49,0.329599
180495,142.1549,,,0.351368,0.000387692,49,0.459795
180524,142.1733,,,0.280052,0.000387688,49,0.3589
180553,142.1917,,,0.273136,0.000387684,49,0.205805
180582,142.2101,,,0.283526,0.00038768,49,0.409952
180611,142.2285,,,0.319827,0.000387676,49,0.276682
180640,142.2470,,,0.311536,0.000387672,49,0.437789
180669,142.2654,,,0.302732,0.000387668,49,0.289337
180698,142.2838,,,0.294681,0.000387664,49,0.287354
180727,142.3022,,,0.28919,0.00038766,49,0.280822
180756,142.3206,,,0.281825,0.000387656,49,0.407692
180785,142.3390,,,0.256479,0.000387652,49,0.214324
180814,142.3574,,,0.341435,0.000387648,49,0.39409
180843,142.3758,,,0.323037,0.000387644,49,0.290079
180872,142.3942,,,0.288581,0.00038764,49,0.238747
180901,142.4126,,,0.30766,0.000387636,49,0.327188
180930,142.4310,,,0.279407,0.000387632,49,0.282811
180959,142.4494,,,0.342253,0.000387629,49,0.400262
180988,142.4678,,,0.236044,0.000387625,49,0.256931
181017,142.4862,,,0.335727,0.000387621,49,11.1047
181046,142.5046,,,0.283597,0.000387617,49,0.375441
181075,142.5230,,,0.246093,0.000387613,49,0.242079
181104,142.5414,,,0.259253,0.000387609,49,0.265281
181133,142.5599,,,0.303792,0.000387605,49,0.19717
181162,142.5783,,,0.258148,0.000387601,49,0.233551
181191,142.5967,,,0.315569,0.000387597,49,1.09188
181220,142.6151,,,0.290128,0.000387593,49,0.373388
181249,142.6335,,,0.296176,0.000387589,49,0.242296
181278,142.6519,,,0.293369,0.000387585,49,0.494365
181307,142.6703,,,0.356544,0.000387581,49,0.339874
181336,142.6887,,,0.339152,0.000387577,49,0.337676
181365,142.7071,,,0.332811,0.000387573,49,0.393618
181394,142.7255,,,0.319681,0.000387569,49,0.322432
181423,142.7439,,,0.301946,0.000387565,49,0.238775
181452,142.7623,,,0.307597,0.000387561,49,0.285667
181481,142.7807,,,0.291075,0.000387557,49,0.34539
181510,142.7992,,,0.309454,0.000387553,49,0.302737
181539,142.8176,,,0.342004,0.00038755,49,0.289628
181549,143.3845,0.296802,0.301891,,,49,
181568,143.3970,,,0.268102,0.000387546,50,0.398994
181597,143.4154,,,0.335259,0.000387542,50,0.276851
181626,143.4339,,,0.350164,0.000387538,50,0.368694
181655,143.4523,,,0.34934,0.000387534,50,0.365773
181684,143.4707,,,0.312246,0.00038753,50,0.341104
181713,143.4891,,,0.289035,0.000387526,50,0.271983
181742,143.5075,,,0.238464,0.000387522,50,0.249772
181771,143.5259,,,0.335514,0.000387518,50,0.375927
181800,143.5443,,,0.288646,0.000387514,50,0.372933
181829,143.5628,,,0.274133,0.00038751,50,0.252623
181858,143.5812,,,0.288247,0.000387506,50,0.317735
181887,143.5996,,,0.289826,0.000387502,50,0.400925
181916,143.6180,,,0.41884,0.000387498,50,0.404656
181945,143.6364,,,0.305727,0.000387494,50,0.313905
181974,143.6549,,,0.321437,0.00038749,50,0.308669
182003,143.6733,,,0.268516,0.000387486,50,0.243371
182032,143.6917,,,0.303939,0.000387482,50,0.293676
182061,143.7101,,,0.306727,0.000387478,50,0.26872
182090,143.7285,,,0.291404,0.000387474,50,0.246069
182119,143.7469,,,0.305106,0.00038747,50,0.231594
182148,143.7653,,,0.311153,0.000387466,50,0.236778
182177,143.7838,,,0.294245,0.000387462,50,0.323363
182206,143.8022,,,0.328652,0.000387458,50,0.384519
182235,143.8206,,,0.28441,0.000387454,50,0.313501
182264,143.8390,,,0.283268,0.00038745,50,0.304758
182293,143.8574,,,0.277575,0.000387446,50,0.20762
182322,143.8759,,,0.312903,0.000387442,50,0.285069
182351,143.8943,,,0.326906,0.000387438,50,0.300388
182380,143.9127,,,0.264787,0.000387434,50,0.236052
182409,143.9311,,,0.310131,0.000387431,50,0.26911
182438,143.9495,,,0.363806,0.000387427,50,0.345651
182467,143.9679,,,0.238275,0.000387423,50,0.222439
182496,143.9863,,,0.293869,0.000387419,50,0.268016
182525,144.0048,,,0.322985,0.000387415,50,0.221857
182554,144.0232,,,0.267074,0.000387411,50,0.218996
182583,144.0416,,,0.295374,0.000387407,50,0.347569
182612,144.0600,,,0.316792,0.000387403,50,0.236653
182641,144.0784,,,0.271165,0.000387399,50,0.234939
182670,144.0968,,,0.282592,0.000387395,50,0.288301
182699,144.1152,,,0.298724,0.000387391,50,0.486445
182728,144.1337,,,0.25097,0.000387387,50,0.22376
182757,144.1521,,,0.242892,0.000387383,50,0.243153
182786,144.1705,,,0.311691,0.000387379,50,0.295268
182815,144.1889,,,0.296912,0.000387375,50,0.259812
182844,144.2073,,,0.28302,0.000387371,50,0.287296
182873,144.2257,,,0.274863,0.000387367,50,0.213573
182902,144.2442,,,0.353551,0.000387363,50,0.286195
182931,144.2626,,,0.332363,0.000387359,50,0.496584
182960,144.2810,,,0.357015,0.000387355,50,0.263978
182989,144.2994,,,0.339518,0.000387351,50,0.381704
183018,144.3178,,,0.322821,0.000387347,50,0.387973
183047,144.3362,,,0.260346,0.000387343,50,0.295031
183076,144.3546,,,0.287099,0.000387339,50,0.276673
183105,144.3730,,,0.300583,0.000387335,50,0.261698
183134,144.3915,,,0.328422,0.000387331,50,0.263849
183163,144.4099,,,0.274024,0.000387327,50,0.251842
183192,144.4283,,,0.297083,0.000387323,50,0.238212
183221,144.4467,,,0.360936,0.000387319,50,0.363403
183250,144.4651,,,0.306833,0.000387315,50,0.272015
183279,144.4835,,,0.287096,0.000387311,50,0.311229
183308,144.5019,,,0.348828,0.000387307,50,0.334397
183337,144.5203,,,0.373651,0.000387303,50,0.395886
183366,144.5388,,,0.256377,0.000387299,50,0.234917
183395,144.5572,,,0.259693,0.000387295,50,0.297561
183424,144.5756,,,0.252428,0.000387291,50,0.354568
183453,144.5940,,,0.306275,0.000387287,50,0.424992
183482,144.6124,,,0.306321,0.000387283,50,0.327247
183511,144.6308,,,0.305968,0.000387279,50,0.247436
183540,144.6493,,,0.327167,0.000387275,50,0.308719
183569,144.6677,,,0.304971,0.000387271,50,0.393586
183598,144.6861,,,0.268056,0.000387267,50,0.272926
183627,144.7045,,,0.270374,0.000387263,50,0.340906
183656,144.7229,,,0.258797,0.000387259,50,0.376394
183685,144.7413,,,0.306102,0.000387255,50,0.323259
183714,144.7597,,,0.296263,0.000387251,50,0.314385
183743,144.7782,,,0.282795,0.000387247,50,0.448234
183772,144.7966,,,0.336225,0.000387243,50,0.365307
183801,144.8150,,,0.356521,0.000387239,50,0.317389
183830,144.8334,,,0.311151,0.000387235,50,0.498676
183859,144.8518,,,0.248181,0.000387231,50,0.26708
183888,144.8701,,,0.307611,0.000387227,50,0.294722
183917,144.8886,,,0.254721,0.000387223,50,0.269918
183946,144.9070,,,0.286701,0.000387219,50,0.338334
183975,144.9254,,,0.283304,0.000387215,50,0.257033
184004,144.9437,,,0.291394,0.000387211,50,0.337553
184033,144.9621,,,0.349014,0.000387207,50,0.324954
184062,144.9805,,,0.308075,0.000387203,50,0.337808
184091,144.9990,,,0.298422,0.000387199,50,0.292321
184120,145.0174,,,0.287518,0.000387195,50,0.367251
184149,145.0357,,,0.295273,0.000387191,50,0.263431
184178,145.0541,,,0.325182,0.000387187,50,0.32972
184207,145.0725,,,0.332098,0.000387183,50,0.379943
184236,145.0909,,,0.259486,0.000387179,50,0.219854
184265,145.1093,,,0.329664,0.000387175,50,0.397729
184294,145.1278,,,0.311145,0.000387171,50,0.302536
184323,145.1462,,,0.245534,0.000387167,50,0.246844
184352,145.1646,,,0.256723,0.000387163,50,0.242892
184381,145.1830,,,0.26921,0.000387159,50,0.24538
184410,145.2014,,,0.299625,0.000387155,50,0.255739
184439,145.2198,,,0.318902,0.000387151,50,0.275777
184468,145.2382,,,0.319935,0.000387147,50,0.426784
184497,145.2566,,,0.289601,0.000387143,50,0.258325
184526,145.2750,,,0.284873,0.000387139,50,0.37012
184555,145.2934,,,0.321023,0.000387135,50,0.328523
184584,145.3119,,,0.279489,0.000387131,50,0.282926
184613,145.3303,,,0.312279,0.000387127,50,0.360874
184642,145.3487,,,0.304016,0.000387123,50,0.284669
184671,145.3671,,,0.316857,0.000387119,50,0.2669
184700,145.3855,,,0.265284,0.000387115,50,1.11675
184729,145.4039,,,0.275105,0.00038711,50,0.315673
184758,145.4223,,,0.244929,0.000387106,50,0.276672
184787,145.4407,,,0.28802,0.000387102,50,0.32828
184816,145.4591,,,0.28657,0.000387098,50,0.303209
184845,145.4775,,,0.314791,0.000387094,50,0.28726
184874,145.4959,,,0.293805,0.00038709,50,0.280557
184903,145.5143,,,0.324758,0.000387086,50,0.306431
184932,145.5329,,,0.260848,0.000387082,50,0.385051
184961,145.5515,,,0.34171,0.000387078,50,0.419254
184990,145.5701,,,0.33166,0.000387074,50,0.406777
185019,145.5888,,,0.275758,0.00038707,50,0.348181
185048,145.6074,,,0.288586,0.000387066,50,0.346578
185077,145.6260,,,0.30735,0.000387062,50,0.379726
185106,145.6446,,,0.279289,0.000387058,50,0.236811
185135,145.6636,,,0.301084,0.000387054,50,0.298908
185164,145.6827,,,0.280257,0.00038705,50,0.240042
185180,146.3396,0.298836,0.301912,,,50,
185193,146.3487,,,0.282692,0.000387046,51,0.348335
185222,146.3676,,,0.293952,0.000387042,51,0.34369
185251,146.3866,,,0.292429,0.000387038,51,0.404371
185280,146.4052,,,0.285713,0.000387034,51,0.426599
185309,146.4238,,,0.319174,0.00038703,51,0.353533
185338,146.4424,,,0.335009,0.000387026,51,0.340914
185367,146.4610,,,0.270617,0.000387022,51,0.961635
185396,146.4796,,,0.344634,0.000387018,51,0.307874
185425,146.4982,,,0.284688,0.000387014,51,0.292678
185454,146.5168,,,0.338802,0.00038701,51,0.431785
185483,146.5354,,,0.278427,0.000387006,51,0.210695
185512,146.5538,,,0.284957,0.000387002,51,0.348131
185541,146.5722,,,0.289769,0.000386998,51,0.21583
185570,146.5906,,,0.297912,0.000386993,51,0.384862
185599,146.6091,,,0.280131,0.000386989,51,0.480451
185628,146.6275,,,0.324988,0.000386985,51,0.477925
185657,146.6459,,,0.350984,0.000386981,51,0.350963
185686,146.6643,,,0.32392,0.000386977,51,0.291006
185715,146.6827,,,0.269541,0.000386973,51,0.468537
185744,146.7011,,,0.363818,0.000386969,51,0.400433
185773,146.7195,,,0.317208,0.000386965,51,0.329144
185802,146.7379,,,0.320416,0.000386961,51,0.389802
185831,146.7564,,,0.307916,0.000386957,51,0.285482
185860,146.7748,,,0.369927,0.000386953,51,0.494895
185889,146.7932,,,0.23896,0.000386949,51,0.242878
185918,146.8116,,,0.291566,0.000386945,51,0.289863
185947,146.8300,,,0.346223,0.000386941,51,0.416484
185976,146.8484,,,0.252236,0.000386937,51,0.311329
186005,146.8668,,,0.34237,0.000386933,51,0.239661
186034,146.8852,,,0.301085,0.000386929,51,0.38999
186063,146.9037,,,0.29851,0.000386925,51,0.293479
186092,146.9221,,,0.288146,0.000386921,51,0.300746
186121,146.9405,,,0.327058,0.000386917,51,0.33255
186150,146.9589,,,0.304777,0.000386913,51,0.343563
186179,146.9773,,,0.315981,0.000386908,51,0.39613
186208,146.9957,,,0.312404,0.000386904,51,0.282825
186237,147.0142,,,0.324848,0.0003869,51,0.320517
186266,147.0326,,,0.327609,0.000386896,51,0.471136
186295,147.0509,,,0.303706,0.000386892,51,0.567961
186324,147.0693,,,0.297259,0.000386888,51,0.297796
186353,147.0877,,,0.29394,0.000386884,51,0.274604
186382,147.1061,,,0.283387,0.00038688,51,0.348169
186411,147.1245,,,0.280982,0.000386876,51,0.257129
186440,147.1429,,,0.309996,0.000386872,51,0.361589
186469,147.1613,,,0.350369,0.000386868,51,0.368353
186498,147.1797,,,0.289325,0.000386864,51,0.306363
186527,147.1981,,,0.297215,0.00038686,51,0.306193
186556,147.2165,,,0.290709,0.000386856,51,0.227611
186585,147.2349,,,0.256147,0.000386852,51,0.250121
186614,147.2533,,,0.329964,0.000386848,51,0.309207
186643,147.2717,,,0.297863,0.000386844,51,0.339778
186672,147.2901,,,0.277484,0.000386839,51,0.236476
186701,147.3085,,,0.247775,0.000386835,51,0.273659
186730,147.3269,,,0.385174,0.000386831,51,0.41948
186759,147.3453,,,0.295501,0.000386827,51,0.302095
186788,147.3637,,,0.231513,0.000386823,51,0.264665
186817,147.3829,,,0.311583,0.000386819,51,0.281894
186846,147.4022,,,0.298215,0.000386815,51,0.403047
186875,147.4212,,,0.297777,0.000386811,51,0.52557
186904,147.4405,,,0.351901,0.000386807,51,0.398935
186933,147.4595,,,0.268169,0.000386803,51,0.284183
186962,147.4787,,,0.284636,0.000386799,51,0.299234
186991,147.4979,,,0.321751,0.000386795,51,0.404534
187020,147.5171,,,0.288401,0.000386791,51,0.345342
187049,147.5363,,,0.292068,0.000386787,51,0.304786
187078,147.5553,,,0.365393,0.000386782,51,0.256855
187107,147.5744,,,0.320472,0.000386778,51,0.258257
187136,147.5935,,,0.320083,0.000386774,51,0.466563
187165,147.6126,,,0.274467,0.00038677,51,0.291141
187194,147.6319,,,0.3084,0.000386766,51,0.461937
187223,147.6509,,,0.274126,0.000386762,51,0.222226
187252,147.6700,,,0.290156,0.000386758,51,0.380854
187281,147.6892,,,0.250338,0.000386754,51,0.276774
187310,147.7084,,,0.298068,0.00038675,51,0.348993
187339,147.7275,,,0.331523,0.000386746,51,0.401819
187368,147.7469,,,0.328992,0.000386742,51,0.343535
187397,147.7660,,,0.311408,0.000386738,51,0.640326
187426,147.7852,,,0.260902,0.000386734,51,0.243947
187455,147.8045,,,0.353735,0.000386729,51,0.374264
187484,147.8235,,,0.313167,0.000386725,51,0.40683
187513,147.8426,,,0.334058,0.000386721,51,0.271676
187542,147.8617,,,0.292742,0.000386717,51,0.2772
187571,147.8808,,,0.262982,0.000386713,51,0.281772
187600,147.9001,,,0.303774,0.000386709,51,0.391311
187629,147.9191,,,0.282821,0.000386705,51,0.334085
187658,147.9382,,,0.287792,0.000386701,51,4.59449
187687,147.9573,,,0.348061,0.000386697,51,0.398993
187716,147.9764,,,0.308954,0.000386693,51,0.321507
187745,147.9956,,,0.288986,0.000386689,51,0.503703
187774,148.0147,,,0.253004,0.000386685,51,0.267867
187803,148.0337,,,0.257981,0.00038668,51,0.264172
187832,148.0528,,,0.267654,0.000386676,51,0.320337
187861,148.0720,,,0.29437,0.000386672,51,0.332657
187890,148.0910,,,0.258678,0.000386668,51,0.361313
187919,148.1102,,,0.315125,0.000386664,51,0.43648
187948,148.1292,,,0.324743,0.00038666,51,0.31317
187977,148.1481,,,0.378205,0.000386656,51,0.359223
188006,148.1673,,,0.348195,0.000386652,51,0.330944
188035,148.1863,,,0.255911,0.000386648,51,0.26556
188064,148.2053,,,0.231469,0.000386644,51,0.259339
188093,148.2244,,,0.348989,0.00038664,51,0.261929
188122,148.2435,,,0.279064,0.000386635,51,0.285285
188151,148.2625,,,0.279446,0.000386631,51,0.449456
188180,148.2813,,,0.279289,0.000386627,51,0.331577
188209,148.2998,,,0.334191,0.000386623,51,0.461026
188238,148.3181,,,0.330151,0.000386619,51,0.37781
188267,148.3365,,,0.346457,0.000386615,51,0.507119
188296,148.3549,,,0.3102,0.000386611,51,0.293227
188325,148.3733,,,0.318068,0.000386607,51,0.282595
188354,148.3916,,,0.255496,0.000386603,51,0.343416
188383,148.4099,,,0.272713,0.000386599,51,0.353391
188412,148.4283,,,0.299378,0.000386594,51,0.24774
188441,148.4466,,,0.288044,0.00038659,51,0.807109
188470,148.4650,,,0.311497,0.000386586,51,0.300548
188499,148.4833,,,0.242045,0.000386582,51,0.288258
188528,148.5017,,,0.272726,0.000386578,51,0.258976
188557,148.5201,,,0.287751,0.000386574,51,0.358028
188586,148.5385,,,0.363652,0.00038657,51,0.535007
188615,148.5568,,,0.302922,0.000386566,51,0.374117
188644,148.5752,,,0.344446,0.000386562,51,0.45616
188673,148.5935,,,0.39628,0.000386557,51,0.443086
188702,148.6118,,,0.306898,0.000386553,51,0.280308
188731,148.6302,,,0.314632,0.000386549,51,0.618942
188760,148.6486,,,0.262299,0.000386545,51,0.409933
188789,148.6670,,,0.278665,0.000386541,51,0.357084
188811,149.2996,0.297632,0.30205,,,51,
188818,149.3049,,,0.303581,0.000386537,52,0.365244
188847,149.3241,,,0.263499,0.000386533,52,0.328925
188876,149.3432,,,0.258933,0.000386529,52,0.266967
188905,149.3623,,,0.333041,0.000386525,52,0.362417
188934,149.3814,,,0.306681,0.00038652,52,0.246394
188963,149.4005,,,0.341443,0.000386516,52,0.373483
188992,149.4197,,,0.28295,0.000386512,52,0.239457
189021,149.4387,,,0.285674,0.000386508,52,0.434266
189050,149.4578,,,0.286077,0.000386504,52,0.288469
189079,149.4769,,,0.308169,0.0003865,52,0.275933
189108,149.4963,,,0.300244,0.000386496,52,0.310139
189137,149.5154,,,0.293292,0.000386492,52,0.444739
189166,149.5345,,,0.299351,0.000386488,52,0.231639
189195,149.5535,,,0.291116,0.000386483,52,0.303658
189224,149.5726,,,0.27194,0.000386479,52,0.219906
189253,149.5917,,,0.293897,0.000386475,52,0.309481
189282,149.6109,,,0.316002,0.000386471,52,0.442731
189311,149.6301,,,0.310782,0.000386467,52,0.677084
189340,149.6493,,,0.317836,0.000386463,52,0.297029
189369,149.6685,,,0.263962,0.000386459,52,0.286439
189398,149.6878,,,0.327754,0.000386455,52,0.489924
189427,149.7071,,,0.308438,0.00038645,52,0.553143
189456,149.7263,,,0.328107,0.000386446,52,0.46688
189485,149.7455,,,0.323467,0.000386442,52,0.310384
189514,149.7643,,,0.288273,0.000386438,52,0.329268
189543,149.7829,,,0.290622,0.000386434,52,0.300331
189572,149.8015,,,0.326632,0.00038643,52,0.551098
189601,149.8200,,,0.309282,0.000386426,52,0.353507
189630,149.8385,,,0.31401,0.000386422,52,0.358094
189659,149.8568,,,0.316568,0.000386417,52,2.48234
189688,149.8752,,,0.336249,0.000386413,52,0.443657
189717,149.8936,,,0.272691,0.000386409,52,0.281242
189746,149.9119,,,0.300163,0.000386405,52,0.425239
189775,149.9302,,,0.302961,0.000386401,52,0.33443
189804,149.9486,,,0.313455,0.000386397,52,0.331257
189833,149.9670,,,0.296548,0.000386393,52,0.486593
189862,149.9855,,,0.276037,0.000386389,52,0.286812
189891,150.0040,,,0.27906,0.000386384,52,0.284028
189920,150.0226,,,0.284942,0.00038638,52,0.367102
189949,150.0418,,,0.237363,0.000386376,52,0.562757
189978,150.0610,,,0.313411,0.000386372,52,0.317145
190007,150.0801,,,0.320096,0.000386368,52,0.424758
190036,150.0990,,,0.364752,0.000386364,52,0.394212
190065,150.1182,,,0.280962,0.00038636,52,0.342543
190094,150.1373,,,0.311367,0.000386356,52,0.412276
190123,150.1566,,,0.322684,0.000386351,52,1.51245
190152,150.1759,,,0.310566,0.000386347,52,6.04796
190181,150.1949,,,0.263682,0.000386343,52,0.437877
190210,150.2139,,,0.274092,0.000386339,52,0.342322
190239,150.2330,,,0.277436,0.000386335,52,0.350378
190268,150.2521,,,0.283144,0.000386331,52,0.301086
190297,150.2711,,,0.358407,0.000386327,52,0.591075
190326,150.2900,,,0.27301,0.000386322,52,0.40198
190355,150.3091,,,0.277113,0.000386318,52,0.330437
190384,150.3281,,,0.367288,0.000386314,52,0.559897
190413,150.3473,,,0.297995,0.00038631,52,0.361315
190442,150.3663,,,0.290582,0.000386306,52,1.11579
190471,150.3854,,,0.299297,0.000386302,52,0.415408
190500,150.4047,,,0.27607,0.000386298,52,0.44603
190529,150.4238,,,0.306433,0.000386293,52,0.427961
190558,150.4428,,,0.320455,0.000386289,52,0.439159
190587,150.4619,,,0.335703,0.000386285,52,0.476797
190616,150.4809,,,0.339743,0.000386281,52,0.467133
190645,150.4999,,,0.277694,0.000386277,52,0.304859
190674,150.5189,,,0.295268,0.000386273,52,0.364588
190703,150.5379,,,0.282883,0.000386269,52,0.393092
190732,150.5568,,,0.330864,0.000386264,52,0.490668
190761,150.5757,,,0.30043,0.00038626,52,0.490542
190790,150.5948,,,0.325723,0.000386256,52,0.375221
190819,150.6139,,,0.275438,0.000386252,52,0.487814
190848,150.6328,,,0.322275,0.000386248,52,0.41435
190877,150.6520,,,0.317192,0.000386244,52,0.342774
190906,150.6711,,,0.26897,0.000386239,52,0.333768
190935,150.6901,,,0.333863,0.000386235,52,0.380556
190964,150.7093,,,0.290496,0.000386231,52,0.363833
190993,150.7284,,,0.292384,0.000386227,52,0.433015
191022,150.7476,,,0.289357,0.000386223,52,0.345831
191051,150.7666,,,0.276222,0.000386219,52,0.392368
191080,150.7857,,,0.287297,0.000386214,52,0.314434
191109,150.8048,,,0.260715,0.00038621,52,0.30931
191138,150.8239,,,0.268146,0.000386206,52,0.298167
191167,150.8431,,,0.278582,0.000386202,52,0.428548
191196,150.8616,,,0.385091,0.000386198,52,0.617218
191225,150.8802,,,0.267085,0.000386194,52,0.361175
191254,150.8988,,,0.255703,0.00038619,52,0.280425
191283,150.9173,,,0.25159,0.000386185,52,0.226801
191312,150.9357,,,0.312951,0.000386181,52,0.345264
191341,150.9540,,,0.337976,0.000386177,52,0.517243
191370,150.9724,,,0.359593,0.000386173,52,0.417545
191399,150.9908,,,0.294247,0.000386169,52,2.70527
191428,151.0092,,,0.303455,0.000386165,52,0.346496
191457,151.0276,,,0.259658,0.00038616,52,0.367963
191486,151.0459,,,0.346876,0.000386156,52,0.492372
191515,151.0643,,,0.294489,0.000386152,52,0.341664
191544,151.0827,,,0.329302,0.000386148,52,0.334426
191573,151.1011,,,0.27181,0.000386144,52,0.382502
191602,151.1195,,,0.332418,0.00038614,52,0.329944
191631,151.1379,,,0.311945,0.000386135,52,0.50278
191660,151.1563,,,0.31386,0.000386131,52,0.349994
191689,151.1747,,,0.327037,0.000386127,52,0.360185
191718,151.1930,,,0.34391,0.000386123,52,0.621957
191747,151.2114,,,0.330005,0.000386119,52,0.486094
191776,151.2298,,,0.330981,0.000386115,52,0.345571
191805,151.2482,,,0.317873,0.00038611,52,0.417474
191834,151.2666,,,0.33211,0.000386106,52,0.553634
191863,151.2849,,,0.27676,0.000386102,52,0.465901
191892,151.3033,,,0.284988,0.000386098,52,0.345337
191921,151.3217,,,0.297051,0.000386094,52,0.609634
191950,151.3401,,,0.290346,0.00038609,52,0.345091
191979,151.3584,,,0.317414,0.000386085,52,0.305238
192008,151.3768,,,0.329228,0.000386081,52,0.262563
192037,151.3952,,,0.324979,0.000386077,52,0.40598
192066,151.4136,,,0.299646,0.000386073,52,0.383205
192095,151.4320,,,0.288172,0.000386069,52,0.292516
192124,151.4504,,,0.276513,0.000386064,52,0.420788
192153,151.4688,,,0.281643,0.00038606,52,0.259551
192182,151.4872,,,0.275949,0.000386056,52,0.457493
192211,151.5056,,,0.330144,0.000386052,52,1.16468
192240,151.5240,,,0.322804,0.000386048,52,0.375783
192269,151.5424,,,0.324175,0.000386044,52,2.37864
192298,151.5608,,,0.345023,0.000386039,52,1.57233
192327,151.5792,,,0.290994,0.000386035,52,0.459491
192356,151.5976,,,0.306982,0.000386031,52,0.336536
192385,151.6160,,,0.301706,0.000386027,52,0.33526
192414,151.6344,,,0.293369,0.000386023,52,0.372191
192442,152.2126,0.296922,0.3033,,,52,
192443,152.2136,,,0.376964,0.000386018,53,0.518004
192472,152.2320,,,0.28598,0.000386014,53,0.288025
192501,152.2504,,,0.292169,0.00038601,53,0.377239
192530,152.2688,,,0.316147,0.000386006,53,0.352778
192559,152.2872,,,0.322645,0.000386002,53,0.386172
192588,152.3056,,,0.279752,0.000385997,53,0.386797
192617,152.3240,,,0.267376,0.000385993,53,0.366546
192646,152.3424,,,0.29044,0.000385989,53,0.24594
192675,152.3608,,,0.309783,0.000385985,53,0.403449
192704,152.3793,,,0.273404,0.000385981,53,0.282801
192733,152.3976,,,0.283896,0.000385977,53,0.296799
192762,152.4160,,,0.285155,0.000385972,53,0.270262
192791,152.4344,,,0.31631,0.000385968,53,0.337727
192820,152.4528,,,0.337917,0.000385964,53,0.37513
192849,152.4712,,,0.341437,0.00038596,53,0.40958
192878,152.4896,,,0.311517,0.000385956,53,0.453785
192907,152.5079,,,0.372414,0.000385951,53,0.551183
192936,152.5263,,,0.279992,0.000385947,53,0.371286
192965,152.5446,,,0.285313,0.000385943,53,0.383623
192994,152.5630,,,0.347206,0.000385939,53,0.548014
193023,152.5814,,,0.317231,0.000385935,53,0.338195
193052,152.5998,,,0.316292,0.00038593,53,0.875141
193081,152.6181,,,0.318523,0.000385926,53,0.490635
193110,152.6365,,,0.334369,0.000385922,53,0.350427
193139,152.6548,,,0.246231,0.000385918,53,0.400501
193168,152.6731,,,0.259994,0.000385914,53,0.337973
193197,152.6915,,,0.289894,0.000385909,53,0.353439
193226,152.7098,,,0.27473,0.000385905,53,2.20541
193255,152.7281,,,0.311748,0.000385901,53,0.404523
193284,152.7465,,,0.302366,0.000385897,53,0.350094
193313,152.7649,,,0.308045,0.000385893,53,0.537553
193342,152.7833,,,0.255698,0.000385888,53,0.48406
193371,152.8017,,,0.31267,0.000385884,53,0.315287
193400,152.8201,,,0.276744,0.00038588,53,0.364577
193429,152.8384,,,0.288244,0.000385876,53,0.339385
193458,152.8568,,,0.383658,0.000385872,53,0.576151
193487,152.8752,,,0.29967,0.000385867,53,0.359083
193516,152.8935,,,0.298422,0.000385863,53,0.62285
193545,152.9119,,,0.331549,0.000385859,53,0.388472
193574,152.9302,,,0.278496,0.000385855,53,0.30712
193603,152.9486,,,0.306799,0.000385851,53,0.634897
193632,152.9670,,,0.271938,0.000385846,53,0.318485
193661,152.9853,,,0.322585,0.000385842,53,0.382699
193690,153.0037,,,0.343111,0.000385838,53,0.47365
193719,153.0220,,,0.284132,0.000385834,53,0.293733
193748,153.0404,,,0.282684,0.000385829,53,0.24609
193777,153.0587,,,0.348996,0.000385825,53,0.412032
193806,153.0772,,,0.310429,0.000385821,53,0.523228
193835,153.0955,,,0.321407,0.000385817,53,0.462844
193864,153.1138,,,0.323749,0.000385813,53,0.610546
193893,153.1322,,,0.352837,0.000385808,53,0.54731
193922,153.1505,,,0.355052,0.000385804,53,0.523643
193951,153.1688,,,0.333561,0.0003858,53,0.477942
193980,153.1872,,,0.239456,0.000385796,53,0.265176
194009,153.2055,,,0.344431,0.000385792,53,0.57199
194038,153.2239,,,0.271108,0.000385787,53,0.355031
194067,153.2422,,,0.37321,0.000385783,53,0.482164
194096,153.2606,,,0.30611,0.000385779,53,0.412275
194125,153.2789,,,0.299788,0.000385775,53,0.459371
194154,153.2972,,,0.275988,0.00038577,53,0.414865
194183,153.3155,,,0.306633,0.000385766,53,0.522918
194212,153.3339,,,0.334678,0.000385762,53,0.440878
194241,153.3531,,,0.272026,0.000385758,53,0.307183
194270,153.3723,,,0.257198,0.000385754,53,0.299484
194299,153.3914,,,0.318895,0.000385749,53,0.448146
194328,153.4104,,,0.315889,0.000385745,53,0.38831
194357,153.4295,,,0.309478,0.000385741,53,0.40673
194386,153.4484,,,0.292364,0.000385737,53,0.415109
194415,153.4675,,,0.303959,0.000385732,53,0.323343
194444,153.4867,,,0.365407,0.000385728,53,0.573519
194473,153.5059,,,0.290959,0.000385724,53,0.858057
194502,153.5249,,,0.297406,0.00038572,53,0.434488
194531,153.5440,,,0.272985,0.000385716,53,0.384532
194560,153.5630,,,0.29057,0.000385711,53,0.313449
194589,153.5820,,,0.300487,0.000385707,53,0.265611
194618,153.6010,,,0.286257,0.000385703,53,0.413051
194647,153.6202,,,0.324687,0.000385699,53,0.452218
194676,153.6392,,,0.323279,0.000385694,53,0.362328
194705,153.6581,,,0.301785,0.00038569,53,0.278999
194734,153.6772,,,0.25446,0.000385686,53,0.224935
194763,153.6961,,,0.320262,0.000385682,53,0.532598
194792,153.7151,,,0.287213,0.000385677,53,0.35255
194821,153.7340,,,0.266176,0.000385673,53,0.362262
194850,153.7531,,,0.292418,0.000385669,53,0.28782
194879,153.7722,,,0.258505,0.000385665,53,0.293756
194908,153.7913,,,0.28855,0.00038566,53,0.283679
194937,153.8102,,,0.339507,0.000385656,53,0.349758
194966,153.8292,,,0.31242,0.000385652,53,0.358357
194995,153.8482,,,0.331933,0.000385648,53,0.601254
195024,153.8673,,,0.240569,0.000385644,53,0.323413
195053,153.8863,,,0.31501,0.000385639,53,0.377025
195082,153.9054,,,0.297678,0.000385635,53,0.330283
195111,153.9246,,,0.292725,0.000385631,53,0.303833
195140,153.9436,,,0.275799,0.000385627,53,0.497421
195169,153.9627,,,0.264724,0.000385622,53,0.268142
195198,153.9817,,,0.31811,0.000385618,53,0.424986
195227,154.0007,,,0.305374,0.000385614,53,0.498898
195256,154.0197,,,0.31009,0.00038561,53,0.458009
195285,154.0388,,,0.359907,0.000385605,53,0.525943
195314,154.0578,,,0.256215,0.000385601,53,0.250457
195343,154.0768,,,0.350298,0.000385597,53,0.335418
195372,154.0957,,,0.317356,0.000385593,53,0.517052
195401,154.1146,,,0.300448,0.000385588,53,0.279605
195430,154.1336,,,0.31645,0.000385584,53,0.31747
195459,154.1525,,,0.336899,0.00038558,53,0.307822
195488,154.1715,,,0.290487,0.000385576,53,0.366581
195517,154.1905,,,0.241849,0.000385571,53,0.324037
195546,154.2096,,,0.307731,0.000385567,53,0.267148
195575,154.2286,,,0.278647,0.000385563,53,0.643181
195604,154.2476,,,0.334742,0.000385559,53,0.392701
195633,154.2660,,,0.297651,0.000385554,53,0.3194
195662,154.2845,,,0.328455,0.00038555,53,0.627241
195691,154.3028,,,0.293308,0.000385546,53,0.257851
195720,154.3212,,,0.280579,0.000385542,53,0.224511
195749,154.3396,,,0.297651,0.000385537,53,0.362012
195778,154.3579,,,0.284401,0.000385533,53,0.480697
195807,154.3762,,,0.28626,0.000385529,53,0.363568
195836,154.3945,,,0.322756,0.000385525,53,0.355283
195865,154.4129,,,0.271169,0.00038552,53,0.273204
195894,154.4312,,,0.33363,0.000385516,53,0.487229
195923,154.4495,,,0.344412,0.000385512,53,0.352198
195952,154.4678,,,0.339012,0.000385508,53,0.639093
195981,154.4862,,,0.330572,0.000385503,53,0.377432
196010,154.5046,,,0.279774,0.000385499,53,0.449522
196039,154.5230,,,0.298781,0.000385495,53,0.512203
196068,154.5414,,,0.298417,0.000385491,53,0.333054
196073,155.1046,0.296971,0.300885,,,53,
196097,155.1202,,,0.284239,0.000385486,54,0.39429
196126,155.1385,,,0.344225,0.000385482,54,0.660284
196155,155.1569,,,0.30978,0.000385478,54,0.296164
196184,155.1753,,,0.292628,0.000385473,54,0.349553
196213,155.1937,,,0.30818,0.000385469,54,0.514961
196242,155.2122,,,0.312981,0.000385465,54,0.391563
196271,155.2306,,,0.373803,0.000385461,54,0.384913
196300,155.2490,,,0.289752,0.000385456,54,0.365396
196329,155.2674,,,0.288807,0.000385452,54,0.331797
196358,155.2857,,,0.320248,0.000385448,54,0.413484
196387,155.3041,,,0.347575,0.000385444,54,0.449326
196416,155.3224,,,0.301136,0.000385439,54,0.603362
196445,155.3408,,,0.283406,0.000385435,54,0.368523
196474,155.3592,,,0.34741,0.000385431,54,0.491336
196503,155.3776,,,0.329341,0.000385427,54,0.367684
196532,155.3959,,,0.305215,0.000385422,54,0.428653
196561,155.4143,,,0.281763,0.000385418,54,0.273791
196590,155.4327,,,0.330164,0.000385414,54,0.472192
196619,155.4510,,,0.256439,0.000385409,54,0.212238
196648,155.4694,,,0.319688,0.000385405,54,0.336957
196677,155.4878,,,0.288351,0.000385401,54,0.369793
196706,155.5061,,,0.306062,0.000385397,54,0.417387
196735,155.5245,,,0.344984,0.000385392,54,0.73845
196764,155.5428,,,0.265248,0.000385388,54,0.293404
196793,155.5612,,,0.292991,0.000385384,54,0.419928
196822,155.5796,,,0.287228,0.00038538,54,0.276857
196851,155.5979,,,0.329598,0.000385375,54,0.350106
196880,155.6164,,,0.292591,0.000385371,54,0.32155
196909,155.6347,,,0.324943,0.000385367,54,0.506262
196938,155.6531,,,0.325024,0.000385362,54,0.417998
196967,155.6715,,,0.334891,0.000385358,54,0.577312
196996,155.6899,,,0.237893,0.000385354,54,0.319064
197025,155.7083,,,0.298352,0.00038535,54,0.260758
197054,155.7266,,,0.262798,0.000385345,54,0.379272
197083,155.7450,,,0.264469,0.000385341,54,0.306642
197112,155.7635,,,0.298724,0.000385337,54,0.42524
197141,155.7819,,,0.298325,0.000385332,54,0.372262
197170,155.8003,,,0.315444,0.000385328,54,0.466642
197199,155.8187,,,0.276518,0.000385324,54,0.32367
197228,155.8371,,,0.341106,0.00038532,54,0.847756
197257,155.8554,,,0.27462,0.000385315,54,0.379652
197286,155.8738,,,0.234851,0.000385311,54,0.347923
197315,155.8921,,,0.314219,0.000385307,54,0.276081
197344,155.9105,,,0.33417,0.000385302,54,0.231511
197373,155.9288,,,0.310295,0.000385298,54,0.304823
197402,155.9472,,,0.335714,0.000385294,54,0.461527
197431,155.9655,,,0.296008,0.00038529,54,0.338867
197460,155.9839,,,0.318616,0.000385285,54,0.278657
197489,156.0023,,,0.305383,0.000385281,54,0.259532
197518,156.0206,,,0.274549,0.000385277,54,0.294726
197547,156.0389,,,0.270041,0.000385272,54,0.305507
197576,156.0573,,,0.313411,0.000385268,54,0.313831
197605,156.0756,,,0.321067,0.000385264,54,0.327523
197634,156.0940,,,0.29842,0.00038526,54,0.239117
197663,156.1124,,,0.291311,0.000385255,54,0.310071
197692,156.1307,,,0.27522,0.000385251,54,0.317851
197721,156.1491,,,0.341236,0.000385247,54,0.432604
197750,156.1675,,,0.299818,0.000385242,54,0.303283
197779,156.1859,,,0.308366,0.000385238,54,0.329237
197808,156.2042,,,0.366222,0.000385234,54,0.452704
197837,156.2226,,,0.365412,0.000385229,54,0.618916
197866,156.2409,,,0.289016,0.000385225,54,0.352425
197895,156.2593,,,0.307244,0.000385221,54,0.447782
197924,156.2777,,,0.304432,0.000385217,54,0.486476
197953,156.2961,,,0.334472,0.000385212,54,0.504972
197982,156.3145,,,0.324325,0.000385208,54,0.337383
198011,156.3329,,,0.289587,0.000385204,54,0.414162
198040,156.3513,,,0.273809,0.000385199,54,0.462556
198069,156.3697,,,0.336357,0.000385195,54,0.385366
198098,156.3880,,,0.279041,0.000385191,54,0.329735
198127,156.4063,,,0.306783,0.000385186,54,0.493115
198156,156.4247,,,0.258243,0.000385182,54,0.341327
198185,156.4430,,,0.353557,0.000385178,54,0.362801
198214,156.4614,,,0.304581,0.000385174,54,0.445661
198243,156.4798,,,0.273918,0.000385169,54,0.394834
198272,156.4982,,,0.301325,0.000385165,54,0.303015
198301,156.5166,,,0.294184,0.000385161,54,0.309396
198330,156.5350,,,0.290573,0.000385156,54,0.446353
198359,156.5534,,,0.278298,0.000385152,54,0.399328
198388,156.5718,,,0.298393,0.000385148,54,0.506682
198417,156.5902,,,0.277071,0.000385143,54,0.382665
198446,156.6086,,,0.327529,0.000385139,54,0.469718
198475,156.6270,,,0.35939,0.000385135,54,0.808114
198504,156.6454,,,0.288386,0.00038513,54,0.303769
198533,156.6638,,,0.304931,0.000385126,54,0.346921
198562,156.6822,,,0.289159,0.000385122,54,0.340055
198591,156.7005,,,0.313585,0.000385117,54,0.395932
198620,156.7188,,,0.285038,0.000385113,54,0.368306
198649,156.7372,,,0.288225,0.000385109,54,0.298893
198678,156.7556,,,0.295001,0.000385105,54,0.418318
198707,156.7740,,,0.314393,0.0003851,54,0.412028
198736,156.7924,,,0.350521,0.000385096,54,0.697857
198765,156.8108,,,0.349564,0.000385092,54,0.489013
198794,156.8292,,,0.256211,0.000385087,54,0.407832
198823,156.8475,,,0.284584,0.000385083,54,0.443635
198852,156.8659,,,0.303112,0.000385079,54,0.355925
198881,156.8843,,,0.262472,0.000385074,54,0.309062
198910,156.9027,,,0.289735,0.00038507,54,0.627865
198939,156.9211,,,0.327254,0.000385066,54,0.343877
198968,156.9395,,,0.336459,0.000385061,54,0.361152
198997,156.9579,,,0.303679,0.000385057,54,0.393446
199026,156.9764,,,0.3349,0.000385053,54,0.308533
199055,156.9948,,,0.282139,0.000385048,54,0.360901
199084,157.0132,,,0.306608,0.000385044,54,0.443956
199113,157.0315,,,0.289492,0.00038504,54,0.251337
199142,157.0498,,,0.292413,0.000385035,54,0.329987
199171,157.0681,,,0.273506,0.000385031,54,0.288589
199200,157.0865,,,0.29395,0.000385027,54,0.378141
199229,157.1049,,,0.319106,0.000385022,54,0.275402
199258,157.1233,,,0.331198,0.000385018,54,0.364081
199287,157.1417,,,0.267878,0.000385014,54,0.343582
199316,157.1600,,,0.331106,0.000385009,54,0.438198
199345,157.1783,,,0.276512,0.000385005,54,0.383233
199374,157.1966,,,0.290156,0.000385001,54,0.535784
199403,157.2150,,,0.299254,0.000384996,54,0.321105
199432,157.2334,,,0.319041,0.000384992,54,0.82588
199461,157.2518,,,0.319585,0.000384988,54,0.253311
199490,157.2702,,,0.262368,0.000384983,54,0.266481
199519,157.2886,,,0.279737,0.000384979,54,0.368333
199548,157.3069,,,0.325363,0.000384975,54,0.358524
199577,157.3253,,,0.28481,0.00038497,54,0.29446
199606,157.3436,,,0.293322,0.000384966,54,0.289765
199635,157.3619,,,0.285071,0.000384962,54,0.248067
199664,157.3803,,,0.255247,0.000384957,54,0.250892
199693,157.3986,,,0.315432,0.000384953,54,0.373845
199704,157.9656,0.296191,0.300825,,,54,
199722,157.9775,,,0.223078,0.000384949,55,0.299608
199751,157.9959,,,0.3463,0.000384944,55,0.329717
199780,158.0143,,,0.306415,0.00038494,55,0.422177
199809,158.0326,,,0.310392,0.000384936,55,0.605166
199838,158.0510,,,0.25823,0.000384931,55,0.241944
199867,158.0693,,,0.33085,0.000384927,55,0.401136
199896,158.0876,,,0.263682,0.000384923,55,0.57086
199925,158.1059,,,0.242834,0.000384918,55,0.421385
199954,158.1243,,,0.297111,0.000384914,55,0.646946
199983,158.1426,,,0.293724,0.00038491,55,0.238647
200012,158.1610,,,0.271782,0.000384905,55,1.7369
200041,158.1794,,,0.324136,0.000384901,55,1.01419
200070,158.1977,,,0.285798,0.000384897,55,0.284
200099,158.2161,,,0.259878,0.000384892,55,0.23751
200128,158.2345,,,0.273879,0.000384888,55,0.324843
200157,158.2528,,,0.305159,0.000384884,55,0.493245
200186,158.2711,,,0.284354,0.000384879,55,0.370148
200215,158.2894,,,0.315432,0.000384875,55,0.418453
200244,158.3077,,,0.316454,0.000384871,55,0.355718
200273,158.3261,,,0.297885,0.000384866,55,0.354781
200302,158.3445,,,0.284333,0.000384862,55,4.60527
200331,158.3628,,,0.351925,0.000384858,55,0.306209
200360,158.3812,,,0.302362,0.000384853,55,0.447413
200389,158.3995,,,0.31938,0.000384849,55,0.401636
200418,158.4179,,,0.276,0.000384845,55,0.426747
200447,158.4362,,,0.301851,0.00038484,55,0.247065
200476,158.4546,,,0.277802,0.000384836,55,0.257708
200505,158.4729,,,0.315235,0.000384832,55,2.1676
200534,158.4913,,,0.299016,0.000384827,55,0.320417
200563,158.5097,,,0.323542,0.000384823,55,0.467127
200592,158.5280,,,0.283277,0.000384818,55,0.39352
200621,158.5464,,,0.313762,0.000384814,55,0.458151
200650,158.5648,,,0.269101,0.00038481,55,0.382332
200679,158.5831,,,0.346347,0.000384805,55,0.421202
200708,158.6014,,,0.333182,0.000384801,55,0.38599
200737,158.6197,,,0.305484,0.000384797,55,0.496033
200766,158.6381,,,0.277558,0.000384792,55,0.290522
200795,158.6564,,,0.301687,0.000384788,55,0.287505
200824,158.6748,,,0.275957,0.000384784,55,0.510111
200853,158.6931,,,0.254659,0.000384779,55,0.399103
200882,158.7115,,,0.240775,0.000384775,55,0.304707
200911,158.7298,,,0.28149,0.00038477,55,0.349146
200940,158.7481,,,0.323484,0.000384766,55,0.557532
200969,158.7665,,,0.309726,0.000384762,55,0.525768
200998,158.7848,,,0.255385,0.000384757,55,0.25814
201027,158.8032,,,0.286141,0.000384753,55,0.386538
201056,158.8215,,,0.332148,0.000384749,55,0.443633
201085,158.8399,,,0.319984,0.000384744,55,0.429253
201114,158.8583,,,0.286291,0.00038474,55,0.403564
201143,158.8766,,,0.267643,0.000384736,55,0.287914
201172,158.8950,,,0.293136,0.000384731,55,0.339313
201201,158.9134,,,0.333316,0.000384727,55,0.30759
201230,158.9318,,,0.314671,0.000384722,55,0.372971
201259,158.9501,,,0.292631,0.000384718,55,0.419591
201288,158.9684,,,0.293458,0.000384714,55,0.36272
201317,158.9868,,,0.251387,0.000384709,55,0.401686
201346,159.0052,,,0.317484,0.000384705,55,0.449633
201375,159.0236,,,0.307067,0.000384701,55,0.345308
201404,159.0420,,,0.287116,0.000384696,55,0.468239
201433,159.0604,,,0.286734,0.000384692,55,0.303062
201462,159.0788,,,0.246738,0.000384688,55,0.27353
201491,159.0972,,,0.298789,0.000384683,55,4.69812
201520,159.1156,,,0.302785,0.000384679,55,0.313
201549,159.1340,,,0.31131,0.000384674,55,4.49716
201578,159.1523,,,0.294538,0.00038467,55,0.603875
201607,159.1707,,,0.286436,0.000384666,55,0.366108
201636,159.1891,,,0.320448,0.000384661,55,0.93325
201665,159.2075,,,0.301798,0.000384657,55,0.340564
201694,159.2259,,,0.331231,0.000384653,55,0.323359
201723,159.2443,,,0.308255,0.000384648,55,0.381522
201752,159.2627,,,0.275948,0.000384644,55,0.384386
201781,159.2811,,,0.315871,0.000384639,55,0.38653
201810,159.2994,,,0.309096,0.000384635,55,0.334454
201839,159.3178,,,0.250569,0.000384631,55,0.31998
201868,159.3361,,,0.30115,0.000384626,55,0.504821
201897,159.3544,,,0.296595,0.000384622,55,0.432018
201926,159.3728,,,0.330935,0.000384617,55,0.453852
201955,159.3911,,,0.309305,0.000384613,55,0.613624
201984,159.4095,,,0.30544,0.000384609,55,0.42129
202013,159.4279,,,0.337395,0.000384604,55,0.399175
202042,159.4462,,,0.308065,0.0003846,55,0.944262
202071,159.4646,,,0.316249,0.000384596,55,0.672105
202100,159.4830,,,0.312653,0.000384591,55,0.401685
202129,159.5013,,,0.256816,0.000384587,55,0.274598
202158,159.5197,,,0.268127,0.000384582,55,0.384536
202187,159.5381,,,0.312259,0.000384578,55,0.425745
202216,159.5565,,,0.311966,0.000384574,55,0.287467
202245,159.5748,,,0.339627,0.000384569,55,0.378168
202274,159.5932,,,0.290137,0.000384565,55,0.477837
202303,159.6115,,,0.278605,0.00038456,55,0.235175
202332,159.6299,,,0.317874,0.000384556,55,0.336703
202361,159.6482,,,0.310476,0.000384552,55,0.247443
202390,159.6665,,,0.324871,0.000384547,55,0.31594
202419,159.6848,,,0.360057,0.000384543,55,0.465595
202448,159.7032,,,0.307508,0.000384538,55,0.349145
202477,159.7215,,,0.307134,0.000384534,55,0.377426
202506,159.7398,,,0.288635,0.00038453,55,0.439479
202535,159.7582,,,0.35607,0.000384525,55,0.371503
202564,159.7765,,,0.266229,0.000384521,55,0.233054
202593,159.7949,,,0.335391,0.000384517,55,0.332587
202622,159.8132,,,0.28282,0.000384512,55,0.294915
202651,159.8316,,,0.258774,0.000384508,55,0.315852
202680,159.8499,,,0.277852,0.000384503,55,0.312108
202709,159.8682,,,0.346028,0.000384499,55,0.390771
202738,159.8865,,,0.262701,0.000384495,55,0.744245
202767,159.9048,,,0.31707,0.00038449,55,0.370902
202796,159.9232,,,0.308297,0.000384486,55,0.358297
202825,159.9416,,,0.297056,0.000384481,55,0.320606
202854,159.9600,,,0.3205,0.000384477,55,0.295184
202883,159.9784,,,0.288814,0.000384473,55,0.633459
202912,159.9967,,,0.278261,0.000384468,55,0.305598
202941,160.0151,,,0.272864,0.000384464,55,0.406564
202970,160.0334,,,0.289038,0.000384459,55,0.415129
202999,160.0518,,,0.323978,0.000384455,55,0.452967
203028,160.0702,,,0.315866,0.000384451,55,0.298936
203057,160.0886,,,0.267563,0.000384446,55,0.28681
203086,160.1070,,,0.282001,0.000384442,55,0.81053
203115,160.1254,,,0.276433,0.000384437,55,0.487724
203144,160.1438,,,0.290083,0.000384433,55,0.358168
203173,160.1621,,,0.388054,0.000384428,55,0.357903
203202,160.1805,,,0.292202,0.000384424,55,0.395918
203231,160.1988,,,0.291401,0.00038442,55,0.82229
203260,160.2171,,,0.2691,0.000384415,55,0.385361
203289,160.2355,,,0.278333,0.000384411,55,0.342875
203318,160.2539,,,0.263053,0.000384406,55,0.426881
203335,160.8249,0.295776,0.3012,,,55,
203347,160.8330,,,0.277656,0.000384402,56,0.380044
203376,160.8514,,,0.327125,0.000384398,56,0.405982
203405,160.8698,,,0.339194,0.000384393,56,0.411358
203434,160.8881,,,0.351377,0.000384389,56,0.463121
203463,160.9065,,,0.308745,0.000384384,56,0.40887
203492,160.9248,,,0.365924,0.00038438,56,0.374035
203521,160.9431,,,0.297057,0.000384376,56,0.347955
203550,160.9615,,,0.360624,0.000384371,56,0.455422
203579,160.9798,,,0.242153,0.000384367,56,0.299559
203608,160.9982,,,0.243885,0.000384362,56,0.413174
203637,161.0167,,,0.260396,0.000384358,56,0.440708
203666,161.0351,,,0.316663,0.000384353,56,0.510632
203695,161.0534,,,0.305411,0.000384349,56,0.743888
203724,161.0718,,,0.334005,0.000384345,56,0.517228
203753,161.0901,,,0.283244,0.00038434,56,0.376204
203782,161.1084,,,0.274799,0.000384336,56,0.419073
203811,161.1268,,,0.292083,0.000384331,56,0.269087
203840,161.1452,,,0.288469,0.000384327,56,0.375961
203869,161.1637,,,0.304963,0.000384322,56,0.368122
203898,161.1820,,,0.294303,0.000384318,56,0.365437
203927,161.2005,,,0.336436,0.000384314,56,0.582484
203956,161.2188,,,0.250432,0.000384309,56,0.261541
203985,161.2373,,,0.334207,0.000384305,56,0.357922
204014,161.2557,,,0.31704,0.0003843,56,0.330463
204043,161.2741,,,0.258032,0.000384296,56,0.24565
204072,161.2925,,,0.281503,0.000384292,56,0.370934
204101,161.3109,,,0.263867,0.000384287,56,0.367518
204130,161.3293,,,0.346493,0.000384283,56,0.340236
204159,161.3477,,,0.30704,0.000384278,56,0.356932
204188,161.3661,,,0.297507,0.000384274,56,0.29079
204217,161.3845,,,0.289113,0.000384269,56,0.302119
204246,161.4028,,,0.31282,0.000384265,56,0.414994
204275,161.4212,,,0.274385,0.000384261,56,0.288811
204304,161.4395,,,0.25119,0.000384256,56,0.366845
204333,161.4579,,,0.295256,0.000384252,56,0.346026
204362,161.4763,,,0.276251,0.000384247,56,0.23403
204391,161.4947,,,0.271149,0.000384243,56,0.390441
204420,161.5131,,,0.352208,0.000384238,56,0.389635
204449,161.5315,,,0.281271,0.000384234,56,0.267302
204478,161.5499,,,0.281416,0.000384229,56,0.497079
204507,161.5682,,,0.280885,0.000384225,56,0.31723
204536,161.5866,,,0.299287,0.000384221,56,0.419948
204565,161.6050,,,0.286141,0.000384216,56,0.322594
204594,161.6233,,,0.321453,0.000384212,56,0.650281
204623,161.6417,,,0.287163,0.000384207,56,0.295267
204652,161.6601,,,0.287556,0.000384203,56,0.382413
204681,161.6786,,,0.35911,0.000384198,56,0.386418
204710,161.6969,,,0.319284,0.000384194,56,0.295223
204739,161.7153,,,0.289963,0.00038419,56,0.277658
204768,161.7337,,,0.294688,0.000384185,56,0.271956
204797,161.7520,,,0.307642,0.000384181,56,0.338174
204826,161.7704,,,0.318447,0.000384176,56,0.494997
204855,161.7888,,,0.35141,0.000384172,56,0.462043
204884,161.8072,,,0.314757,0.000384167,56,0.408282
204913,161.8256,,,0.299872,0.000384163,56,0.420076
204942,161.8439,,,0.300869,0.000384158,56,0.286592
204971,161.8623,,,0.282546,0.000384154,56,0.396277
205000,161.8807,,,0.276787,0.00038415,56,0.319159
205029,161.8991,,,0.297205,0.000384145,56,0.47675
205058,161.9175,,,0.300825,0.000384141,56,0.435289
205087,161.9359,,,0.328624,0.000384136,56,0.512485
205116,161.9543,,,0.321412,0.000384132,56,0.387182
205145,161.9727,,,0.262452,0.000384127,56,0.259205
205174,161.9910,,,0.245585,0.000384123,56,0.269999
205203,162.0094,,,0.318503,0.000384118,56,0.312264
205232,162.0278,,,0.243307,0.000384114,56,0.354503
205261,162.0461,,,0.317096,0.00038411,56,0.411414
205290,162.0645,,,0.298895,0.000384105,56,0.381552
205319,162.0829,,,0.300521,0.000384101,56,1.16616
205348,162.1012,,,0.290794,0.000384096,56,0.294426
205377,162.1196,,,0.267519,0.000384092,56,0.320592
205406,162.1379,,,0.318046,0.000384087,56,0.50861
205435,162.1563,,,0.250835,0.000384083,56,0.265692
205464,162.1747,,,0.348756,0.000384078,56,0.34107
205493,162.1931,,,0.252185,0.000384074,56,0.337197
205522,162.2115,,,0.314322,0.000384069,56,0.50011
205551,162.2299,,,0.300867,0.000384065,56,0.293818
205580,162.2483,,,0.327174,0.000384061,56,0.497383
205609,162.2667,,,0.310812,0.000384056,56,0.280642
205638,162.2850,,,0.326079,0.000384052,56,0.359852
205667,162.3034,,,0.294741,0.000384047,56,0.349102
205696,162.3218,,,0.303317,0.000384043,56,0.332954
205725,162.3402,,,0.295171,0.000384038,56,0.329334
205754,162.3586,,,0.271571,0.000384034,56,2.22606
205783,162.3770,,,0.31846,0.000384029,56,0.35899
205812,162.3954,,,0.322117,0.000384025,56,0.471426
205841,162.4138,,,0.281223,0.00038402,56,0.3106
205870,162.4322,,,0.23829,0.000384016,56,0.266906
205899,162.4506,,,0.276576,0.000384011,56,0.289697
205928,162.4690,,,0.274084,0.000384007,56,0.288747
205957,162.4874,,,0.270868,0.000384003,56,0.261028
205986,162.5058,,,0.298071,0.000383998,56,0.489451
206015,162.5242,,,0.270776,0.000383994,56,0.402685
206044,162.5426,,,0.299157,0.000383989,56,0.403613
206073,162.5610,,,0.280105,0.000383985,56,3.7753
206102,162.5794,,,0.283034,0.00038398,56,0.631094
206131,162.5978,,,0.2388,0.000383976,56,0.26585
206160,162.6163,,,0.280057,0.000383971,56,0.242002
206189,162.6346,,,0.360257,0.000383967,56,0.624961
206218,162.6530,,,0.324183,0.000383962,56,0.468743
206247,162.6714,,,0.300078,0.000383958,56,0.360441
206276,162.6898,,,0.297081,0.000383953,56,0.344145
206305,162.7082,,,0.333427,0.000383949,56,0.505698
206334,162.7266,,,0.303372,0.000383944,56,0.329951
206363,162.7450,,,0.295326,0.00038394,56,0.379774
206392,162.7634,,,0.271987,0.000383935,56,0.216201
206421,162.7818,,,0.279581,0.000383931,56,0.521287
206450,162.8001,,,0.304168,0.000383926,56,0.281703
206479,162.8185,,,0.2931,0.000383922,56,0.292387
206508,162.8368,,,0.297792,0.000383918,56,0.317776
206537,162.8551,,,0.316104,0.000383913,56,0.348334
206566,162.8735,,,0.264394,0.000383909,56,0.291331
206595,162.8919,,,0.306098,0.000383904,56,0.323009
206624,162.9103,,,0.322498,0.0003839,56,0.256909
206653,162.9287,,,0.246111,0.000383895,56,0.299376
206682,162.9471,,,0.287699,0.000383891,56,0.35698
206711,162.9655,,,0.368207,0.000383886,56,0.36928
206740,162.9839,,,0.319674,0.000383882,56,1.34189
206769,163.0022,,,0.344585,0.000383877,56,0.411055
206798,163.0205,,,0.302622,0.000383873,56,0.434319
206827,163.0389,,,0.24103,0.000383868,56,0.263281
206856,163.0572,,,0.304813,0.000383864,56,0.406269
206885,163.0756,,,0.345801,0.000383859,56,0.330075
206914,163.0940,,,0.305403,0.000383855,56,0.459586
206943,163.1124,,,0.289059,0.00038385,56,0.57124
206966,163.6871,0.298587,0.299832,,,56,
206972,163.6914,,,0.313022,0.000383846,57,0.484975
207001,163.7098,,,0.216417,0.000383841,57,0.387092
207030,163.7282,,,0.301172,0.000383837,57,0.471676
207059,163.7466,,,0.293528,0.000383832,57,0.410654
207088,163.7649,,,0.276927,0.000383828,57,0.351748
207117,163.7833,,,0.247901,0.000383823,57,0.316845
207146,163.8016,,,0.300053,0.000383819,57,0.539001
207175,163.8200,,,0.288766,0.000383814,57,0.505744
207204,163.8384,,,0.288717,0.00038381,57,0.369808
207233,163.8568,,,0.310073,0.000383805,57,0.347074
207262,163.8752,,,0.318648,0.000383801,57,0.379142
207291,163.8936,,,0.251123,0.000383796,57,0.26178
207320,163.9119,,,0.310276,0.000383792,57,0.3855
207349,163.9302,,,0.279018,0.000383787,57,0.310974
207378,163.9486,,,0.298729,0.000383783,57,0.388135
207407,163.9669,,,0.259663,0.000383778,57,0.337385
207436,163.9853,,,0.322165,0.000383774,57,1.34662
207465,164.0037,,,0.343157,0.000383769,57,0.415578
207494,164.0220,,,0.271553,0.000383765,57,0.358532
207523,164.0404,,,0.320291,0.00038376,57,0.300446
207552,164.0587,,,0.341857,0.000383756,57,0.38148
207581,164.0771,,,0.286379,0.000383751,57,0.324069
207610,164.0954,,,0.267771,0.000383747,57,0.37212
207639,164.1137,,,0.288396,0.000383743,57,0.326021
207668,164.1321,,,0.29224,0.000383738,57,0.355875
207697,164.1504,,,0.297749,0.000383733,57,0.404691
207726,164.1687,,,0.312394,0.000383729,57,0.546387
207755,164.1871,,,0.30096,0.000383724,57,0.512761
207784,164.2054,,,0.280909,0.00038372,57,0.30779
207813,164.2238,,,0.315989,0.000383715,57,0.387422
207842,164.2421,,,0.30333,0.000383711,57,0.376857
207871,164.2604,,,0.306398,0.000383706,57,0.414631
207900,164.2787,,,0.293259,0.000383702,57,0.273645
207929,164.2971,,,0.306571,0.000383697,57,0.366597
207958,164.3154,,,0.290671,0.000383693,57,0.243748
207987,164.3338,,,0.277793,0.000383688,57,0.31928
208016,164.3522,,,0.272921,0.000383684,57,0.265684
208045,164.3706,,,0.363948,0.000383679,57,0.377661
208074,164.3889,,,0.2702,0.000383675,57,0.299013
208103,164.4072,,,0.317228,0.00038367,57,0.423446
208132,164.4256,,,0.279996,0.000383666,57,0.399291
208161,164.4439,,,0.259212,0.000383661,57,0.337387
208190,164.4622,,,0.304148,0.000383657,57,0.37561
208219,164.4805,,,0.339444,0.000383652,57,0.325287
208248,164.4988,,,0.34203,0.000383648,57,0.394937
208277,164.5172,,,0.286212,0.000383643,57,0.440279
208306,164.5356,,,0.248612,0.000383639,57,0.222591
208335,164.5540,,,0.252912,0.000383634,57,0.57044
208364,164.5724,,,0.292309,0.00038363,57,0.276439
208393,164.5907,,,0.313362,0.000383625,57,0.443859
208422,164.6091,,,0.287718,0.000383621,57,0.308633
208451,164.6274,,,0.276198,0.000383616,57,0.307951
208480,164.6457,,,0.30102,0.000383612,57,0.393945
208509,164.6641,,,0.290095,0.000383607,57,0.415665
208538,164.6824,,,0.367367,0.000383603,57,0.567554
208567,164.7008,,,0.223739,0.000383598,57,0.227491
208596,164.7192,,,0.293267,0.000383594,57,0.365502
208625,164.7376,,,0.266269,0.000383589,57,0.275364
208654,164.7559,,,0.311759,0.000383585,57,0.320979
208683,164.7742,,,0.320192,0.00038358,57,0.729222
208712,164.7926,,,0.293325,0.000383576,57,0.295177
208741,164.8109,,,0.282546,0.000383571,57,0.319618
208770,164.8293,,,0.255003,0.000383567,57,0.422093
208799,164.8477,,,0.327646,0.000383562,57,0.498325
208828,164.8660,,,0.364004,0.000383557,57,0.410914
208857,164.8844,,,0.332781,0.000383553,57,0.534387
208886,164.9028,,,0.328235,0.000383548,57,0.375479
208915,164.9211,,,0.313514,0.000383544,57,0.393895
208944,164.9394,,,0.301807,0.000383539,57,0.285507
208973,164.9577,,,0.311488,0.000383535,57,0.397044
209002,164.9761,,,0.293986,0.00038353,57,0.376288
209031,164.9945,,,0.3136,0.000383526,57,0.34699
209060,165.0128,,,0.298362,0.000383521,57,0.522367
209089,165.0312,,,0.295299,0.000383517,57,0.299331
209118,165.0496,,,0.304066,0.000383512,57,0.324665
209147,165.0680,,,0.313627,0.000383508,57,0.41605
209176,165.0864,,,0.316718,0.000383503,57,0.401753
209205,165.1048,,,0.301228,0.000383499,57,0.566053
209234,165.1231,,,0.32697,0.000383494,57,0.356109
209263,165.1415,,,0.302777,0.00038349,57,0.355302
209292,165.1599,,,0.289901,0.000383485,57,0.20077
209321,165.1783,,,0.328814,0.00038348,57,0.335509
209350,165.1967,,,0.254772,0.000383476,57,0.261656
209379,165.2151,,,0.277172,0.000383471,57,6.24502
209408,165.2335,,,0.303012,0.000383467,57,0.532894
209437,165.2519,,,0.278799,0.000383462,57,1.47009
209466,165.2702,,,0.285723,0.000383458,57,0.373318
209495,165.2886,,,0.275678,0.000383453,57,0.334018
209524,165.3069,,,0.297583,0.000383449,57,0.352532
209553,165.3252,,,0.305206,0.000383444,57,0.297802
209582,165.3436,,,0.292964,0.00038344,57,0.440098
209611,165.3619,,,0.255909,0.000383435,57,0.315674
209640,165.3803,,,0.289526,0.000383431,57,0.795373
209669,165.3987,,,0.270039,0.000383426,57,0.297585
209698,165.4171,,,0.316076,0.000383421,57,0.319516
209727,165.4354,,,0.249995,0.000383417,57,0.264408
209756,165.4537,,,0.247874,0.000383412,57,0.235663
209785,165.4721,,,0.273504,0.000383408,57,0.317333
209814,165.4904,,,0.292362,0.000383403,57,0.329585
209843,165.5088,,,0.291162,0.000383399,57,0.257394
209872,165.5272,,,0.316842,0.000383394,57,0.429376
209901,165.5456,,,0.334594,0.00038339,57,0.976935
209930,165.5640,,,0.2658,0.000383385,57,0.276124
209959,165.5824,,,0.271137,0.000383381,57,0.259567
209988,165.6008,,,0.267934,0.000383376,57,0.380732
210017,165.6192,,,0.274473,0.000383371,57,0.37171
210046,165.6375,,,0.323135,0.000383367,57,0.385043
210075,165.6559,,,0.319483,0.000383362,57,0.362963
210104,165.6742,,,0.315405,0.000383358,57,0.352205
210133,165.6925,,,0.275777,0.000383353,57,0.323188
210162,165.7109,,,0.25247,0.000383349,57,0.275422
210191,165.7293,,,0.310057,0.000383344,57,0.481574
210220,165.7477,,,0.273657,0.00038334,57,0.242472
210249,165.7661,,,0.268119,0.000383335,57,0.277503
210278,165.7845,,,0.298045,0.000383331,57,0.262114
210307,165.8029,,,0.286074,0.000383326,57,0.294954
210336,165.8212,,,0.34101,0.000383321,57,0.366788
210365,165.8396,,,0.293091,0.000383317,57,0.267805
210394,165.8579,,,0.283273,0.000383312,57,0.497266
210423,165.8763,,,0.33334,0.000383308,57,0.456837
210452,165.8946,,,0.266876,0.000383303,57,0.275737
210481,165.9129,,,0.285489,0.000383299,57,0.20797
210510,165.9313,,,0.304048,0.000383294,57,0.266391
210539,165.9497,,,0.34491,0.000383289,57,0.618345
210568,165.9681,,,0.27686,0.000383285,57,0.386645
210597,166.5467,0.292878,0.29842,0.306609,0.00038328,57,0.576982
210626,166.5655,,,0.321331,0.000383276,58,0.464949
210655,166.5838,,,0.324184,0.000383271,58,0.300843
210684,166.6022,,,0.292537,0.000383267,58,0.393171
210713,166.6205,,,0.276587,0.000383262,58,0.506525
210742,166.6389,,,0.313895,0.000383258,58,0.229734
210771,166.6572,,,0.269623,0.000383253,58,0.362436
210800,166.6756,,,0.291101,0.000383248,58,0.33788
210829,166.6939,,,0.338031,0.000383244,58,0.391142
210858,166.7122,,,0.278525,0.000383239,58,0.371613
210887,166.7306,,,0.298683,0.000383235,58,0.402584
210916,166.7489,,,0.330229,0.00038323,58,0.268428
210945,166.7672,,,0.282976,0.000383226,58,0.352886
210974,166.7856,,,0.321117,0.000383221,58,0.320397
211003,166.8039,,,0.268187,0.000383216,58,0.296689
211032,166.8223,,,0.32964,0.000383212,58,0.364185
211061,166.8406,,,0.277343,0.000383207,58,0.321411
211090,166.8590,,,0.274615,0.000383203,58,0.378829
211119,166.8774,,,0.324616,0.000383198,58,0.361818
211148,166.8958,,,0.255153,0.000383194,58,0.275522
211177,166.9141,,,0.292276,0.000383189,58,0.389264
211206,166.9325,,,0.248553,0.000383184,58,0.333606
211235,166.9508,,,0.341757,0.00038318,58,0.409422
211264,166.9692,,,0.277983,0.000383175,58,0.451944
211293,166.9876,,,0.261537,0.000383171,58,0.39972
211322,167.0059,,,0.370347,0.000383166,58,0.545325
211351,167.0243,,,0.260901,0.000383162,58,0.235982
211380,167.0427,,,0.28543,0.000383157,58,0.43027
211409,167.0610,,,0.354262,0.000383152,58,0.965793
211438,167.0793,,,0.277368,0.000383148,58,0.481159
211467,167.0977,,,0.274773,0.000383143,58,0.313883
211496,167.1160,,,0.285645,0.000383139,58,0.347892
211525,167.1344,,,0.321711,0.000383134,58,0.320805
211554,167.1527,,,0.287694,0.00038313,58,0.395716
211583,167.1711,,,0.287237,0.000383125,58,0.528815
211612,167.1895,,,0.32944,0.00038312,58,0.644649
211641,167.2078,,,0.322025,0.000383116,58,0.433793
211670,167.2262,,,0.24878,0.000383111,58,0.372845
211699,167.2445,,,0.282591,0.000383107,58,0.51129
211728,167.2629,,,0.287271,0.000383102,58,0.321824
211757,167.2813,,,0.314643,0.000383097,58,0.444649
211786,167.2997,,,0.30542,0.000383093,58,0.480358
211815,167.3181,,,0.282895,0.000383088,58,0.28298
211844,167.3365,,,0.304624,0.000383084,58,0.572816
211873,167.3550,,,0.310915,0.000383079,58,0.376125
211902,167.3734,,,0.282887,0.000383075,58,0.275873
211931,167.3918,,,0.264544,0.00038307,58,0.312851
211960,167.4102,,,0.284437,0.000383065,58,0.294753
211989,167.4285,,,0.290985,0.000383061,58,0.695755
212018,167.4469,,,0.300096,0.000383056,58,0.403294
212047,167.4653,,,0.286074,0.000383052,58,0.459261
212076,167.4837,,,0.265872,0.000383047,58,0.421684
212105,167.5021,,,0.320037,0.000383042,58,0.707107
212134,167.5205,,,0.275511,0.000383038,58,0.356909
212163,167.5389,,,0.277374,0.000383033,58,0.317134
212192,167.5573,,,0.30245,0.000383029,58,0.311245
212221,167.5757,,,0.319164,0.000383024,58,0.658134
212250,167.5940,,,0.300337,0.000383019,58,0.410992
212279,167.6124,,,0.277315,0.000383015,58,0.429218
212308,167.6308,,,0.292628,0.00038301,58,0.38394
212337,167.6492,,,0.331906,0.000383006,58,0.68587
212366,167.6676,,,0.302574,0.000383001,58,0.478871
212395,167.6860,,,0.306937,0.000382996,58,0.472639
212424,167.7043,,,0.32662,0.000382992,58,0.669974
212453,167.7227,,,0.266819,0.000382987,58,0.32395
212482,167.7411,,,0.305053,0.000382983,58,0.316236
212511,167.7595,,,0.333794,0.000382978,58,0.432954
212540,167.7779,,,0.339578,0.000382973,58,0.563555
212569,167.7963,,,0.281783,0.000382969,58,0.326689
212598,167.8147,,,0.265888,0.000382964,58,0.250791
212627,167.8331,,,0.283356,0.00038296,58,0.247089
212656,167.8514,,,0.311742,0.000382955,58,0.240816
212685,167.8698,,,0.304094,0.00038295,58,0.24777
212714,167.8883,,,0.301329,0.000382946,58,0.514151
212743,167.9067,,,0.289243,0.000382941,58,0.367909
212772,167.9251,,,0.320496,0.000382937,58,0.392153
212801,167.9435,,,0.260323,0.000382932,58,0.32533
212830,167.9619,,,0.258947,0.000382927,58,0.399052
212859,167.9802,,,0.26636,0.000382923,58,0.298491
212888,167.9985,,,0.283741,0.000382918,58,0.246064
212917,168.0169,,,0.284651,0.000382914,58,0.26402
212946,168.0353,,,0.267359,0.000382909,58,0.267202
212975,168.0537,,,0.320331,0.000382904,58,0.488127
213004,168.0721,,,0.251163,0.0003829,58,0.32279
213033,168.0905,,,0.270275,0.000382895,58,0.493985
213062,168.1089,,,0.310982,0.000382891,58,0.338367
213091,168.1272,,,0.331854,0.000382886,58,0.442068
213120,168.1456,,,0.289449,0.000382881,58,0.26114
213149,168.1639,,,0.34949,0.000382877,58,0.463974
213178,168.1822,,,0.274872,0.000382872,58,0.403993
213207,168.2006,,,0.267476,0.000382867,58,3.62719
213236,168.2189,,,0.299784,0.000382863,58,0.701637
213265,168.2372,,,0.295764,0.000382858,58,0.462318
213294,168.2555,,,0.34192,0.000382854,58,0.440906
213323,168.2739,,,0.34891,0.000382849,58,0.501923
213352,168.2923,,,0.293909,0.000382844,58,0.284832
213381,168.3106,,,0.376273,0.00038284,58,0.411201
213410,168.3289,,,0.275297,0.000382835,58,0.32318
213439,168.3472,,,0.30668,0.000382831,58,0.273976
213468,168.3655,,,0.245202,0.000382826,58,0.35258
213497,168.3839,,,0.341222,0.000382821,58,0.67208
213526,168.4023,,,0.292523,0.000382817,58,0.321258
213555,168.4206,,,0.301597,0.000382812,58,0.327492
213584,168.4390,,,0.294202,0.000382807,58,0.254859
213613,168.4574,,,0.254116,0.000382803,58,0.229605
213642,168.4757,,,0.280323,0.000382798,58,0.334068
213671,168.4941,,,0.29956,0.000382794,58,0.387961
213700,168.5124,,,0.299042,0.000382789,58,0.326087
213729,168.5308,,,0.336936,0.000382784,58,0.288528
213758,168.5491,,,0.299914,0.00038278,58,0.260412
213787,168.5675,,,0.269502,0.000382775,58,0.565079
213816,168.5859,,,0.340041,0.00038277,58,0.357444
213845,168.6042,,,0.30419,0.000382766,58,0.324263
213874,168.6225,,,0.276835,0.000382761,58,0.262165
213903,168.6409,,,0.253399,0.000382757,58,0.328583
213932,168.6592,,,0.28688,0.000382752,58,0.309155
213961,168.6776,,,0.297217,0.000382747,58,0.271884
213990,168.6959,,,0.281382,0.000382743,58,0.273952
214019,168.7142,,,0.253296,0.000382738,58,0.314513
214048,168.7326,,,0.252102,0.000382733,58,0.284624
214077,168.7509,,,0.271028,0.000382729,58,0.261782
214106,168.7692,,,0.338909,0.000382724,58,0.371809
214135,168.7876,,,0.243046,0.000382719,58,0.193214
214164,168.8060,,,0.321136,0.000382715,58,0.406178
214193,168.8244,,,0.338415,0.00038271,58,0.316003
214222,168.8427,,,0.312228,0.000382706,58,0.375872
214228,169.4066,0.29813,0.29786,,,58,
214251,169.4216,,,0.283801,0.000382701,59,0.478146
214280,169.4400,,,0.29736,0.000382696,59,0.451859
214309,169.4584,,,0.361185,0.000382692,59,0.541705
214338,169.4768,,,0.282487,0.000382687,59,0.289949
214367,169.4951,,,0.320629,0.000382682,59,0.446729
214396,169.5135,,,0.32624,0.000382678,59,0.413779
214425,169.5318,,,0.313008,0.000382673,59,0.355076
214454,169.5501,,,0.297396,0.000382668,59,0.287397
214483,169.5685,,,0.328634,0.000382664,59,0.370939
214512,169.5869,,,0.259775,0.000382659,59,0.25989
214541,169.6052,,,0.325946,0.000382655,59,0.320696
214570,169.6236,,,0.262339,0.00038265,59,0.320929
214599,169.6420,,,0.259066,0.000382645,59,0.429496
214628,169.6604,,,0.313977,0.000382641,59,0.435962
214657,169.6787,,,0.344558,0.000382636,59,0.562349
214686,169.6971,,,0.24676,0.000382631,59,0.333815
214715,169.7155,,,0.31887,0.000382627,59,0.386552
214744,169.7338,,,0.294886,0.000382622,59,0.304883
214773,169.7521,,,0.332143,0.000382617,59,0.318631
214802,169.7705,,,0.287371,0.000382613,59,0.324456
214831,169.7888,,,0.309474,0.000382608,59,0.422105
214860,169.8072,,,0.339891,0.000382603,59,0.448604
214889,169.8256,,,0.264145,0.000382599,59,0.242566
214918,169.8439,,,0.271699,0.000382594,59,0.290681
214947,169.8623,,,0.293019,0.000382589,59,0.392024
214976,169.8806,,,0.279916,0.000382585,59,0.296643
215005,169.8990,,,0.304856,0.00038258,59,0.360129
215034,169.9173,,,0.316573,0.000382576,59,0.516856
215063,169.9357,,,0.297353,0.000382571,59,0.304569
215092,169.9540,,,0.28322,0.000382566,59,0.310734
215121,169.9724,,,0.268096,0.000382562,59,0.286072
215150,169.9908,,,0.280094,0.000382557,59,0.313604
215179,170.0091,,,0.38098,0.000382552,59,0.356567
215208,170.0275,,,0.252616,0.000382548,59,0.230059
215237,170.0458,,,0.294775,0.000382543,59,0.322548
215266,170.0642,,,0.258523,0.000382538,59,0.352606
215295,170.0825,,,0.27073,0.000382534,59,0.550066
215324,170.1008,,,0.284907,0.000382529,59,0.339915
215353,170.1191,,,0.274465,0.000382524,59,0.248645
215382,170.1375,,,0.303882,0.00038252,59,0.303134
215411,170.1558,,,0.233559,0.000382515,59,0.228676
215440,170.1742,,,0.33522,0.00038251,59,0.335074
215469,170.1926,,,0.344814,0.000382506,59,0.711843
215498,170.2109,,,0.324153,0.000382501,59,0.29478
215527,170.2292,,,0.261061,0.000382496,59,0.270598
215556,170.2476,,,0.29822,0.000382492,59,0.319674
215585,170.2659,,,0.317523,0.000382487,59,0.273389
215614,170.2842,,,0.29931,0.000382482,59,0.3075
215643,170.3026,,,0.260135,0.000382478,59,0.56731
215672,170.3210,,,0.287157,0.000382473,59,0.348856
215701,170.3393,,,0.316737,0.000382468,59,0.396689
215730,170.3577,,,0.281026,0.000382464,59,0.388357
215759,170.3760,,,0.332447,0.000382459,59,0.376885
215788,170.3944,,,0.286238,0.000382454,59,0.300136
215817,170.4128,,,0.2593,0.00038245,59,0.242174
215846,170.4311,,,0.2734,0.000382445,59,0.282834
215875,170.4495,,,0.338684,0.00038244,59,0.74693
215904,170.4678,,,0.286601,0.000382436,59,0.380091
215933,170.4862,,,0.241245,0.000382431,59,0.256921
215962,170.5045,,,0.305281,0.000382426,59,0.308811
215991,170.5229,,,0.358911,0.000382422,59,0.340666
216020,170.5412,,,0.278891,0.000382417,59,0.610497
216049,170.5596,,,0.342734,0.000382412,59,0.397543
216078,170.5780,,,0.293136,0.000382408,59,0.315036
216107,170.5964,,,0.309905,0.000382403,59,0.29431
216136,170.6148,,,0.291911,0.000382398,59,0.224308
216165,170.6331,,,0.309615,0.000382394,59,0.327529
216194,170.6515,,,0.302824,0.000382389,59,0.348895
216223,170.6698,,,0.320189,0.000382384,59,0.341936
216252,170.6882,,,0.313953,0.00038238,59,0.376433
216281,170.7065,,,0.251425,0.000382375,59,0.312936
216310,170.7249,,,0.283869,0.00038237,59,0.256672
216339,170.7432,,,0.315815,0.000382366,59,0.304008
216368,170.7616,,,0.284652,0.000382361,59,0.236995
216397,170.7799,,,0.276942,0.000382356,59,0.275247
216426,170.7983,,,0.241558,0.000382352,59,0.379905
216455,170.8166,,,0.290526,0.000382347,59,0.500356
216484,170.8350,,,0.3466,0.000382342,59,0.443587
216513,170.8534,,,0.273501,0.000382338,59,0.271187
216542,170.8718,,,0.26557,0.000382333,59,0.324306
216571,170.8901,,,0.264429,0.000382328,59,0.379796
216600,170.9085,,,0.296148,0.000382323,59,0.287111
216629,170.9268,,,0.30578,0.000382319,59,0.286776
216658,170.9452,,,0.283934,0.000382314,59,0.337524
216687,170.9635,,,0.2888,0.000382309,59,0.39311
216716,170.9819,,,0.295234,0.000382305,59,0.308358
216745,171.0003,,,0.296711,0.0003823,59,0.33706
216774,171.0187,,,0.300387,0.000382295,59,0.3287
216803,171.0371,,,0.285539,0.000382291,59,0.311682
216832,171.0554,,,0.274981,0.000382286,59,0.300288
216861,171.0738,,,0.272229,0.000382281,59,0.354328
216890,171.0921,,,0.348128,0.000382277,59,0.297717
216919,171.1105,,,0.256644,0.000382272,59,0.279198
216948,171.1288,,,0.420871,0.000382267,59,0.500917
216977,171.1472,,,0.329409,0.000382263,59,0.329922
217006,171.1656,,,0.34388,0.000382258,59,0.28209
217035,171.1839,,,0.252464,0.000382253,59,0.233931
217064,171.2023,,,0.273629,0.000382248,59,0.24948
217093,171.2206,,,0.30794,0.000382244,59,0.301982
217122,171.2389,,,0.301888,0.000382239,59,0.301637
217151,171.2572,,,0.262626,0.000382234,59,0.268115
217180,171.2755,,,0.275119,0.00038223,59,0.338155
217209,171.2938,,,0.271536,0.000382225,59,0.268535
217238,171.3122,,,0.235786,0.00038222,59,1.75747
217267,171.3305,,,0.298198,0.000382216,59,0.352069
217296,171.3488,,,0.288712,0.000382211,59,0.28562
217325,171.3672,,,0.310274,0.000382206,59,0.271421
217354,171.3855,,,0.342851,0.000382202,59,0.41602
217383,171.4039,,,0.309676,0.000382197,59,0.293566
217412,171.4222,,,0.277261,0.000382192,59,0.326981
217441,171.4405,,,0.307266,0.000382187,59,0.344907
217470,171.4589,,,0.331004,0.000382183,59,0.297758
217499,171.4772,,,0.339661,0.000382178,59,0.299788
217528,171.4956,,,0.286404,0.000382173,59,0.279533
217557,171.5139,,,0.320453,0.000382169,59,0.283273
217586,171.5323,,,0.281167,0.000382164,59,0.25783
217615,171.5506,,,0.289868,0.000382159,59,0.310829
217644,171.5689,,,0.275095,0.000382154,59,0.225577
217673,171.5873,,,0.302044,0.00038215,59,0.2648
217702,171.6056,,,0.313963,0.000382145,59,0.277068
217731,171.6240,,,0.281696,0.00038214,59,0.291188
217760,171.6423,,,0.305486,0.000382136,59,0.384524
217789,171.6606,,,0.285538,0.000382131,59,1.09674
217818,171.6790,,,0.282889,0.000382126,59,0.311721
217847,171.6973,,,0.298091,0.000382122,59,0.316418
217859,172.2651,0.294045,0.296868,,,59,
217876,172.2764,,,0.372623,0.000382117,60,0.412755
217905,172.2948,,,0.300987,0.000382112,60,0.328067
217934,172.3131,,,0.327977,0.000382107,60,0.382216
217963,172.3315,,,0.311904,0.000382103,60,0.341561
217992,172.3499,,,0.278278,0.000382098,60,0.257079
218021,172.3682,,,0.296842,0.000382093,60,0.270986
218050,172.3865,,,0.349597,0.000382089,60,0.430455
218079,172.4049,,,0.313737,0.000382084,60,0.700185
218108,172.4232,,,0.335772,0.000382079,60,0.378464
218137,172.4415,,,0.324872,0.000382074,60,0.298518
218166,172.4598,,,0.317873,0.00038207,60,0.329918
218195,172.4782,,,0.332986,0.000382065,60,0.318236
218224,172.4965,,,0.28313,0.00038206,60,0.305711
218253,172.5149,,,0.264517,0.000382056,60,0.244897
218282,172.5333,,,0.380492,0.000382051,60,0.448936
218311,172.5517,,,0.355246,0.000382046,60,0.311179
218340,172.5701,,,0.368785,0.000382041,60,0.442385
218369,172.5885,,,0.296209,0.000382037,60,0.375362
218398,172.6069,,,0.288471,0.000382032,60,0.352921
218427,172.6252,,,0.313998,0.000382027,60,0.320698
218456,172.6435,,,0.345802,0.000382022,60,0.292882
218485,172.6619,,,0.32071,0.000382018,60,0.340807
218514,172.6802,,,0.278197,0.000382013,60,0.28695
218543,172.6986,,,0.256885,0.000382008,60,0.246801
218572,172.7169,,,0.295076,0.000382004,60,0.30791
218601,172.7353,,,0.326782,0.000381999,60,0.298627
218630,172.7536,,,0.305594,0.000381994,60,0.31993
218659,172.7720,,,0.344895,0.000381989,60,0.427387
218688,172.7903,,,0.294428,0.000381985,60,0.305055
218717,172.8087,,,0.322952,0.00038198,60,0.536004
218746,172.8270,,,0.311786,0.000381975,60,0.34473
218775,172.8454,,,0.318019,0.000381971,60,0.364278
218804,172.8638,,,0.298718,0.000381966,60,0.344666
218833,172.8821,,,0.262574,0.000381961,60,0.214391
218862,172.9005,,,0.307444,0.000381956,60,0.276357
218891,172.9189,,,0.285811,0.000381952,60,1.69072
218920,172.9373,,,0.262271,0.000381947,60,0.308895
218949,172.9556,,,0.284145,0.000381942,60,0.476887
218978,172.9740,,,0.314483,0.000381937,60,0.320302
219007,172.9923,,,0.30337,0.000381933,60,0.309788
219036,173.0107,,,0.258347,0.000381928,60,0.29804
219065,173.0291,,,0.264842,0.000381923,60,0.263132
219094,173.0475,,,0.304454,0.000381918,60,0.32721
219123,173.0659,,,0.29639,0.000381914,60,0.410736
219152,173.0843,,,0.35762,0.000381909,60,0.413285
219181,173.1027,,,0.267327,0.000381904,60,0.303781
219210,173.1210,,,0.31475,0.0003819,60,0.25316
219239,173.1394,,,0.313653,0.000381895,60,0.210592
219268,173.1578,,,0.340218,0.00038189,60,0.420794
219297,173.1762,,,0.32349,0.000381885,60,0.345564
219326,173.1946,,,0.282123,0.000381881,60,0.33042
219355,173.2130,,,0.265934,0.000381876,60,0.439363
219384,173.2314,,,0.340483,0.000381871,60,0.556293
219413,173.2498,,,0.377019,0.000381866,60,0.383774
219442,173.2681,,,0.275662,0.000381862,60,0.333732
219471,173.2865,,,0.310213,0.000381857,60,0.322574
219500,173.3049,,,0.301959,0.000381852,60,0.418386
219529,173.3233,,,0.251146,0.000381847,60,0.277057
219558,173.3416,,,0.341322,0.000381843,60,0.508407
219587,173.3600,,,0.29661,0.000381838,60,0.312073
219616,173.3784,,,0.295323,0.000381833,60,0.354584
219645,173.3968,,,0.310581,0.000381828,60,0.30051
219674,173.4152,,,0.288912,0.000381824,60,0.31404
219703,173.4335,,,0.276973,0.000381819,60,0.307145
219732,173.4518,,,0.311099,0.000381814,60,0.331664
219761,173.4701,,,0.261906,0.000381809,60,0.331703
219790,173.4885,,,0.326053,0.000381805,60,0.351096
219819,173.5068,,,0.25903,0.0003818,60,0.279457
219848,173.5251,,,0.284681,0.000381795,60,0.476965
219877,173.5435,,,0.291201,0.00038179,60,0.346589
219906,173.5618,,,0.258024,0.000381786,60,0.197515
219935,173.5802,,,0.312533,0.000381781,60,0.317459
219964,173.5985,,,0.29538,0.000381776,60,0.301545
219993,173.6169,,,0.319043,0.000381771,60,0.343721
220022,173.6352,,,0.266139,0.000381767,60,0.215664
220051,173.6535,,,0.290551,0.000381762,60,0.229146
220080,173.6719,,,0.277174,0.000381757,60,0.298401
220109,173.6902,,,0.266477,0.000381752,60,0.217488
220138,173.7085,,,0.269044,0.000381748,60,0.208132
220167,173.7269,,,0.290137,0.000381743,60,0.251687
220196,173.7453,,,0.288136,0.000381738,60,0.256175
220225,173.7637,,,0.252258,0.000381733,60,0.296096
220254,173.7821,,,0.278602,0.000381729,60,0.449615
220283,173.8005,,,0.280453,0.000381724,60,0.269495
220312,173.8189,,,0.2866,0.000381719,60,0.459065
220341,173.8373,,,0.331965,0.000381714,60,0.613749
220370,173.8557,,,0.291848,0.00038171,60,0.312477
220399,173.8740,,,0.299512,0.000381705,60,0.375765
220428,173.8924,,,0.264814,0.0003817,60,0.264714
220457,173.9108,,,0.349296,0.000381695,60,0.298706
220486,173.9292,,,0.296121,0.000381691,60,0.238715
220515,173.9476,,,0.272329,0.000381686,60,0.320449
220544,173.9660,,,0.309047,0.000381681,60,0.323592
220573,173.9844,,,0.26011,0.000381676,60,0.320432
220602,174.0027,,,0.304768,0.000381671,60,0.253501
220631,174.0211,,,0.284148,0.000381667,60,0.245225
220660,174.0394,,,0.274982,0.000381662,60,0.328147
220689,174.0578,,,0.310481,0.000381657,60,0.25853
220718,174.0762,,,0.36314,0.000381652,60,0.357668
220747,174.0946,,,0.295901,0.000381648,60,0.336918
220776,174.1130,,,0.306095,0.000381643,60,0.248381
220805,174.1315,,,0.288743,0.000381638,60,0.243921
220834,174.1499,,,0.28942,0.000381633,60,0.415748
220863,174.1682,,,0.287964,0.000381629,60,0.524467
220892,174.1866,,,0.327524,0.000381624,60,0.604226
220921,174.2050,,,0.357253,0.000381619,60,0.356368
220950,174.2233,,,0.236671,0.000381614,60,4.18424
220979,174.2416,,,0.347512,0.000381609,60,0.403964
221008,174.2600,,,0.29308,0.000381605,60,0.370715
221037,174.2783,,,0.353056,0.0003816,60,0.390966
221066,174.2967,,,0.253602,0.000381595,60,0.236528
221095,174.3151,,,0.263946,0.00038159,60,0.282782
221124,174.3335,,,0.322322,0.000381586,60,0.288838
221153,174.3519,,,0.361446,0.000381581,60,0.531177
221182,174.3703,,,0.26595,0.000381576,60,0.325359
221211,174.3887,,,0.315664,0.000381571,60,0.370428
221240,174.4070,,,0.213235,0.000381566,60,0.209777
221269,174.4254,,,0.298265,0.000381562,60,0.341454
221298,174.4438,,,0.34102,0.000381557,60,0.438693
221327,174.4621,,,0.264285,0.000381552,60,0.266573
221356,174.4805,,,0.341877,0.000381547,60,0.387427
221385,174.4988,,,0.244212,0.000381543,60,0.293734
221414,174.5172,,,0.275657,0.000381538,60,0.285224
221443,174.5356,,,0.293488,0.000381533,60,0.270507
221472,174.5540,,,0.298326,0.000381528,60,0.313106
221490,175.1257,0.293046,0.296631,,,60,
221501,175.1330,,,0.308422,0.000381523,61,0.330276
221530,175.1514,,,0.296915,0.000381519,61,0.401474
221559,175.1698,,,0.257252,0.000381514,61,0.31402
221588,175.1882,,,0.295615,0.000381509,61,0.323146
221617,175.2066,,,0.300981,0.000381504,61,0.420867
221646,175.2249,,,0.323879,0.0003815,61,0.375802
221675,175.2433,,,0.366682,0.000381495,61,0.41468
221704,175.2617,,,0.30399,0.00038149,61,0.401553
221733,175.2800,,,0.24866,0.000381485,61,0.245329
221762,175.2984,,,0.266549,0.00038148,61,0.293593
221791,175.3169,,,0.280016,0.000381476,61,0.263598
221820,175.3352,,,0.344237,0.000381471,61,0.349726
221849,175.3536,,,0.305034,0.000381466,61,0.365304
221878,175.3720,,,0.281732,0.000381461,61,0.325619
221907,175.3904,,,0.28725,0.000381456,61,0.245528
221936,175.4088,,,0.286863,0.000381452,61,0.268794
221965,175.4272,,,0.293503,0.000381447,61,0.421008
221994,175.4456,,,0.251912,0.000381442,61,0.271282
222023,175.4639,,,0.305399,0.000381437,61,0.489166
222052,175.4823,,,0.294844,0.000381432,61,0.221263
222081,175.5007,,,0.328839,0.000381428,61,0.406389
222110,175.5190,,,0.307271,0.000381423,61,0.315623
222139,175.5374,,,0.352825,0.000381418,61,0.340556
222168,175.5558,,,0.280445,0.000381413,61,0.24042
222197,175.5742,,,0.270192,0.000381408,61,0.324704
222226,175.5926,,,0.359792,0.000381404,61,0.277464
222255,175.6110,,,0.289956,0.000381399,61,0.440903
222284,175.6294,,,0.249229,0.000381394,61,0.247858
222313,175.6478,,,0.276369,0.000381389,61,0.306898
222342,175.6662,,,0.296368,0.000381384,61,0.688609
222371,175.6846,,,0.361712,0.00038138,61,0.457482
222400,175.7030,,,0.283076,0.000381375,61,0.303121
222429,175.7214,,,0.286654,0.00038137,61,0.228433
222458,175.7397,,,0.31716,0.000381365,61,0.349256
222487,175.7581,,,0.366013,0.00038136,61,0.32352
222516,175.7765,,,0.334919,0.000381356,61,0.437268
222545,175.7949,,,0.300224,0.000381351,61,0.334438
222574,175.8132,,,0.27516,0.000381346,61,0.344765
222603,175.8316,,,0.29193,0.000381341,61,0.366499
222632,175.8500,,,0.297476,0.000381336,61,0.332902
222661,175.8683,,,0.272232,0.000381332,61,0.301184
222690,175.8867,,,0.280486,0.000381327,61,0.281584
222719,175.9051,,,0.335152,0.000381322,61,0.374676
222748,175.9235,,,0.303662,0.000381317,61,0.465709
222777,175.9419,,,0.302651,0.000381312,61,0.262525
222806,175.9603,,,0.28764,0.000381308,61,0.27596
222835,175.9787,,,0.269401,0.000381303,61,0.334293
222864,175.9970,,,0.316424,0.000381298,61,0.518644
222893,176.0154,,,0.281204,0.000381293,61,0.296352
222922,176.0338,,,0.294473,0.000381288,61,0.329684
222951,176.0522,,,0.289342,0.000381284,61,0.301465
222980,176.0706,,,0.296231,0.000381279,61,0.350608
223009,176.0889,,,0.331359,0.000381274,61,0.307011
223038,176.1073,,,0.297233,0.000381269,61,0.27761
223067,176.1256,,,0.305372,0.000381264,61,0.277248
223096,176.1440,,,0.278674,0.000381259,61,0.324376
223125,176.1623,,,0.29476,0.000381255,61,0.295332
223154,176.1807,,,0.279893,0.00038125,61,0.206684
223183,176.1990,,,0.276944,0.000381245,61,0.478027
223212,176.2174,,,0.354705,0.00038124,61,0.352922
223241,176.2357,,,0.311497,0.000381235,61,0.335394
223270,176.2541,,,0.292261,0.000381231,61,0.286429
223299,176.2725,,,0.344456,0.000381226,61,0.449326
223328,176.2909,,,0.340524,0.000381221,61,0.371526
223357,176.3092,,,0.268337,0.000381216,61,0.414024
223386,176.3276,,,0.323374,0.000381211,61,0.416472
223415,176.3459,,,0.29178,0.000381206,61,0.300327
223444,176.3643,,,0.304665,0.000381202,61,43.0536
223473,176.3828,,,0.378077,0.000381197,61,0.316068
223502,176.4011,,,0.301303,0.000381192,61,0.342982
223531,176.4195,,,0.290883,0.000381187,61,0.381245
223560,176.4379,,,0.268037,0.000381182,61,0.351988
223589,176.4563,,,0.308392,0.000381177,61,0.390505
223618,176.4747,,,0.271496,0.000381173,61,0.279763
223647,176.4931,,,0.242225,0.000381168,61,0.19113
223676,176.5115,,,0.28909,0.000381163,61,0.275413
223705,176.5299,,,0.280651,0.000381158,61,0.257798
223734,176.5483,,,0.311755,0.000381153,61,0.305485
223763,176.5667,,,0.287754,0.000381149,61,0.274613
223792,176.5851,,,0.262866,0.000381144,61,0.321072
223821,176.6035,,,0.357227,0.000381139,61,0.330296
223850,176.6218,,,0.337658,0.000381134,61,0.43729
223879,176.6402,,,0.298072,0.000381129,61,0.27202
223908,176.6586,,,0.349436,0.000381124,61,0.307342
223937,176.6770,,,0.284331,0.00038112,61,0.233515
223966,176.6954,,,0.308229,0.000381115,61,0.262784
223995,176.7137,,,0.317197,0.00038111,61,0.321846
224024,176.7321,,,0.326769,0.000381105,61,0.31701
224053,176.7505,,,0.34716,0.0003811,61,0.325836
224082,176.7690,,,0.279576,0.000381095,61,0.307437
224111,176.7874,,,0.264582,0.000381091,61,0.265992
224140,176.8058,,,0.306037,0.000381086,61,0.243677
224169,176.8242,,,0.303272,0.000381081,61,0.380101
224198,176.8426,,,0.303382,0.000381076,61,0.289856
224227,176.8610,,,0.286956,0.000381071,61,0.306142
224256,176.8794,,,0.264493,0.000381066,61,0.226433
224285,176.8978,,,0.245097,0.000381061,61,0.329306
224314,176.9162,,,0.265916,0.000381057,61,0.35651
224343,176.9346,,,0.328041,0.000381052,61,0.478832
224372,176.9530,,,0.309377,0.000381047,61,0.393635
224401,176.9714,,,0.283946,0.000381042,61,0.483083
224430,176.9898,,,0.280675,0.000381037,61,0.338324
224459,177.0082,,,0.273081,0.000381032,61,0.256018
224488,177.0266,,,0.266577,0.000381028,61,0.264371
224517,177.0450,,,0.289388,0.000381023,61,0.273356
224546,177.0634,,,0.256938,0.000381018,61,0.270482
224575,177.0818,,,0.336465,0.000381013,61,0.287754
224604,177.1002,,,0.323772,0.000381008,61,0.353161
224633,177.1187,,,0.27408,0.000381003,61,0.277703
224662,177.1371,,,0.299905,0.000380999,61,0.310366
224691,177.1555,,,0.282829,0.000380994,61,0.361262
224720,177.1739,,,0.275216,0.000380989,61,0.263851
224749,177.1923,,,0.296972,0.000380984,61,0.287939
224778,177.2107,,,0.265706,0.000380979,61,0.224545
224807,177.2291,,,0.345387,0.000380974,61,0.320197
224836,177.2475,,,0.335226,0.000380969,61,0.354321
224865,177.2659,,,0.284843,0.000380965,61,0.365622
224894,177.2843,,,0.302806,0.00038096,61,0.339733
224923,177.3028,,,0.287368,0.000380955,61,0.239125
224952,177.3212,,,0.255527,0.00038095,61,0.312651
224981,177.3396,,,0.276111,0.000380945,61,0.300138
225010,177.3580,,,0.298165,0.00038094,61,0.27977
225039,177.3764,,,0.258918,0.000380935,61,0.250541
225068,177.3948,,,0.258362,0.000380931,61,0.244891
225097,177.4133,,,0.303164,0.000380926,61,0.296239
225121,177.9890,0.291978,0.29578,,,61,
225126,177.9928,,,0.255422,0.000380921,62,0.268923
225155,178.0112,,,0.332774,0.000380916,62,0.954935
225184,178.0296,,,0.338543,0.000380911,62,0.361911
225213,178.0480,,,0.399127,0.000380906,62,0.457543
225242,178.0664,,,0.277071,0.000380901,62,0.261694
225271,178.0849,,,0.305419,0.000380897,62,0.288315
225300,178.1033,,,0.375542,0.000380892,62,0.530508
225329,178.1217,,,0.29553,0.000380887,62,0.25908
225358,178.1401,,,0.324187,0.000380882,62,0.351997
225387,178.1585,,,0.277334,0.000380877,62,0.26734
225416,178.1770,,,0.310013,0.000380872,62,0.290292
225445,178.1954,,,0.301643,0.000380867,62,0.25957
225474,178.2138,,,0.298242,0.000380863,62,0.231872
225503,178.2322,,,0.234479,0.000380858,62,0.270505
225532,178.2506,,,0.27499,0.000380853,62,0.293535
225561,178.2690,,,0.312444,0.000380848,62,0.381971
225590,178.2874,,,0.308111,0.000380843,62,0.574577
225619,178.3059,,,0.343271,0.000380838,62,0.395097
225648,178.3243,,,0.299054,0.000380833,62,0.484467
225677,178.3427,,,0.281918,0.000380828,62,0.296552
225706,178.3611,,,0.283745,0.000380824,62,0.322612
225735,178.3795,,,0.265166,0.000380819,62,0.28836
225764,178.3979,,,0.271793,0.000380814,62,0.271108
225793,178.4163,,,0.306285,0.000380809,62,0.300073
225822,178.4348,,,0.278961,0.000380804,62,0.241439
225851,178.4532,,,0.290094,0.000380799,62,0.553562
225880,178.4716,,,0.291068,0.000380794,62,0.329792
225909,178.4900,,,0.261925,0.00038079,62,0.310737
225938,178.5084,,,0.304973,0.000380785,62,0.306185
225967,178.5268,,,0.298142,0.00038078,62,0.367541
225996,178.5452,,,0.293896,0.000380775,62,0.301576
226025,178.5636,,,0.315015,0.00038077,62,0.299118
226054,178.5820,,,0.332131,0.000380765,62,0.420418
226083,178.6004,,,0.300936,0.00038076,62,0.275038
226112,178.6189,,,0.257806,0.000380755,62,0.27738
226141,178.6373,,,0.317643,0.000380751,62,0.357664
226170,178.6557,,,0.349793,0.000380746,62,0.380558
226199,178.6741,,,0.263532,0.000380741,62,0.24372
226228,178.6925,,,0.295804,0.000380736,62,0.315215
226257,178.7109,,,0.34846,0.000380731,62,0.432012
226286,178.7293,,,0.312934,0.000380726,62,0.326059
226315,178.7477,,,0.292096,0.000380721,62,2.34047
226344,178.7661,,,0.301309,0.000380716,62,0.371442
226373,178.7845,,,0.309163,0.000380711,62,0.308914
226402,178.8030,,,0.365225,0.000380707,62,0.923798
226431,178.8214,,,0.289938,0.000380702,62,0.344373
226460,178.8398,,,0.304131,0.000380697,62,0.300095
226489,178.8582,,,0.343803,0.000380692,62,0.30902
226518,178.8766,,,0.305058,0.000380687,62,0.282885
226547,178.8950,,,0.298843,0.000380682,62,0.343875
226576,178.9135,,,0.256552,0.000380677,62,0.291891
226605,178.9319,,,0.292186,0.000380672,62,0.244222
226634,178.9503,,,0.2675,0.000380668,62,0.261652
226663,178.9687,,,0.27019,0.000380663,62,0.238403
226692,178.9871,,,0.310977,0.000380658,62,0.347747
226721,179.0055,,,0.296821,0.000380653,62,0.357882
226750,179.0239,,,0.252005,0.000380648,62,0.313936
226779,179.0423,,,0.265038,0.000380643,62,0.279329
226808,179.0608,,,0.313855,0.000380638,62,0.259233
226837,179.0792,,,0.247907,0.000380633,62,0.288887
226866,179.0976,,,0.32209,0.000380628,62,0.296927
226895,179.1160,,,0.353705,0.000380624,62,0.274103
226924,179.1344,,,0.307952,0.000380619,62,0.714782
226953,179.1528,,,0.31054,0.000380614,62,0.367105
226982,179.1712,,,0.298358,0.000380609,62,0.42112
227011,179.1896,,,0.269335,0.000380604,62,0.35176
227040,179.2081,,,0.275349,0.000380599,62,0.375186
227069,179.2265,,,0.329324,0.000380594,62,0.355811
227098,179.2449,,,0.288831,0.000380589,62,0.28525
227127,179.2633,,,0.31059,0.000380584,62,0.384105
227156,179.2817,,,0.296775,0.000380579,62,0.337438
227185,179.3001,,,0.312271,0.000380575,62,0.218144
227214,179.3185,,,0.285388,0.00038057,62,0.323197
227243,179.3370,,,0.285216,0.000380565,62,0.254408
227272,179.3554,,,0.300839,0.00038056,62,0.250322
227301,179.3738,,,0.318918,0.000380555,62,0.39138
227330,179.3922,,,0.381117,0.00038055,62,0.559999
227359,179.4106,,,0.308191,0.000380545,62,0.316843
227388,179.4290,,,0.297351,0.00038054,62,0.339599
227417,179.4475,,,0.257009,0.000380535,62,0.340385
227446,179.4659,,,0.300576,0.00038053,62,0.356199
227475,179.4843,,,0.297961,0.000380526,62,0.45316
227504,179.5027,,,0.28836,0.000380521,62,0.303031
227533,179.5211,,,0.249024,0.000380516,62,0.230932
227562,179.5395,,,0.292439,0.000380511,62,0.417415
227591,179.5580,,,0.379623,0.000380506,62,0.704455
227620,179.5764,,,0.287696,0.000380501,62,0.285596
227649,179.5948,,,0.27656,0.000380496,62,0.320621
227678,179.6132,,,0.331209,0.000380491,62,0.325917
227707,179.6316,,,0.270338,0.000380486,62,0.354112
227736,179.6500,,,0.261431,0.000380481,62,0.211989
227765,179.6685,,,0.23649,0.000380476,62,0.227756
227794,179.6869,,,0.297233,0.000380472,62,0.564378
227823,179.7053,,,0.302307,0.000380467,62,0.250095
227852,179.7237,,,0.287955,0.000380462,62,0.450506
227881,179.7421,,,0.263067,0.000380457,62,0.337464
227910,179.7605,,,0.238359,0.000380452,62,0.353991
227939,179.7789,,,0.304258,0.000380447,62,0.344639
227968,179.7973,,,0.311175,0.000380442,62,0.322104
227997,179.8157,,,0.280818,0.000380437,62,0.290676
228026,179.8340,,,0.335391,0.000380432,62,0.453865
228055,179.8524,,,0.348401,0.000380427,62,0.400195
228084,179.8708,,,0.254583,0.000380422,62,0.245704
228113,179.8892,,,0.321011,0.000380417,62,0.75539
228142,179.9076,,,0.267237,0.000380413,62,0.426742
228171,179.9260,,,0.284939,0.000380408,62,0.397873
228200,179.9444,,,0.317745,0.000380403,62,0.861218
228229,179.9628,,,0.341504,0.000380398,62,0.395759
228258,179.9812,,,0.315822,0.000380393,62,0.413812
228287,179.9996,,,0.260484,0.000380388,62,0.311732
228316,180.0180,,,0.324817,0.000380383,62,0.584832
228345,180.0364,,,0.306348,0.000380378,62,0.352716
228374,180.0548,,,0.315988,0.000380373,62,0.482298
228403,180.0732,,,0.284552,0.000380368,62,0.488481
228432,180.0916,,,0.310481,0.000380363,62,0.410058
228461,180.1100,,,0.309226,0.000380358,62,0.457582
228490,180.1284,,,0.29425,0.000380353,62,0.276171
228519,180.1468,,,0.265551,0.000380349,62,0.297942
228548,180.1652,,,0.282928,0.000380344,62,0.322191
228577,180.1836,,,0.242123,0.000380339,62,0.381182
228606,180.2020,,,0.3338,0.000380334,62,0.566916
228635,180.2204,,,0.351614,0.000380329,62,0.589794
228664,180.2388,,,0.284517,0.000380324,62,0.34429
228693,180.2573,,,0.316132,0.000380319,62,0.541556
228722,180.2757,,,0.282896,0.000380314,62,0.407377
228751,180.2941,,,0.330228,0.000380309,62,0.405606
228752,180.8554,0.294787,0.296384,,,62,
228780,180.8736,,,0.283079,0.000380304,63,0.522157
228809,180.8920,,,0.311714,0.000380299,63,0.501395
228838,180.9104,,,0.250406,0.000380294,63,0.365396
228867,180.9288,,,0.264841,0.000380289,63,0.256799
228896,180.9473,,,0.309801,0.000380284,63,0.440406
228925,180.9657,,,0.316792,0.00038028,63,0.426392
228954,180.9841,,,0.32962,0.000380275,63,0.389243
228983,181.0025,,,0.301277,0.00038027,63,0.408919
229012,181.0209,,,0.290721,0.000380265,63,0.234095
229041,181.0394,,,0.312687,0.00038026,63,5.0681
229070,181.0578,,,0.280919,0.000380255,63,0.334723
229099,181.0762,,,0.252386,0.00038025,63,0.501246
229128,181.0946,,,0.334118,0.000380245,63,0.585915
229157,181.1130,,,0.30318,0.00038024,63,0.33325
229186,181.1314,,,0.253413,0.000380235,63,0.312291
229215,181.1498,,,0.368152,0.00038023,63,0.393733
229244,181.1683,,,0.307984,0.000380225,63,0.48506
229273,181.1867,,,0.316047,0.00038022,63,0.437559
229302,181.2051,,,0.337876,0.000380215,63,0.836443
229331,181.2235,,,0.304529,0.00038021,63,0.775903
229360,181.2419,,,0.250292,0.000380205,63,6.24182
229389,181.2603,,,0.272237,0.000380201,63,0.397621
229418,181.2788,,,0.291071,0.000380196,63,0.308653
229447,181.2972,,,0.275777,0.000380191,63,0.504295
229476,181.3156,,,0.305591,0.000380186,63,0.450906
229505,181.3340,,,0.300221,0.000380181,63,0.409042
229534,181.3524,,,0.304693,0.000380176,63,0.373363
229563,181.3708,,,0.289206,0.000380171,63,0.499238
229592,181.3893,,,0.246794,0.000380166,63,0.292651
229621,181.4077,,,0.3013,0.000380161,63,0.506344
229650,181.4261,,,0.278294,0.000380156,63,0.287599
229679,181.4445,,,0.292474,0.000380151,63,0.385136
229708,181.4630,,,0.266442,0.000380146,63,0.286507
229737,181.4814,,,0.276872,0.000380141,63,0.418556
229766,181.4998,,,0.267845,0.000380136,63,0.399062
229795,181.5182,,,0.351806,0.000380131,63,0.361146
229824,181.5366,,,0.243624,0.000380126,63,0.300718
229853,181.5551,,,0.339598,0.000380121,63,0.409703
229882,181.5735,,,0.323585,0.000380116,63,0.402223
229911,181.5919,,,0.295627,0.000380111,63,0.343564
229940,181.6103,,,0.39233,0.000380106,63,0.714723
229969,181.6287,,,0.318993,0.000380102,63,0.477572
229998,181.6471,,,0.302624,0.000380097,63,0.474241
230027,181.6656,,,0.294263,0.000380092,63,0.374431
230056,181.6840,,,0.332904,0.000380087,63,0.679124
230085,181.7024,,,0.312818,0.000380082,63,0.312759
230114,181.7208,,,0.259048,0.000380077,63,0.394156
230143,181.7392,,,0.300993,0.000380072,63,0.501201
230172,181.7576,,,0.266597,0.000380067,63,0.251176
230201,181.7760,,,0.29449,0.000380062,63,0.430928
230230,181.7945,,,0.321098,0.000380057,63,0.433723
230259,181.8129,,,0.362648,0.000380052,63,0.336266
230288,181.8313,,,0.351861,0.000380047,63,0.46926
230317,181.8497,,,0.311529,0.000380042,63,0.394837
230346,181.8681,,,0.275897,0.000380037,63,0.435529
230375,181.8866,,,0.266778,0.000380032,63,0.378331
230404,181.9050,,,0.293815,0.000380027,63,0.431785
230433,181.9234,,,0.357142,0.000380022,63,0.548507
230462,181.9418,,,0.270835,0.000380017,63,0.473223
230491,181.9602,,,0.295013,0.000380012,63,0.348802
230520,181.9787,,,0.28437,0.000380007,63,0.699662
230549,181.9971,,,0.396683,0.000380002,63,0.469389
230578,182.0155,,,0.323217,0.000379997,63,0.529581
230607,182.0339,,,0.300655,0.000379992,63,0.355158
230636,182.0523,,,0.332188,0.000379987,63,0.417942
230665,182.0707,,,0.308914,0.000379982,63,0.253565
230694,182.0891,,,0.293723,0.000379977,63,0.598424
230723,182.1076,,,0.305845,0.000379973,63,0.365763
230752,182.1260,,,0.243686,0.000379968,63,0.366883
230781,182.1444,,,0.26407,0.000379963,63,0.429251
230810,182.1628,,,0.2493,0.000379958,63,0.348575
230839,182.1812,,,0.254751,0.000379953,63,0.228758
230868,182.1997,,,0.260336,0.000379948,63,0.343806
230897,182.2181,,,0.349724,0.000379943,63,0.331677
230926,182.2365,,,0.290601,0.000379938,63,1.20047
230955,182.2549,,,0.317712,0.000379933,63,0.27207
230984,182.2734,,,0.271712,0.000379928,63,0.254632
231013,182.2918,,,0.267102,0.000379923,63,0.510941
231042,182.3102,,,0.291071,0.000379918,63,0.3145
231071,182.3286,,,0.272397,0.000379913,63,0.348981
231100,182.3470,,,0.331693,0.000379908,63,0.390582
231129,182.3654,,,0.334172,0.000379903,63,0.403339
231158,182.3838,,,0.349527,0.000379898,63,0.487201
231187,182.4022,,,0.310396,0.000379893,63,0.418707
231216,182.4206,,,0.252466,0.000379888,63,0.29241
231245,182.4390,,,0.279503,0.000379883,63,0.259302
231274,182.4574,,,0.281034,0.000379878,63,0.367748
231303,182.4758,,,0.300811,0.000379873,63,0.406816
231332,182.4942,,,0.376775,0.000379868,63,0.631813
231361,182.5126,,,0.324934,0.000379863,63,0.357407
231390,182.5310,,,0.288599,0.000379858,63,0.306788
231419,182.5494,,,0.361983,0.000379853,63,0.378012
231448,182.5678,,,0.269071,0.000379848,63,0.34026
231477,182.5863,,,0.30188,0.000379843,63,0.327953
231506,182.6047,,,0.289171,0.000379838,63,0.287875
231535,182.6231,,,0.299832,0.000379833,63,0.327064
231564,182.6415,,,0.306534,0.000379828,63,0.351873
231593,182.6599,,,0.329306,0.000379823,63,0.499502
231622,182.6784,,,0.269165,0.000379818,63,0.460869
231651,182.6968,,,0.307761,0.000379813,63,0.424639
231680,182.7152,,,0.296978,0.000379808,63,0.450776
231709,182.7336,,,0.3229,0.000379803,63,0.534504
231738,182.7520,,,0.239286,0.000379798,63,0.359265
231767,182.7704,,,0.273117,0.000379793,63,0.255412
231796,182.7888,,,0.291014,0.000379788,63,2.17901
231825,182.8073,,,0.271556,0.000379783,63,0.262275
231854,182.8257,,,0.294223,0.000379778,63,0.373637
231883,182.8441,,,0.27082,0.000379773,63,0.288459
231912,182.8625,,,0.303363,0.000379768,63,0.446948
231941,182.8810,,,0.250865,0.000379763,63,0.41607
231970,182.8994,,,0.312243,0.000379758,63,0.384908
231999,182.9178,,,0.369759,0.000379753,63,0.474908
232028,182.9362,,,0.334264,0.000379748,63,0.66862
232057,182.9546,,,0.301043,0.000379743,63,0.566216
232086,182.9730,,,0.238565,0.000379738,63,0.377352
232115,182.9914,,,0.298575,0.000379733,63,0.272995
232144,183.0098,,,0.302697,0.000379728,63,0.49276
232173,183.0282,,,0.252047,0.000379723,63,0.25587
232202,183.0466,,,0.283375,0.000379718,63,0.372778
232231,183.0650,,,0.304133,0.000379713,63,0.583931
232260,183.0834,,,0.300509,0.000379708,63,0.321663
232289,183.1018,,,0.2978,0.000379703,63,0.543254
232318,183.1202,,,0.354608,0.000379698,63,0.518738
232347,183.1386,,,0.257969,0.000379693,63,0.325204
232376,183.1571,,,0.276359,0.000379688,63,0.312039
232383,183.7223,0.296001,0.297145,,,63,
232405,183.7368,,,0.318243,0.000379683,64,0.385058
232434,183.7552,,,0.349216,0.000379678,64,0.492587
232463,183.7736,,,0.330897,0.000379673,64,0.535041
232492,183.7920,,,0.276957,0.000379668,64,0.318049
232521,183.8104,,,0.320701,0.000379663,64,0.593149
232550,183.8288,,,0.320611,0.000379658,64,0.379955
232579,183.8472,,,0.249655,0.000379653,64,0.276047
232608,183.8656,,,0.324449,0.000379648,64,0.385875
232637,183.8841,,,0.217099,0.000379643,64,0.200331
232666,183.9025,,,0.299605,0.000379638,64,0.282856
232695,183.9209,,,0.357454,0.000379633,64,0.550114
232724,183.9393,,,0.334172,0.000379628,64,0.412045
232753,183.9577,,,0.333967,0.000379623,64,0.493048
232782,183.9761,,,0.320137,0.000379618,64,0.483545
232811,183.9946,,,0.271883,0.000379613,64,0.350985
232840,184.0130,,,0.248718,0.000379608,64,0.303619
232869,184.0314,,,0.316501,0.000379603,64,0.476006
232898,184.0498,,,0.299389,0.000379598,64,0.341308
232927,184.0682,,,0.260213,0.000379593,64,0.283272
232956,184.0866,,,0.239837,0.000379588,64,0.329871
232985,184.1050,,,0.29668,0.000379583,64,0.487748
233014,184.1235,,,0.269631,0.000379578,64,0.251603
233043,184.1419,,,0.294029,0.000379573,64,0.29824
233072,184.1603,,,0.286915,0.000379568,64,0.43592
233101,184.1787,,,0.257312,0.000379563,64,0.253147
233130,184.1972,,,0.296267,0.000379558,64,0.248733
233159,184.2156,,,0.321555,0.000379553,64,0.330935
233188,184.2340,,,0.309398,0.000379548,64,0.331103
233217,184.2524,,,0.315657,0.000379543,64,0.363057
233246,184.2708,,,0.250649,0.000379538,64,0.333912
233275,184.2892,,,0.286804,0.000379533,64,0.28283
233304,184.3077,,,0.292281,0.000379528,64,0.339637
233333,184.3261,,,0.284832,0.000379523,64,0.428398
233362,184.3445,,,0.28495,0.000379518,64,0.364366
233391,184.3629,,,0.290417,0.000379513,64,0.313121
233420,184.3813,,,0.287248,0.000379508,64,0.348265
233449,184.3998,,,0.293631,0.000379503,64,0.338165
233478,184.4182,,,0.258625,0.000379498,64,0.227532
233507,184.4366,,,0.270412,0.000379493,64,0.470588
233536,184.4550,,,0.288933,0.000379488,64,0.460706
233565,184.4734,,,0.295806,0.000379483,64,0.501458
233594,184.4918,,,0.287552,0.000379478,64,0.380885
233623,184.5102,,,0.319471,0.000379473,64,0.399007
233652,184.5287,,,0.287082,0.000379468,64,0.433605
233681,184.5471,,,0.345416,0.000379462,64,0.435248
233710,184.5655,,,0.322356,0.000379457,64,0.399293
233739,184.5839,,,0.318644,0.000379452,64,0.376138
233768,184.6023,,,0.286359,0.000379447,64,0.517316
233797,184.6206,,,0.26191,0.000379442,64,0.346921
233826,184.6390,,,0.347414,0.000379437,64,0.484048
233855,184.6575,,,0.292664,0.000379432,64,0.364305
233884,184.6759,,,0.334864,0.000379427,64,0.734133
233913,184.6943,,,0.392914,0.000379422,64,0.510083
233942,184.7127,,,0.275191,0.000379417,64,0.404045
233971,184.7311,,,0.322757,0.000379412,64,0.351662
234000,184.7495,,,0.267018,0.000379407,64,0.300688
234029,184.7679,,,0.294723,0.000379402,64,0.258631
234058,184.7863,,,0.262232,0.000379397,64,0.374275
234087,184.8048,,,0.344169,0.000379392,64,0.571307
234116,184.8232,,,0.374637,0.000379387,64,0.559267
234145,184.8416,,,0.293247,0.000379382,64,0.331362
234174,184.8600,,,0.307935,0.000379377,64,0.385998
234203,184.8784,,,0.257552,0.000379372,64,0.286342
234232,184.8968,,,0.261457,0.000379367,64,0.258182
234261,184.9153,,,0.292615,0.000379362,64,0.441284
234290,184.9337,,,0.328016,0.000379357,64,0.354386
234319,184.9521,,,0.298298,0.000379352,64,0.296168
234348,184.9705,,,0.313544,0.000379347,64,0.276165
234377,184.9889,,,0.276109,0.000379342,64,0.26235
234406,185.0073,,,0.250037,0.000379337,64,0.266174
234435,185.0258,,,0.312075,0.000379332,64,0.371988
234464,185.0442,,,0.329489,0.000379326,64,0.45439
234493,185.0626,,,0.301899,0.000379321,64,0.301095
234522,185.0810,,,0.281105,0.000379316,64,0.275165
234551,185.0994,,,0.247109,0.000379311,64,0.310799
234580,185.1179,,,0.321721,0.000379306,64,0.506181
234609,185.1363,,,0.349303,0.000379301,64,0.377564
234638,185.1547,,,0.307703,0.000379296,64,0.289878
234667,185.1731,,,0.281068,0.000379291,64,0.41706
234696,185.1915,,,0.233822,0.000379286,64,0.311407
234725,185.2099,,,0.293242,0.000379281,64,0.263376
234754,185.2283,,,0.318562,0.000379276,64,0.3443
234783,185.2468,,,0.38127,0.000379271,64,0.422495
234812,185.2652,,,0.308481,0.000379266,64,0.330464
234841,185.2836,,,0.270576,0.000379261,64,0.371785
234870,185.3020,,,0.307323,0.000379256,64,0.398582
234899,185.3204,,,0.358558,0.000379251,64,0.531158
234928,185.3388,,,0.239105,0.000379246,64,0.430575
234957,185.3572,,,0.309962,0.000379241,64,0.431205
234986,185.3756,,,0.348085,0.000379236,64,0.561722
235015,185.3940,,,0.280641,0.000379231,64,0.40457
235044,185.4124,,,0.246051,0.000379225,64,0.323998
235073,185.4309,,,0.277681,0.00037922,64,0.265593
235102,185.4493,,,0.253311,0.000379215,64,0.248546
235131,185.4677,,,0.26684,0.00037921,64,0.595399
235160,185.4861,,,0.306945,0.000379205,64,0.55957
235189,185.5045,,,0.284211,0.0003792,64,0.325594
235218,185.5229,,,0.328087,0.000379195,64,0.388017
235247,185.5413,,,0.349631,0.00037919,64,0.500668
235276,185.5598,,,0.3237,0.000379185,64,0.426804
235305,185.5782,,,0.296978,0.00037918,64,0.335804
235334,185.5966,,,0.265827,0.000379175,64,0.209079
235363,185.6150,,,0.310537,0.00037917,64,0.345132
235392,185.6334,,,0.302668,0.000379165,64,0.613301
235421,185.6518,,,0.31581,0.00037916,64,0.446922
235450,185.6703,,,0.314493,0.000379155,64,0.324608
235479,185.6887,,,0.287738,0.00037915,64,0.350719
235508,185.7071,,,0.263907,0.000379144,64,0.522885
235537,185.7255,,,0.293583,0.000379139,64,0.388953
235566,185.7439,,,0.277024,0.000379134,64,0.257933
235595,185.7623,,,0.340372,0.000379129,64,0.415188
235624,185.7807,,,0.276211,0.000379124,64,0.442302
235653,185.7991,,,0.280008,0.000379119,64,0.360455
235682,185.8174,,,0.304777,0.000379114,64,0.622267
235711,185.8358,,,0.261659,0.000379109,64,0.376224
235740,185.8542,,,0.34306,0.000379104,64,0.622043
235769,185.8726,,,0.270336,0.000379099,64,0.329952
235798,185.8909,,,0.27663,0.000379094,64,0.268904
235827,185.9094,,,0.344046,0.000379089,64,0.564151
235856,185.9278,,,0.282006,0.000379084,64,0.454054
235885,185.9462,,,0.299051,0.000379079,64,0.321901
235914,185.9646,,,0.305598,0.000379073,64,0.394377
235943,185.9830,,,0.324985,0.000379068,64,0.320084
235972,186.0014,,,0.310157,0.000379063,64,0.404614
236001,186.0198,,,0.300085,0.000379058,64,0.339706
236014,186.5889,0.292278,0.295359,,,64,
236030,186.5996,,,0.296028,0.000379053,65,1.13514
236059,186.6180,,,0.239128,0.000379048,65,0.312207
236088,186.6364,,,0.283236,0.000379043,65,0.267932
236117,186.6548,,,0.280887,0.000379038,65,0.375879
236146,186.6732,,,0.33443,0.000379033,65,0.485584
236175,186.6917,,,0.332804,0.000379028,65,0.428999
236204,186.7101,,,0.265933,0.000379023,65,0.2827
236233,186.7285,,,0.316279,0.000379018,65,0.466009
236262,186.7469,,,0.289656,0.000379013,65,0.511224
236291,186.7653,,,0.295693,0.000379007,65,0.390189
236320,186.7837,,,0.269838,0.000379002,65,0.353052
236349,186.8021,,,0.293883,0.000378997,65,0.459664
236378,186.8206,,,0.32649,0.000378992,65,0.441219
236407,186.8390,,,0.235292,0.000378987,65,0.363188
236436,186.8574,,,0.28957,0.000378982,65,0.417469
236465,186.8758,,,0.241958,0.000378977,65,0.296051
236494,186.8942,,,0.26261,0.000378972,65,0.461897
236523,186.9126,,,0.27969,0.000378967,65,0.34657
236552,186.9311,,,0.263074,0.000378962,65,0.518902
236581,186.9495,,,0.323256,0.000378957,65,0.690024
236610,186.9679,,,0.328173,0.000378951,65,0.414735
236639,186.9863,,,0.291109,0.000378946,65,0.626818
236668,187.0047,,,0.272986,0.000378941,65,0.288461
236697,187.0231,,,0.260306,0.000378936,65,0.320496
236726,187.0416,,,0.277383,0.000378931,65,0.431621
236755,187.0600,,,0.288592,0.000378926,65,0.534232
236784,187.0784,,,0.245326,0.000378921,65,0.302723
236813,187.0968,,,0.300175,0.000378916,65,0.467854
236842,187.1152,,,0.260362,0.000378911,65,0.287049
236871,187.1337,,,0.35052,0.000378906,65,0.560486
236900,187.1521,,,0.315999,0.000378901,65,0.317686
236929,187.1705,,,0.281487,0.000378895,65,0.295051
236958,187.1889,,,0.325012,0.00037889,65,0.600737
236987,187.2073,,,0.293319,0.000378885,65,0.405398
237016,187.2257,,,0.325809,0.00037888,65,0.637375
237045,187.2441,,,0.310906,0.000378875,65,0.440492
237074,187.2625,,,0.312596,0.00037887,65,0.513332
237103,187.2809,,,0.331278,0.000378865,65,0.397277
237132,187.2993,,,0.285359,0.00037886,65,0.367147
237161,187.3177,,,0.421315,0.000378855,65,0.765517
237190,187.3361,,,0.298404,0.00037885,65,0.391183
237219,187.3545,,,0.287094,0.000378845,65,0.40258
237248,187.3728,,,0.347677,0.000378839,65,0.391838
237277,187.3912,,,0.344458,0.000378834,65,0.482319
237306,187.4095,,,0.297236,0.000378829,65,0.35202
237335,187.4279,,,0.297362,0.000378824,65,0.386361
237364,187.4463,,,0.299523,0.000378819,65,0.323981
237393,187.4646,,,0.272939,0.000378814,65,0.43028
237422,187.4830,,,0.27803,0.000378809,65,0.340741
237451,187.5014,,,0.344629,0.000378804,65,0.348253
237480,187.5199,,,0.298347,0.000378799,65,0.357541
237509,187.5382,,,0.309028,0.000378793,65,0.271299
237538,187.5566,,,0.301032,0.000378788,65,0.335514
237567,187.5750,,,0.290082,0.000378783,65,0.427396
237596,187.5934,,,0.231235,0.000378778,65,0.312933
237625,187.6118,,,0.3137,0.000378773,65,0.309343
237654,187.6301,,,0.288239,0.000378768,65,0.261566
237683,187.6485,,,0.272811,0.000378763,65,0.30578
237712,187.6669,,,0.282859,0.000378758,65,0.272081
237741,187.6853,,,0.291427,0.000378753,65,0.725715
237770,187.7037,,,0.318099,0.000378747,65,0.327083
237799,187.7221,,,0.301886,0.000378742,65,0.345036
237828,187.7405,,,0.369339,0.000378737,65,0.494309
237857,187.7589,,,0.287729,0.000378732,65,0.348013
237886,187.7773,,,0.263054,0.000378727,65,0.261944
237915,187.7957,,,0.339756,0.000378722,65,0.325123
237944,187.8140,,,0.318217,0.000378717,65,0.280142
237973,187.8324,,,0.372123,0.000378712,65,0.358235
238002,187.8508,,,0.322144,0.000378707,65,0.40248
238031,187.8692,,,0.246645,0.000378701,65,0.235099
238060,187.8876,,,0.258231,0.000378696,65,0.243282
238089,187.9059,,,0.276384,0.000378691,65,0.277247
238118,187.9243,,,0.339424,0.000378686,65,0.553691
238147,187.9427,,,0.268731,0.000378681,65,0.274191
238176,187.9611,,,0.285922,0.000378676,65,0.246832
238205,187.9795,,,0.254671,0.000378671,65,0.261527
238234,187.9979,,,0.273412,0.000378666,65,0.325272
238263,188.0162,,,0.317041,0.000378661,65,15.9778
238292,188.0346,,,0.31799,0.000378655,65,0.465825
238321,188.0530,,,0.298515,0.00037865,65,0.482782
238350,188.0714,,,0.271351,0.000378645,65,0.297884
238379,188.0898,,,0.258063,0.00037864,65,1.2599
238408,188.1082,,,0.301942,0.000378635,65,0.405205
238437,188.1266,,,0.306069,0.00037863,65,0.322908
238466,188.1450,,,0.285211,0.000378625,65,0.300155
238495,188.1634,,,0.290909,0.00037862,65,0.954906
238524,188.1818,,,0.329202,0.000378614,65,0.804058
238553,188.2002,,,0.256511,0.000378609,65,1.05352
238582,188.2186,,,0.290906,0.000378604,65,0.297119
238611,188.2370,,,0.312691,0.000378599,65,0.370017
238640,188.2554,,,0.263858,0.000378594,65,0.447382
238669,188.2738,,,0.314085,0.000378589,65,0.85258
238698,188.2922,,,0.289496,0.000378584,65,0.607855
238727,188.3106,,,0.266839,0.000378578,65,0.231384
238756,188.3290,,,0.296425,0.000378573,65,0.366268
238785,188.3474,,,0.305394,0.000378568,65,0.393183
238814,188.3658,,,0.351862,0.000378563,65,0.369837
238843,188.3842,,,0.253604,0.000378558,65,0.300328
238872,188.4026,,,0.262157,0.000378553,65,0.30106
238901,188.4210,,,0.284029,0.000378548,65,0.483027
238930,188.4394,,,0.293538,0.000378543,65,0.340169
238959,188.4578,,,0.298072,0.000378537,65,0.254446
238988,188.4762,,,0.308538,0.000378532,65,0.344331
239017,188.4946,,,0.313812,0.000378527,65,0.456226
239046,188.5130,,,0.28844,0.000378522,65,0.490372
239075,188.5314,,,0.339329,0.000378517,65,0.253021
239104,188.5498,,,0.288191,0.000378512,65,0.889704
239133,188.5682,,,0.335521,0.000378507,65,0.40579
239162,188.5866,,,0.292913,0.000378501,65,0.688732
239191,188.6049,,,0.311495,0.000378496,65,0.274531
239220,188.6233,,,0.268135,0.000378491,65,0.318291
239249,188.6417,,,0.256551,0.000378486,65,0.541116
239278,188.6601,,,0.274244,0.000378481,65,0.383441
239307,188.6785,,,0.291889,0.000378476,65,0.482871
239336,188.6969,,,0.263069,0.000378471,65,0.245085
239365,188.7153,,,0.230674,0.000378465,65,0.499747
239394,188.7337,,,0.283652,0.00037846,65,0.212708
239423,188.7521,,,0.284635,0.000378455,65,0.250633
239452,188.7705,,,0.279461,0.00037845,65,0.475427
239481,188.7889,,,0.267151,0.000378445,65,0.298487
239510,188.8073,,,0.286853,0.00037844,65,0.553052
239539,188.8257,,,0.256599,0.000378435,65,0.334809
239568,188.8441,,,0.257859,0.000378429,65,0.303976
239597,188.8625,,,0.238451,0.000378424,65,0.535492
239626,188.8809,,,0.26317,0.000378419,65,0.29807
239645,189.4538,0.29061,0.295426,,,65,
239655,189.4607,,,0.275129,0.000378414,66,0.228445
239684,189.4790,,,0.289525,0.000378409,66,0.264202
239713,189.4975,,,0.240358,0.000378404,66,0.293142
239742,189.5159,,,0.287245,0.000378399,66,0.386719
239771,189.5343,,,0.294097,0.000378393,66,0.308787
239800,189.5527,,,0.262259,0.000378388,66,0.329965
239829,189.5711,,,0.260683,0.000378383,66,0.324103
239858,189.5896,,,0.323213,0.000378378,66,0.319332
239887,189.6080,,,0.30519,0.000378373,66,0.429785
239916,189.6263,,,0.257596,0.000378368,66,0.497528
239945,189.6447,,,0.276486,0.000378362,66,0.255654
239974,189.6631,,,0.311272,0.000378357,66,0.305505
240003,189.6815,,,0.280925,0.000378352,66,0.325283
240032,189.7000,,,0.270519,0.000378347,66,0.586368
240061,189.7184,,,0.271769,0.000378342,66,0.262775
240090,189.7368,,,0.282989,0.000378337,66,0.277545
240119,189.7552,,,0.273971,0.000378332,66,0.642268
240148,189.7736,,,0.29083,0.000378326,66,0.367656
240177,189.7920,,,0.274037,0.000378321,66,0.247944
240206,189.8104,,,0.340521,0.000378316,66,0.375927
240235,189.8288,,,0.303302,0.000378311,66,0.44887
240264,189.8472,,,0.309774,0.000378306,66,0.309587
240293,189.8656,,,0.268721,0.000378301,66,0.315508
240322,189.8840,,,0.292998,0.000378295,66,0.278835
240351,189.9024,,,0.264552,0.00037829,66,0.249557
240380,189.9208,,,0.303517,0.000378285,66,0.354962
240409,189.9392,,,0.357732,0.00037828,66,0.36957
240438,189.9576,,,0.262513,0.000378275,66,0.383199
240467,189.9760,,,0.267702,0.00037827,66,0.290943
240496,189.9944,,,0.247786,0.000378264,66,0.232166
240525,190.0128,,,0.269532,0.000378259,66,0.407482
240554,190.0312,,,0.248697,0.000378254,66,0.296541
240583,190.0496,,,0.3261,0.000378249,66,0.355029
240612,190.0680,,,0.251188,0.000378244,66,0.230838
240641,190.0865,,,0.254888,0.000378239,66,0.622455
240670,190.1049,,,0.28023,0.000378233,66,0.369713
240699,190.1233,,,0.302753,0.000378228,66,0.357226
240728,190.1417,,,0.319291,0.000378223,66,0.421368
240757,190.1601,,,0.282888,0.000378218,66,0.385909
240786,190.1785,,,0.321209,0.000378213,66,0.468728
240815,190.1969,,,0.325011,0.000378208,66,0.370179
240844,190.2153,,,0.289902,0.000378202,66,0.380601
240873,190.2337,,,0.370145,0.000378197,66,0.515135
240902,190.2521,,,0.258736,0.000378192,66,0.301742
240931,190.2705,,,0.358393,0.000378187,66,0.546268
240960,190.2889,,,0.261294,0.000378182,66,0.452169
240989,190.3073,,,0.370131,0.000378177,66,0.725468
241018,190.3257,,,0.337176,0.000378171,66,0.345093
241047,190.3441,,,0.277503,0.000378166,66,0.377007
241076,190.3625,,,0.30881,0.000378161,66,0.254432
241105,190.3809,,,0.279426,0.000378156,66,0.402401
241134,190.3993,,,0.35648,0.000378151,66,0.419649
241163,190.4177,,,0.333157,0.000378145,66,0.423225
241192,190.4361,,,0.313322,0.00037814,66,0.415042
241221,190.4545,,,0.390573,0.000378135,66,1.89628
241250,190.4729,,,0.292502,0.00037813,66,0.513047
241279,190.4913,,,0.293282,0.000378125,66,0.440015
241308,190.5097,,,0.301497,0.00037812,66,5.64572
241337,190.5281,,,0.255025,0.000378114,66,0.286055
241366,190.5466,,,0.29634,0.000378109,66,0.531354
241395,190.5650,,,0.29109,0.000378104,66,0.421695
241424,190.5834,,,0.274204,0.000378099,66,0.415322
241453,190.6018,,,0.277492,0.000378094,66,0.459231
241482,190.6202,,,0.306686,0.000378088,66,0.498547
241511,190.6386,,,0.32402,0.000378083,66,0.379694
241540,190.6570,,,0.356878,0.000378078,66,0.536322
241569,190.6755,,,0.265938,0.000378073,66,0.431065
241598,190.6939,,,0.320565,0.000378068,66,0.445766
241627,190.7123,,,0.247075,0.000378062,66,0.441314
241656,190.7307,,,0.275706,0.000378057,66,0.385372
241685,190.7491,,,0.282594,0.000378052,66,0.370579
241714,190.7676,,,0.308862,0.000378047,66,0.541398
241743,190.7860,,,0.307514,0.000378042,66,0.281041
241772,190.8044,,,0.275916,0.000378037,66,0.37243
241801,190.8228,,,0.266982,0.000378031,66,0.341182
241830,190.8412,,,0.336157,0.000378026,66,0.501863
241859,190.8596,,,0.280687,0.000378021,66,0.67263
241888,190.8780,,,0.375494,0.000378016,66,0.75057
241917,190.8964,,,0.287906,0.000378011,66,0.660595
241946,190.9148,,,0.304949,0.000378005,66,0.803544
241975,190.9333,,,0.271286,0.000378,66,0.404192
242004,190.9517,,,0.299194,0.000377995,66,0.337929
242033,190.9701,,,0.332429,0.00037799,66,1.27483
242062,190.9885,,,0.331123,0.000377985,66,0.459551
242091,191.0069,,,0.2908,0.000377979,66,0.464204
242120,191.0253,,,0.276899,0.000377974,66,0.386546
242149,191.0437,,,0.275678,0.000377969,66,0.333353
242178,191.0621,,,0.325584,0.000377964,66,0.420462
242207,191.0806,,,0.277094,0.000377959,66,0.282655
242236,191.0990,,,0.378364,0.000377953,66,0.706428
242265,191.1174,,,0.331656,0.000377948,66,0.385975
242294,191.1358,,,0.332225,0.000377943,66,0.538415
242323,191.1542,,,0.296594,0.000377938,66,0.511793
242352,191.1726,,,0.31565,0.000377933,66,0.42442
242381,191.1910,,,0.332624,0.000377927,66,0.403502
242410,191.2094,,,0.256792,0.000377922,66,1.25629
242439,191.2278,,,0.28485,0.000377917,66,0.338007
242468,191.2462,,,0.298423,0.000377912,66,1.052
242497,191.2646,,,0.331825,0.000377907,66,0.524379
242526,191.2831,,,0.296332,0.000377901,66,0.41826
242555,191.3015,,,0.312623,0.000377896,66,0.290167
242584,191.3199,,,0.329693,0.000377891,66,0.331199
242613,191.3383,,,0.336486,0.000377886,66,0.708736
242642,191.3567,,,0.302236,0.000377881,66,0.602619
242671,191.3752,,,0.317048,0.000377875,66,0.443661
242700,191.3936,,,0.304611,0.00037787,66,0.766496
242729,191.4120,,,0.335456,0.000377865,66,0.736876
242758,191.4304,,,0.291658,0.00037786,66,0.57265
242787,191.4488,,,0.351215,0.000377854,66,0.567649
242816,191.4672,,,0.265007,0.000377849,66,0.353019
242845,191.4857,,,0.308714,0.000377844,66,0.488156
242874,191.5041,,,0.320697,0.000377839,66,0.511866
242903,191.5225,,,0.324594,0.000377834,66,0.418842
242932,191.5409,,,0.339661,0.000377828,66,0.370545
242961,191.5593,,,0.300756,0.000377823,66,0.361957
242990,191.5778,,,0.26844,0.000377818,66,2.82609
243019,191.5962,,,0.263353,0.000377813,66,0.346818
243048,191.6146,,,0.28178,0.000377808,66,0.355788
243077,191.6330,,,0.274221,0.000377802,66,0.376462
243106,191.6514,,,0.274767,0.000377797,66,0.315618
243135,191.6698,,,0.338782,0.000377792,66,0.626699
243164,191.6883,,,0.309401,0.000377787,66,0.386374
243193,191.7067,,,0.329232,0.000377781,66,1.58414
243222,191.7251,,,0.325451,0.000377776,66,0.491669
243251,191.7435,,,0.285379,0.000377771,66,0.418607
243276,192.3202,0.295594,0.29731,,,66,
243280,192.3233,,,0.302116,0.000377766,67,0.393212
243309,192.3417,,,0.393264,0.000377761,67,0.649778
243338,192.3601,,,0.298324,0.000377755,67,0.376233
243367,192.3785,,,0.296666,0.00037775,67,0.559218
243396,192.3969,,,0.244504,0.000377745,67,0.352621
243425,192.4153,,,0.359347,0.00037774,67,0.896506
243454,192.4338,,,0.267046,0.000377734,67,0.373796
243483,192.4522,,,0.261001,0.000377729,67,0.288167
243512,192.4706,,,0.266105,0.000377724,67,0.371212
243541,192.4890,,,0.330763,0.000377719,67,0.480382
243570,192.5074,,,0.272445,0.000377714,67,0.360358
243599,192.5258,,,0.282174,0.000377708,67,0.471973
243628,192.5443,,,0.314291,0.000377703,67,0.49347
243657,192.5627,,,0.333167,0.000377698,67,0.566375
243686,192.5811,,,0.284053,0.000377693,67,0.461743
243715,192.5995,,,0.291702,0.000377687,67,0.46841
243744,192.6179,,,0.341644,0.000377682,67,0.539443
243773,192.6363,,,0.263454,0.000377677,67,0.350865
243802,192.6547,,,0.264057,0.000377672,67,0.311117
243831,192.6731,,,0.335761,0.000377666,67,0.501834
243860,192.6914,,,0.288999,0.000377661,67,0.374349
243889,192.7098,,,0.274562,0.000377656,67,0.488616
243918,192.7282,,,0.353453,0.000377651,67,0.621683
243947,192.7465,,,0.311789,0.000377646,67,0.607629
243976,192.7649,,,0.241876,0.00037764,67,0.272826
244005,192.7833,,,0.305958,0.000377635,67,0.453166
244034,192.8017,,,0.365459,0.00037763,67,0.658655
244063,192.8201,,,0.278744,0.000377625,67,0.391326
244092,192.8386,,,0.350917,0.000377619,67,0.431524
244121,192.8570,,,0.333962,0.000377614,67,0.573445
244150,192.8754,,,0.260823,0.000377609,67,0.265462
244179,192.8938,,,0.286616,0.000377604,67,0.356146
244208,192.9122,,,0.269694,0.000377598,67,0.298586
244237,192.9306,,,0.263633,0.000377593,67,0.299652
244266,192.9490,,,0.317862,0.000377588,67,0.655225
244295,192.9674,,,0.26792,0.000377583,67,0.365827
244324,192.9858,,,0.339734,0.000377577,67,0.635853
244353,193.0042,,,0.301108,0.000377572,67,0.460677
244382,193.0226,,,0.366274,0.000377567,67,0.518273
244411,193.0410,,,0.25993,0.000377562,67,0.939653
244440,193.0595,,,0.263245,0.000377556,67,0.34437
244469,193.0779,,,0.282832,0.000377551,67,0.388115
244498,193.0963,,,0.326346,0.000377546,67,0.391989
244527,193.1147,,,0.307081,0.000377541,67,0.467064
244556,193.1331,,,0.29794,0.000377535,67,0.369801
244585,193.1515,,,0.269058,0.00037753,67,0.470043
244614,193.1700,,,0.273339,0.000377525,67,0.70018
244643,193.1884,,,0.287785,0.00037752,67,0.353044
244672,193.2068,,,0.28031,0.000377514,67,1.05845
244701,193.2252,,,0.295488,0.000377509,67,0.31827
244730,193.2436,,,0.293935,0.000377504,67,0.557221
244759,193.2620,,,0.264534,0.000377499,67,0.374375
244788,193.2804,,,0.286136,0.000377493,67,0.42786
244817,193.2988,,,0.353469,0.000377488,67,0.500399
244846,193.3172,,,0.29579,0.000377483,67,0.476351
244875,193.3356,,,0.271069,0.000377478,67,0.397302
244904,193.3540,,,0.250777,0.000377472,67,0.379764
244933,193.3724,,,0.260376,0.000377467,67,0.338638
244962,193.3908,,,0.301577,0.000377462,67,0.561165
244991,193.4092,,,0.332042,0.000377457,67,0.446277
245020,193.4276,,,0.304975,0.000377451,67,0.604242
245049,193.4460,,,0.300183,0.000377446,67,0.451188
245078,193.4644,,,0.29322,0.000377441,67,0.561607
245107,193.4828,,,0.269251,0.000377436,67,0.49528
245136,193.5013,,,0.331896,0.00037743,67,0.797549
245165,193.5197,,,0.305771,0.000377425,67,0.591119
245194,193.5381,,,0.320749,0.00037742,67,0.448401
245223,193.5565,,,0.315182,0.000377415,67,0.398597
245252,193.5749,,,0.293956,0.000377409,67,0.437072
245281,193.5933,,,0.284805,0.000377404,67,0.400964
245310,193.6117,,,0.346302,0.000377399,67,0.341321
245339,193.6301,,,0.249807,0.000377394,67,0.374108
245368,193.6485,,,0.36669,0.000377388,67,0.827719
245397,193.6669,,,0.264437,0.000377383,67,0.358298
245426,193.6854,,,0.26048,0.000377378,67,0.364114
245455,193.7038,,,0.338038,0.000377373,67,0.765501
245484,193.7222,,,0.324497,0.000377367,67,0.514936
245513,193.7406,,,0.306476,0.000377362,67,0.438118
245542,193.7590,,,0.285651,0.000377357,67,0.432254
245571,193.7774,,,0.378139,0.000377351,67,0.780185
245600,193.7958,,,0.286118,0.000377346,67,0.458972
245629,193.8142,,,0.299536,0.000377341,67,0.771202
245658,193.8326,,,0.274733,0.000377336,67,0.365554
245687,193.8510,,,0.273958,0.00037733,67,0.381409
245716,193.8694,,,0.297294,0.000377325,67,0.585792
245745,193.8877,,,0.300293,0.00037732,67,0.488266
245774,193.9061,,,0.31004,0.000377315,67,0.47224
245803,193.9245,,,0.261518,0.000377309,67,0.302817
245832,193.9429,,,0.262538,0.000377304,67,0.372411
245861,193.9613,,,0.254994,0.000377299,67,0.397707
245890,193.9797,,,0.3035,0.000377293,67,0.566602
245919,193.9981,,,0.299909,0.000377288,67,2.07605
245948,194.0165,,,0.252979,0.000377283,67,0.279596
245977,194.0349,,,0.31949,0.000377278,67,0.585249
246006,194.0533,,,0.27224,0.000377272,67,0.420289
246035,194.0716,,,0.311162,0.000377267,67,0.315353
246064,194.0901,,,0.268041,0.000377262,67,0.29136
246093,194.1085,,,0.281346,0.000377257,67,0.421432
246122,194.1269,,,0.262739,0.000377251,67,0.407862
246151,194.1453,,,0.263026,0.000377246,67,0.333564
246180,194.1637,,,0.31975,0.000377241,67,0.438504
246209,194.1821,,,0.296522,0.000377235,67,0.342137
246238,194.2005,,,0.314027,0.00037723,67,0.39666
246267,194.2189,,,0.307422,0.000377225,67,0.378431
246296,194.2374,,,0.334787,0.00037722,67,0.480502
246325,194.2558,,,0.333571,0.000377214,67,0.368164
246354,194.2742,,,0.294284,0.000377209,67,0.451748
246383,194.2926,,,0.227825,0.000377204,67,0.3772
246412,194.3110,,,0.316102,0.000377198,67,1.53045
246441,194.3294,,,0.282095,0.000377193,67,0.46675
246470,194.3478,,,0.298808,0.000377188,67,0.388129
246499,194.3662,,,0.224225,0.000377183,67,0.323
246528,194.3846,,,0.270119,0.000377177,67,0.288493
246557,194.4031,,,0.365001,0.000377172,67,0.737477
246586,194.4215,,,0.334155,0.000377167,67,0.411871
246615,194.4399,,,0.279319,0.000377161,67,2.46719
246644,194.4583,,,0.305995,0.000377156,67,0.436122
246673,194.4767,,,0.261538,0.000377151,67,0.380661
246702,194.4951,,,0.295137,0.000377146,67,0.330032
246731,194.5136,,,0.303647,0.00037714,67,0.337995
246760,194.5320,,,0.309214,0.000377135,67,0.510973
246789,194.5504,,,0.306427,0.00037713,67,0.420895
246818,194.5688,,,0.287618,0.000377124,67,0.402679
246847,194.5872,,,0.35464,0.000377119,67,0.764804
246876,194.6056,,,0.353857,0.000377114,67,0.574328
246905,194.6241,,,0.312355,0.000377109,67,0.309165
246907,195.1863,0.290968,0.296556,,,67,
246934,195.2040,,,0.270596,0.000377103,68,0.487481
246963,195.2224,,,0.252001,0.000377098,68,0.313994
246992,195.2408,,,0.254412,0.000377093,68,0.313449
247021,195.2592,,,0.243304,0.000377087,68,0.254408
247050,195.2776,,,0.305672,0.000377082,68,0.276804
247079,195.2960,,,0.272266,0.000377077,68,0.320365
247108,195.3144,,,0.341798,0.000377071,68,0.520283
247137,195.3328,,,0.254777,0.000377066,68,0.270609
247166,195.3512,,,0.276848,0.000377061,68,0.4916
247195,195.3696,,,0.300724,0.000377056,68,0.394622
247224,195.3880,,,0.320563,0.00037705,68,0.386953
247253,195.4064,,,0.236069,0.000377045,68,0.310474
247282,195.4248,,,0.270844,0.00037704,68,0.489379
247311,195.4432,,,0.336799,0.000377034,68,0.564131
247340,195.4617,,,0.26048,0.000377029,68,0.307683
247369,195.4801,,,0.251121,0.000377024,68,0.307207
247398,195.4985,,,0.389428,0.000377018,68,0.64334
247427,195.5169,,,0.346965,0.000377013,68,0.656524
247456,195.5353,,,0.382212,0.000377008,68,0.776409
247485,195.5537,,,0.284922,0.000377003,68,0.52387
247514,195.5721,,,0.305568,0.000376997,68,0.289877
247543,195.5905,,,0.338238,0.000376992,68,0.627808
247572,195.6089,,,0.337978,0.000376987,68,0.656477
247601,195.6274,,,0.288636,0.000376981,68,0.296604
247630,195.6458,,,0.279094,0.000376976,68,0.306737
247659,195.6642,,,0.278986,0.000376971,68,0.455095
247688,195.6826,,,0.351625,0.000376965,68,0.790095
247717,195.7010,,,0.272236,0.00037696,68,0.396883
247746,195.7195,,,0.263346,0.000376955,68,0.641266
247775,195.7379,,,0.327158,0.000376949,68,0.466268
247804,195.7563,,,0.253816,0.000376944,68,0.301608
247833,195.7747,,,0.301556,0.000376939,68,0.584303
247862,195.7931,,,0.280073,0.000376934,68,0.340089
247891,195.8115,,,0.287346,0.000376928,68,0.422189
247920,195.8300,,,0.338418,0.000376923,68,0.507343
247949,195.8484,,,0.293591,0.000376918,68,0.391133
247978,195.8668,,,0.300669,0.000376912,68,0.433035
248007,195.8852,,,0.300439,0.000376907,68,0.487142
248036,195.9036,,,0.299569,0.000376902,68,0.543827
248065,195.9220,,,0.358419,0.000376896,68,1.89708
248094,195.9404,,,0.309352,0.000376891,68,0.534323
248123,195.9589,,,0.304553,0.000376886,68,0.426857
248152,195.9773,,,0.262364,0.00037688,68,0.379388
248181,195.9957,,,0.279321,0.000376875,68,0.415412
248210,196.0141,,,0.338634,0.00037687,68,0.732051
248239,196.0325,,,0.293486,0.000376864,68,0.537726
248268,196.0509,,,0.27054,0.000376859,68,0.421855
248297,196.0693,,,0.281327,0.000376854,68,0.3244
248326,196.0878,,,0.337312,0.000376848,68,0.586663
248355,196.1062,,,0.263119,0.000376843,68,0.390892
248384,196.1246,,,0.329289,0.000376838,68,0.761322
248413,196.1430,,,0.281816,0.000376832,68,0.506688
248442,196.1614,,,0.331857,0.000376827,68,0.504996
248471,196.1799,,,0.331665,0.000376822,68,0.509353
248500,196.1983,,,0.344925,0.000376817,68,0.460367
248529,196.2167,,,0.218391,0.000376811,68,0.330684
248558,196.2351,,,0.263809,0.000376806,68,0.477067
248587,196.2535,,,0.280836,0.000376801,68,0.338757
248616,196.2719,,,0.249558,0.000376795,68,0.429706
248645,196.2904,,,0.313729,0.00037679,68,0.714683
248674,196.3088,,,0.301518,0.000376785,68,0.518644
248703,196.3272,,,0.251577,0.000376779,68,0.309712
248732,196.3456,,,0.321727,0.000376774,68,0.575372
248761,196.3640,,,0.342197,0.000376769,68,0.522059
248790,196.3824,,,0.33838,0.000376763,68,0.511339
248819,196.4009,,,0.319627,0.000376758,68,1.24006
248848,196.4193,,,0.240359,0.000376753,68,0.359291
248877,196.4377,,,0.287029,0.000376747,68,0.440352
248906,196.4561,,,0.341164,0.000376742,68,0.508363
248935,196.4745,,,0.273698,0.000376737,68,0.369454
248964,196.4929,,,0.344335,0.000376731,68,0.471429
248993,196.5113,,,0.290861,0.000376726,68,0.419227
249022,196.5297,,,0.285125,0.000376721,68,0.484476
249051,196.5481,,,0.321836,0.000376715,68,0.392791
249080,196.5666,,,0.32589,0.00037671,68,0.430869
249109,196.5850,,,0.264777,0.000376705,68,0.499789
249138,196.6034,,,0.30984,0.000376699,68,0.295268
249167,196.6218,,,0.332047,0.000376694,68,1.2641
249196,196.6402,,,0.271667,0.000376689,68,0.415913
249225,196.6586,,,0.286756,0.000376683,68,0.43223
249254,196.6771,,,0.288997,0.000376678,68,0.440849
249283,196.6955,,,0.27282,0.000376673,68,0.396832
249312,196.7139,,,0.264802,0.000376667,68,0.322103
249341,196.7323,,,0.309198,0.000376662,68,0.497416
249370,196.7507,,,0.322025,0.000376657,68,0.436701
249399,196.7691,,,0.285727,0.000376651,68,0.375904
249428,196.7876,,,0.316365,0.000376646,68,0.347115
249457,196.8060,,,0.287388,0.00037664,68,0.378551
249486,196.8244,,,0.317233,0.000376635,68,0.575729
249515,196.8428,,,0.360887,0.00037663,68,0.523147
249544,196.8612,,,0.306257,0.000376624,68,0.34026
249573,196.8797,,,0.350165,0.000376619,68,0.541882
249602,196.8981,,,0.29159,0.000376614,68,0.363647
249631,196.9166,,,0.285093,0.000376608,68,0.437093
249660,196.9350,,,0.270563,0.000376603,68,0.528848
249689,196.9534,,,0.264108,0.000376598,68,0.391015
249718,196.9718,,,0.298184,0.000376592,68,0.513983
249747,196.9902,,,0.288765,0.000376587,68,0.404556
249776,197.0086,,,0.265821,0.000376582,68,0.369056
249805,197.0270,,,0.301016,0.000376576,68,0.426733
249834,197.0455,,,0.339448,0.000376571,68,0.449259
249863,197.0638,,,0.285445,0.000376566,68,0.515065
249892,197.0823,,,0.260304,0.00037656,68,0.320891
249921,197.1007,,,0.292089,0.000376555,68,0.363477
249950,197.1191,,,0.372756,0.00037655,68,0.372917
249979,197.1375,,,0.237174,0.000376544,68,0.41174
250008,197.1559,,,0.283936,0.000376539,68,0.492078
250037,197.1743,,,0.287048,0.000376533,68,1.04909
250066,197.1927,,,0.270857,0.000376528,68,0.365986
250095,197.2111,,,0.275811,0.000376523,68,0.609066
250124,197.2295,,,0.281008,0.000376517,68,0.553001
250153,197.2479,,,0.263893,0.000376512,68,0.381699
250182,197.2663,,,0.252633,0.000376507,68,0.324117
250211,197.2848,,,0.304906,0.000376501,68,0.41877
250240,197.3032,,,0.238851,0.000376496,68,0.468493
250269,197.3216,,,0.288866,0.000376491,68,0.374911
250298,197.3400,,,0.268811,0.000376485,68,0.290971
250327,197.3584,,,0.253768,0.00037648,68,0.387023
250356,197.3768,,,0.343139,0.000376475,68,0.546323
250385,197.3953,,,0.354894,0.000376469,68,0.389637
250414,197.4137,,,0.307067,0.000376464,68,0.757809
250443,197.4321,,,0.322994,0.000376458,68,0.441138
250472,197.4505,,,0.325147,0.000376453,68,0.506761
250501,197.4689,,,0.311229,0.000376448,68,0.489612
250530,197.4873,,,0.324904,0.000376442,68,0.391703
250538,198.0533,0.291197,0.295312,,,68,
250559,198.0671,,,0.295766,0.000376437,69,0.490192
250588,198.0855,,,0.335048,0.000376432,69,0.492527
250617,198.1040,,,0.371284,0.000376426,69,0.641927
250646,198.1224,,,0.315139,0.000376421,69,0.397491
250675,198.1408,,,0.291666,0.000376415,69,0.412417
250704,198.1592,,,0.280644,0.00037641,69,0.354462
250733,198.1776,,,0.316577,0.000376405,69,0.473139
250762,198.1960,,,0.271006,0.000376399,69,0.349818
250791,198.2145,,,0.272242,0.000376394,69,0.329241
250820,198.2329,,,0.281853,0.000376389,69,0.466521
250849,198.2513,,,0.270266,0.000376383,69,0.318115
250878,198.2697,,,0.290782,0.000376378,69,0.320939
250907,198.2881,,,0.33777,0.000376373,69,0.547384
250936,198.3065,,,0.291615,0.000376367,69,0.495714
250965,198.3250,,,0.295466,0.000376362,69,0.344326
250994,198.3434,,,0.353814,0.000376356,69,0.397698
251023,198.3618,,,0.253101,0.000376351,69,0.498308
251052,198.3802,,,0.301779,0.000376346,69,0.563049
251081,198.3986,,,0.260991,0.00037634,69,0.29293
251110,198.4170,,,0.236287,0.000376335,69,0.422763
251139,198.4354,,,0.34162,0.00037633,69,0.522894
251168,198.4538,,,0.27645,0.000376324,69,0.429418
251197,198.4722,,,0.27778,0.000376319,69,0.352653
251226,198.4906,,,0.271429,0.000376313,69,0.290929
251255,198.5091,,,0.28129,0.000376308,69,0.797216
251284,198.5275,,,0.300062,0.000376303,69,0.419901
251313,198.5459,,,0.295012,0.000376297,69,0.406021
251342,198.5643,,,0.308003,0.000376292,69,0.473656
251371,198.5827,,,0.310604,0.000376286,69,0.414004
251400,198.6011,,,0.283626,0.000376281,69,0.27587
251429,198.6195,,,0.294315,0.000376276,69,0.386283
251458,198.6380,,,0.317201,0.00037627,69,0.368457
251487,198.6564,,,0.375458,0.000376265,69,0.522165
251516,198.6748,,,0.298652,0.00037626,69,0.535996
251545,198.6932,,,0.294381,0.000376254,69,0.355709
251574,198.7116,,,0.355181,0.000376249,69,0.469124
251603,198.7300,,,0.312658,0.000376243,69,0.430302
251632,198.7484,,,0.335001,0.000376238,69,0.474253
251661,198.7668,,,0.282876,0.000376233,69,0.339046
251690,198.7852,,,0.280568,0.000376227,69,0.490504
251719,198.8037,,,0.320521,0.000376222,69,0.513776
251748,198.8221,,,0.293923,0.000376216,69,0.280442
251777,198.8405,,,0.317982,0.000376211,69,0.764878
251806,198.8589,,,0.375026,0.000376206,69,0.591055
251835,198.8773,,,0.26475,0.0003762,69,0.28797
251864,198.8957,,,0.276534,0.000376195,69,0.374322
251893,198.9142,,,0.279975,0.00037619,69,0.368285
251922,198.9326,,,0.309952,0.000376184,69,0.647918
251951,198.9510,,,0.22794,0.000376179,69,0.377588
251980,198.9694,,,0.296706,0.000376173,69,0.288187
252009,198.9878,,,0.283859,0.000376168,69,0.459091
252038,199.0062,,,0.304186,0.000376163,69,0.470377
252067,199.0247,,,0.278974,0.000376157,69,0.34217
252096,199.0431,,,0.257322,0.000376152,69,0.385186
252125,199.0615,,,0.278926,0.000376146,69,0.388818
252154,199.0799,,,0.287515,0.000376141,69,0.561152
252160,199.6448,0.292844,0.295404,0.330263,,69,0.487848
